-- MySQL dump 10.13  Distrib 5.5.29, for debian-linux-gnu (i686)
--
-- Host: localhost    Database: boundless-cart
-- ------------------------------------------------------
-- Server version	5.5.29-0ubuntu0.12.10.1

/*!40101 SET @OLD_CHARACTER_SET_CLIENT=@@CHARACTER_SET_CLIENT */;
/*!40101 SET @OLD_CHARACTER_SET_RESULTS=@@CHARACTER_SET_RESULTS */;
/*!40101 SET @OLD_COLLATION_CONNECTION=@@COLLATION_CONNECTION */;
/*!40101 SET NAMES utf8 */;
/*!40103 SET @OLD_TIME_ZONE=@@TIME_ZONE */;
/*!40103 SET TIME_ZONE='+00:00' */;
/*!40014 SET @OLD_UNIQUE_CHECKS=@@UNIQUE_CHECKS, UNIQUE_CHECKS=0 */;
/*!40014 SET @OLD_FOREIGN_KEY_CHECKS=@@FOREIGN_KEY_CHECKS, FOREIGN_KEY_CHECKS=0 */;
/*!40101 SET @OLD_SQL_MODE=@@SQL_MODE, SQL_MODE='NO_AUTO_VALUE_ON_ZERO' */;
/*!40111 SET @OLD_SQL_NOTES=@@SQL_NOTES, SQL_NOTES=0 */;

--
-- Table structure for table `address`
--

DROP TABLE IF EXISTS `address`;
/*!40101 SET @saved_cs_client     = @@character_set_client */;
/*!40101 SET character_set_client = utf8 */;
CREATE TABLE `address` (
  `address_id` int(11) NOT NULL AUTO_INCREMENT,
  `customer_id` int(11) NOT NULL,
  `firstname` varchar(32) COLLATE utf8_bin NOT NULL DEFAULT '',
  `lastname` varchar(32) COLLATE utf8_bin NOT NULL DEFAULT '',
  `company` varchar(32) COLLATE utf8_bin NOT NULL,
  `company_id` varchar(32) COLLATE utf8_bin NOT NULL,
  `tax_id` varchar(32) COLLATE utf8_bin NOT NULL,
  `address_1` varchar(128) COLLATE utf8_bin NOT NULL,
  `address_2` varchar(128) COLLATE utf8_bin NOT NULL,
  `city` varchar(128) COLLATE utf8_bin NOT NULL,
  `postcode` varchar(10) COLLATE utf8_bin NOT NULL,
  `country_id` int(11) NOT NULL DEFAULT '0',
  `zone_id` int(11) NOT NULL DEFAULT '0',
  PRIMARY KEY (`address_id`),
  KEY `customer_id` (`customer_id`)
) ENGINE=MyISAM AUTO_INCREMENT=20 DEFAULT CHARSET=utf8 COLLATE=utf8_bin;
/*!40101 SET character_set_client = @saved_cs_client */;

--
-- Dumping data for table `address`
--

LOCK TABLES `address` WRITE;
/*!40000 ALTER TABLE `address` DISABLE KEYS */;
INSERT INTO `address` VALUES (1,1,'Antonio','Villella','','','','38 russell square','','brighton','bn1 2qe',222,3545),(2,2,'Antonio','Villella','','','','38 russell square','','brighton','bn1 2qe',222,3545),(3,3,'Antonio','Villella','','','','38 russell square','','brighton','bn1 2qe',222,3545),(4,4,'Antonio','Villella','','','','38 russell square','','brighton','bn1 2qe',222,3545),(5,5,'Antonio','Villella','','','','38 russell square','','brighton','bn1 2qe',222,3545),(6,6,'Antonio','Villella','','','','38 russell square','','brighton','bn1 2qe',222,3545),(7,7,'Antonio','Villella','','','','38 russell square','','brighton','bn1 2qe',222,3545),(8,8,'Antonio','Villella','','','','38 russell square','','brighton','bn1 2qe',222,3517),(9,9,'Antonio','Villella','','','','38 russell square','','brighton','bn1 2qe',222,3528),(10,10,'Antonio','Villella','','','','38 russell square','','brighton','bn1 2qe',222,3528),(11,11,'Antonio','Villella','','','','38 russell square','','brighton','bn1 2qe',222,3527),(12,12,'Antonio','Villella','','','','38 russell square','','brighton','bn1 2qe',222,3528),(13,13,'Antonio','Villella','','','','38 russell square','','brighton','bn1 2qe',222,3583),(14,14,'Antonio','Villella','','','','38 russell square','','brighton','bn1 2qe',222,3527),(15,15,'Antonio','Villella','','','','38 russell square','','brighton','bn1 2qe',222,3527),(16,16,'Antonio','Villella','','','','38 russell square','','brighton','bn1 2qe',222,3528),(17,17,'francesco','michele','','','16515','middle street','','brighton','bn1',222,3545),(18,18,'Antonio','Villella','','','6160680','38 russell square','','brighton','bn1',222,3545),(19,19,'Mark','Horton','','','','1 The Street','','Brighton','BN1 1AL',222,3545);
/*!40000 ALTER TABLE `address` ENABLE KEYS */;
UNLOCK TABLES;

--
-- Table structure for table `advanced_coupon`
--

DROP TABLE IF EXISTS `advanced_coupon`;
/*!40101 SET @saved_cs_client     = @@character_set_client */;
/*!40101 SET character_set_client = utf8 */;
CREATE TABLE `advanced_coupon` (
  `advanced_coupon_id` int(11) NOT NULL AUTO_INCREMENT,
  `name` varchar(64) NOT NULL,
  `code` varchar(32) NOT NULL,
  `options` text NOT NULL,
  `date_start` date NOT NULL,
  `date_end` date NOT NULL,
  `status` int(11) NOT NULL,
  `date_added` date NOT NULL,
  PRIMARY KEY (`advanced_coupon_id`),
  UNIQUE KEY `name` (`code`)
) ENGINE=MyISAM AUTO_INCREMENT=7 DEFAULT CHARSET=utf8;
/*!40101 SET character_set_client = @saved_cs_client */;

--
-- Dumping data for table `advanced_coupon`
--

LOCK TABLES `advanced_coupon` WRITE;
/*!40000 ALTER TABLE `advanced_coupon` DISABLE KEYS */;
INSERT INTO `advanced_coupon` VALUES (2,'$10 Off','GET10','a:21:{s:4:\"type\";s:1:\"F\";s:8:\"discount\";s:2:\"10\";s:13:\"quantity_type\";s:1:\"P\";s:13:\"quantity_sale\";s:1:\"0\";s:12:\"quantity_buy\";s:1:\"0\";s:14:\"quantity_total\";s:1:\"0\";s:5:\"total\";s:1:\"0\";s:6:\"logged\";s:1:\"0\";s:8:\"shipping\";s:1:\"0\";s:14:\"coupon_combine\";s:1:\"0\";s:10:\"uses_total\";s:3:\"100\";s:13:\"uses_customer\";s:3:\"100\";s:15:\"special_combine\";s:1:\"1\";s:16:\"discount_combine\";s:1:\"1\";s:7:\"product\";a:0:{}s:11:\"product_buy\";a:0:{}s:5:\"store\";a:1:{i:0;s:1:\"0\";}s:14:\"customer_group\";a:2:{i:0;s:1:\"8\";i:1;s:1:\"6\";}s:8:\"currency\";a:3:{i:0;s:1:\"3\";i:1;s:1:\"1\";i:2;s:1:\"2\";}s:8:\"language\";a:1:{i:0;s:1:\"1\";}s:3:\"day\";a:7:{i:0;s:6:\"Monday\";i:1;s:7:\"Tuesday\";i:2;s:9:\"Wednesday\";i:3;s:8:\"Thursday\";i:4;s:6:\"Friday\";i:5;s:8:\"Saturday\";i:6;s:6:\"Sunday\";}}','2012-06-01','2012-08-16',0,'2012-06-04'),(3,'10% Off','GET10P','a:21:{s:4:\"type\";s:1:\"P\";s:8:\"discount\";s:2:\"10\";s:13:\"quantity_type\";s:1:\"P\";s:13:\"quantity_sale\";s:1:\"0\";s:12:\"quantity_buy\";s:1:\"0\";s:14:\"quantity_total\";s:1:\"0\";s:5:\"total\";s:1:\"0\";s:6:\"logged\";s:1:\"0\";s:8:\"shipping\";s:1:\"0\";s:14:\"coupon_combine\";s:1:\"0\";s:10:\"uses_total\";s:3:\"100\";s:13:\"uses_customer\";s:3:\"100\";s:15:\"special_combine\";s:1:\"1\";s:16:\"discount_combine\";s:1:\"1\";s:7:\"product\";a:0:{}s:11:\"product_buy\";a:0:{}s:5:\"store\";a:1:{i:0;s:1:\"0\";}s:14:\"customer_group\";a:2:{i:0;s:1:\"8\";i:1;s:1:\"6\";}s:8:\"currency\";a:3:{i:0;s:1:\"3\";i:1;s:1:\"1\";i:2;s:1:\"2\";}s:8:\"language\";a:1:{i:0;s:1:\"1\";}s:3:\"day\";a:7:{i:0;s:6:\"Monday\";i:1;s:7:\"Tuesday\";i:2;s:9:\"Wednesday\";i:3;s:8:\"Thursday\";i:4;s:6:\"Friday\";i:5;s:8:\"Saturday\";i:6;s:6:\"Sunday\";}}','2012-06-01','2012-11-29',0,'2012-06-04'),(4,'Buy One Get One Free','BOGOF','a:21:{s:4:\"type\";s:1:\"P\";s:8:\"discount\";s:3:\"100\";s:13:\"quantity_type\";s:1:\"P\";s:13:\"quantity_sale\";s:1:\"1\";s:12:\"quantity_buy\";s:1:\"1\";s:14:\"quantity_total\";s:1:\"0\";s:5:\"total\";s:1:\"0\";s:6:\"logged\";s:1:\"0\";s:8:\"shipping\";s:1:\"0\";s:14:\"coupon_combine\";s:1:\"0\";s:10:\"uses_total\";s:3:\"100\";s:13:\"uses_customer\";s:3:\"100\";s:15:\"special_combine\";s:1:\"1\";s:16:\"discount_combine\";s:1:\"1\";s:7:\"product\";a:0:{}s:11:\"product_buy\";a:0:{}s:5:\"store\";a:1:{i:0;s:1:\"0\";}s:14:\"customer_group\";a:2:{i:0;s:1:\"8\";i:1;s:1:\"6\";}s:8:\"currency\";a:3:{i:0;s:1:\"3\";i:1;s:1:\"1\";i:2;s:1:\"2\";}s:8:\"language\";a:1:{i:0;s:1:\"1\";}s:3:\"day\";a:7:{i:0;s:6:\"Monday\";i:1;s:7:\"Tuesday\";i:2;s:9:\"Wednesday\";i:3;s:8:\"Thursday\";i:4;s:6:\"Friday\";i:5;s:8:\"Saturday\";i:6;s:6:\"Sunday\";}}','2012-06-01','2013-02-21',0,'2012-06-04'),(6,'Buy Two Get One Free ','BTGOF','a:21:{s:4:\"type\";s:1:\"P\";s:8:\"discount\";s:3:\"100\";s:13:\"quantity_type\";s:1:\"P\";s:13:\"quantity_sale\";s:1:\"1\";s:12:\"quantity_buy\";s:1:\"2\";s:14:\"quantity_total\";s:1:\"0\";s:5:\"total\";s:1:\"0\";s:6:\"logged\";s:1:\"0\";s:8:\"shipping\";s:1:\"0\";s:14:\"coupon_combine\";s:1:\"0\";s:10:\"uses_total\";s:3:\"100\";s:13:\"uses_customer\";s:3:\"100\";s:15:\"special_combine\";s:1:\"1\";s:16:\"discount_combine\";s:1:\"1\";s:7:\"product\";a:0:{}s:11:\"product_buy\";a:0:{}s:5:\"store\";a:1:{i:0;s:1:\"0\";}s:14:\"customer_group\";a:2:{i:0;s:1:\"8\";i:1;s:1:\"6\";}s:8:\"currency\";a:3:{i:0;s:1:\"3\";i:1;s:1:\"1\";i:2;s:1:\"2\";}s:8:\"language\";a:1:{i:0;s:1:\"1\";}s:3:\"day\";a:7:{i:0;s:6:\"Monday\";i:1;s:7:\"Tuesday\";i:2;s:9:\"Wednesday\";i:3;s:8:\"Thursday\";i:4;s:6:\"Friday\";i:5;s:8:\"Saturday\";i:6;s:6:\"Sunday\";}}','2012-06-01','2013-05-29',0,'2012-06-04');
/*!40000 ALTER TABLE `advanced_coupon` ENABLE KEYS */;
UNLOCK TABLES;

--
-- Table structure for table `advanced_coupon_history`
--

DROP TABLE IF EXISTS `advanced_coupon_history`;
/*!40101 SET @saved_cs_client     = @@character_set_client */;
/*!40101 SET character_set_client = utf8 */;
CREATE TABLE `advanced_coupon_history` (
  `advanced_coupon_history_id` int(11) NOT NULL AUTO_INCREMENT,
  `advanced_coupon_id` int(11) NOT NULL,
  `order_id` int(11) NOT NULL,
  `customer_id` int(11) NOT NULL,
  `amount` decimal(15,4) NOT NULL,
  `date_added` datetime NOT NULL,
  PRIMARY KEY (`advanced_coupon_history_id`)
) ENGINE=MyISAM DEFAULT CHARSET=utf8;
/*!40101 SET character_set_client = @saved_cs_client */;

--
-- Dumping data for table `advanced_coupon_history`
--

LOCK TABLES `advanced_coupon_history` WRITE;
/*!40000 ALTER TABLE `advanced_coupon_history` DISABLE KEYS */;
/*!40000 ALTER TABLE `advanced_coupon_history` ENABLE KEYS */;
UNLOCK TABLES;

--
-- Table structure for table `affiliate`
--

DROP TABLE IF EXISTS `affiliate`;
/*!40101 SET @saved_cs_client     = @@character_set_client */;
/*!40101 SET character_set_client = utf8 */;
CREATE TABLE `affiliate` (
  `affiliate_id` int(11) NOT NULL AUTO_INCREMENT,
  `firstname` varchar(32) COLLATE utf8_bin NOT NULL DEFAULT '',
  `lastname` varchar(32) COLLATE utf8_bin NOT NULL DEFAULT '',
  `email` varchar(96) COLLATE utf8_bin NOT NULL DEFAULT '',
  `telephone` varchar(32) COLLATE utf8_bin NOT NULL DEFAULT '',
  `fax` varchar(32) COLLATE utf8_bin NOT NULL DEFAULT '',
  `password` varchar(40) COLLATE utf8_bin NOT NULL DEFAULT '',
  `salt` varchar(9) COLLATE utf8_bin NOT NULL DEFAULT '',
  `company` varchar(32) COLLATE utf8_bin NOT NULL,
  `website` varchar(255) COLLATE utf8_bin NOT NULL,
  `address_1` varchar(128) COLLATE utf8_bin NOT NULL DEFAULT '',
  `address_2` varchar(128) COLLATE utf8_bin NOT NULL,
  `city` varchar(128) COLLATE utf8_bin NOT NULL DEFAULT '',
  `postcode` varchar(10) COLLATE utf8_bin NOT NULL DEFAULT '',
  `country_id` int(11) NOT NULL,
  `zone_id` int(11) NOT NULL,
  `code` varchar(64) COLLATE utf8_bin NOT NULL,
  `commission` decimal(4,2) NOT NULL DEFAULT '0.00',
  `tax` varchar(64) COLLATE utf8_bin NOT NULL,
  `payment` varchar(6) COLLATE utf8_bin NOT NULL,
  `cheque` varchar(100) COLLATE utf8_bin NOT NULL DEFAULT '',
  `paypal` varchar(64) COLLATE utf8_bin NOT NULL DEFAULT '',
  `bank_name` varchar(64) COLLATE utf8_bin NOT NULL DEFAULT '',
  `bank_branch_number` varchar(64) COLLATE utf8_bin NOT NULL DEFAULT '',
  `bank_swift_code` varchar(64) COLLATE utf8_bin NOT NULL DEFAULT '',
  `bank_account_name` varchar(64) COLLATE utf8_bin NOT NULL DEFAULT '',
  `bank_account_number` varchar(64) COLLATE utf8_bin NOT NULL DEFAULT '',
  `ip` varchar(40) COLLATE utf8_bin NOT NULL,
  `status` tinyint(1) NOT NULL,
  `approved` tinyint(1) NOT NULL,
  `date_added` datetime NOT NULL,
  PRIMARY KEY (`affiliate_id`)
) ENGINE=MyISAM DEFAULT CHARSET=utf8 COLLATE=utf8_bin;
/*!40101 SET character_set_client = @saved_cs_client */;

--
-- Dumping data for table `affiliate`
--

LOCK TABLES `affiliate` WRITE;
/*!40000 ALTER TABLE `affiliate` DISABLE KEYS */;
/*!40000 ALTER TABLE `affiliate` ENABLE KEYS */;
UNLOCK TABLES;

--
-- Table structure for table `affiliate_transaction`
--

DROP TABLE IF EXISTS `affiliate_transaction`;
/*!40101 SET @saved_cs_client     = @@character_set_client */;
/*!40101 SET character_set_client = utf8 */;
CREATE TABLE `affiliate_transaction` (
  `affiliate_transaction_id` int(11) NOT NULL AUTO_INCREMENT,
  `affiliate_id` int(11) NOT NULL,
  `order_id` int(11) NOT NULL,
  `description` text COLLATE utf8_bin NOT NULL,
  `amount` decimal(15,4) NOT NULL,
  `date_added` datetime NOT NULL,
  PRIMARY KEY (`affiliate_transaction_id`)
) ENGINE=MyISAM DEFAULT CHARSET=utf8 COLLATE=utf8_bin;
/*!40101 SET character_set_client = @saved_cs_client */;

--
-- Dumping data for table `affiliate_transaction`
--

LOCK TABLES `affiliate_transaction` WRITE;
/*!40000 ALTER TABLE `affiliate_transaction` DISABLE KEYS */;
/*!40000 ALTER TABLE `affiliate_transaction` ENABLE KEYS */;
UNLOCK TABLES;

--
-- Table structure for table `attribute`
--

DROP TABLE IF EXISTS `attribute`;
/*!40101 SET @saved_cs_client     = @@character_set_client */;
/*!40101 SET character_set_client = utf8 */;
CREATE TABLE `attribute` (
  `attribute_id` int(11) NOT NULL AUTO_INCREMENT,
  `attribute_group_id` int(11) NOT NULL,
  `sort_order` int(3) NOT NULL,
  PRIMARY KEY (`attribute_id`)
) ENGINE=MyISAM AUTO_INCREMENT=34 DEFAULT CHARSET=utf8 COLLATE=utf8_bin;
/*!40101 SET character_set_client = @saved_cs_client */;

--
-- Dumping data for table `attribute`
--

LOCK TABLES `attribute` WRITE;
/*!40000 ALTER TABLE `attribute` DISABLE KEYS */;
INSERT INTO `attribute` VALUES (18,7,0),(17,7,0),(19,7,1),(16,4,2),(15,4,1),(12,4,0),(13,4,4),(14,4,5),(20,8,0),(21,4,0),(24,10,0),(26,10,1),(27,10,0),(28,14,0),(29,13,0),(30,14,0),(33,14,0);
/*!40000 ALTER TABLE `attribute` ENABLE KEYS */;
UNLOCK TABLES;

--
-- Table structure for table `attribute_description`
--

DROP TABLE IF EXISTS `attribute_description`;
/*!40101 SET @saved_cs_client     = @@character_set_client */;
/*!40101 SET character_set_client = utf8 */;
CREATE TABLE `attribute_description` (
  `attribute_id` int(11) NOT NULL,
  `language_id` int(11) NOT NULL,
  `name` varchar(64) COLLATE utf8_bin NOT NULL,
  PRIMARY KEY (`attribute_id`,`language_id`)
) ENGINE=MyISAM DEFAULT CHARSET=utf8 COLLATE=utf8_bin;
/*!40101 SET character_set_client = @saved_cs_client */;

--
-- Dumping data for table `attribute_description`
--

LOCK TABLES `attribute_description` WRITE;
/*!40000 ALTER TABLE `attribute_description` DISABLE KEYS */;
INSERT INTO `attribute_description` VALUES (18,1,'Fabric'),(17,1,'Size guide'),(16,1,'Finish'),(15,1,'Palate'),(19,1,'Returns'),(12,1,'Tasting Notes'),(13,1,'Availability'),(14,1,'Region'),(20,1,'Delivery'),(21,1,'Nose'),(26,1,'Collection'),(24,1,'Product'),(27,1,'Kitchen'),(28,1,'Thermal Rating'),(29,1,'Sizing Guide'),(30,1,'Type'),(33,1,'Gender');
/*!40000 ALTER TABLE `attribute_description` ENABLE KEYS */;
UNLOCK TABLES;

--
-- Table structure for table `attribute_group`
--

DROP TABLE IF EXISTS `attribute_group`;
/*!40101 SET @saved_cs_client     = @@character_set_client */;
/*!40101 SET character_set_client = utf8 */;
CREATE TABLE `attribute_group` (
  `attribute_group_id` int(11) NOT NULL AUTO_INCREMENT,
  `sort_order` int(3) NOT NULL,
  PRIMARY KEY (`attribute_group_id`)
) ENGINE=MyISAM AUTO_INCREMENT=15 DEFAULT CHARSET=utf8 COLLATE=utf8_bin;
/*!40101 SET character_set_client = @saved_cs_client */;

--
-- Dumping data for table `attribute_group`
--

LOCK TABLES `attribute_group` WRITE;
/*!40000 ALTER TABLE `attribute_group` DISABLE KEYS */;
INSERT INTO `attribute_group` VALUES (3,2),(4,1),(5,3),(6,4),(7,0),(8,0),(10,0),(11,0),(12,0),(13,1),(14,0);
/*!40000 ALTER TABLE `attribute_group` ENABLE KEYS */;
UNLOCK TABLES;

--
-- Table structure for table `attribute_group_description`
--

DROP TABLE IF EXISTS `attribute_group_description`;
/*!40101 SET @saved_cs_client     = @@character_set_client */;
/*!40101 SET character_set_client = utf8 */;
CREATE TABLE `attribute_group_description` (
  `attribute_group_id` int(11) NOT NULL,
  `language_id` int(11) NOT NULL,
  `name` varchar(64) COLLATE utf8_bin NOT NULL,
  PRIMARY KEY (`attribute_group_id`,`language_id`)
) ENGINE=MyISAM DEFAULT CHARSET=utf8 COLLATE=utf8_bin;
/*!40101 SET character_set_client = @saved_cs_client */;

--
-- Dumping data for table `attribute_group_description`
--

LOCK TABLES `attribute_group_description` WRITE;
/*!40000 ALTER TABLE `attribute_group_description` DISABLE KEYS */;
INSERT INTO `attribute_group_description` VALUES (3,1,'Memory'),(4,1,'General'),(5,1,'Motherboard'),(6,1,'Processor'),(7,1,'Details clothes'),(8,1,'Delivery &amp; Returns'),(10,1,'Papillon'),(11,1,'Collection'),(12,1,'Technology'),(13,1,'Sizing-Guide'),(14,1,'Filter');
/*!40000 ALTER TABLE `attribute_group_description` ENABLE KEYS */;
UNLOCK TABLES;

--
-- Table structure for table `banner`
--

DROP TABLE IF EXISTS `banner`;
/*!40101 SET @saved_cs_client     = @@character_set_client */;
/*!40101 SET character_set_client = utf8 */;
CREATE TABLE `banner` (
  `banner_id` int(11) NOT NULL AUTO_INCREMENT,
  `name` varchar(64) COLLATE utf8_bin NOT NULL,
  `status` tinyint(1) NOT NULL,
  PRIMARY KEY (`banner_id`)
) ENGINE=MyISAM AUTO_INCREMENT=32 DEFAULT CHARSET=utf8 COLLATE=utf8_bin;
/*!40101 SET character_set_client = @saved_cs_client */;

--
-- Dumping data for table `banner`
--

LOCK TABLES `banner` WRITE;
/*!40000 ALTER TABLE `banner` DISABLE KEYS */;
INSERT INTO `banner` VALUES (6,'HP Products',1),(7,'Whisky Tasting banner',1),(8,'Manufacturers',0),(11,'Asquith banner',1),(12,'Shop The Look',1),(13,'Yoga &amp; Pilates Clothing',1),(14,'Authentic Collection',1),(15,'Loungewear',1),(16,'Festive Fridays',1),(17,'Christmas giveaway',1),(18,'Pavillon Home Slideshow',1),(25,'Samsung galaxy',1),(21,'Pavillon Fragrance',1),(24,'Banner_siaboutique',1),(26,'sealskinz_banner',1),(27,'Sealskinz Hats',1),(31,'Contact Sealskinz',1);
/*!40000 ALTER TABLE `banner` ENABLE KEYS */;
UNLOCK TABLES;

--
-- Table structure for table `banner_image`
--

DROP TABLE IF EXISTS `banner_image`;
/*!40101 SET @saved_cs_client     = @@character_set_client */;
/*!40101 SET character_set_client = utf8 */;
CREATE TABLE `banner_image` (
  `banner_image_id` int(11) NOT NULL AUTO_INCREMENT,
  `banner_id` int(11) NOT NULL,
  `link` varchar(255) COLLATE utf8_bin NOT NULL,
  `image` varchar(255) COLLATE utf8_bin NOT NULL,
  PRIMARY KEY (`banner_image_id`)
) ENGINE=MyISAM AUTO_INCREMENT=261 DEFAULT CHARSET=utf8 COLLATE=utf8_bin;
/*!40101 SET character_set_client = @saved_cs_client */;

--
-- Dumping data for table `banner_image`
--

LOCK TABLES `banner_image` WRITE;
/*!40000 ALTER TABLE `banner_image` DISABLE KEYS */;
INSERT INTO `banner_image` VALUES (105,6,'index.php?route=product/manufacturer/info&amp;manufacturer_id=7','data/demo/hp_banner.jpg'),(104,8,'index.php?route=product/manufacturer/info&amp;manufacturer_id=7','data/demo/hp_logo.jpg'),(100,8,'index.php?route=product/manufacturer/info&amp;manufacturer_id=10','data/demo/sony_logo.jpg'),(102,8,'index.php?route=product/manufacturer/info&amp;manufacturer_id=5','data/demo/htc_logo.jpg'),(103,8,'index.php?route=product/manufacturer/info&amp;manufacturer_id=9','data/demo/canon_logo.jpg'),(101,8,'index.php?route=product/manufacturer/info&amp;manufacturer_id=8','data/demo/apple_logo.jpg'),(99,8,'index.php?route=product/manufacturer/info&amp;manufacturer_id=6','data/demo/palm_logo.jpg'),(140,11,'index.php?route=common/home','data/asquithlondon/cache/data/home-page-image-5-757x413.jpg'),(202,7,'http://whisky.local/index.php?route=product/category&amp;path=67','data/slide.png'),(139,11,'index.php?route=common/home','data/asquithlondon/cache/data/home-page-image4-757x413.jpg'),(138,11,'index.php?route=common/home','data/asquithlondon/cache/data/home-page-image3-757x413.jpg'),(137,11,'index.php?route=common/home','data/asquithlondon/cache/data/home-page-images-2-757x413.jpg'),(136,11,'index.php?route=common/home','data/asquithlondon/cache/data/home-page-images-1-757x413.jpg'),(141,11,'index.php?route=common/home','data/asquithlondon/cache/data/home-page-image-6-757x413.jpg'),(147,13,'','data/asquithlondon/cache/data/YOGA-AND-PILATES-1-978x414.jpg'),(146,14,'','data/cadenheads/banner_cade.png'),(164,12,'index.php?route=product/category&amp;path=72_74','data/asquithlondon/cache/data/170812-LOOK-01-600x780.jpg'),(154,15,'','data/asquithlondon/cache/data/LOUNGEWEAR-978x414.jpg'),(163,12,'index.php?route=product/category&amp;path=72_75','data/asquithlondon/cache/data/170812-LOOK-02-600x780.jpg'),(167,16,'http://www.facebook.com/asquithlondon','data/asquithlondon/cache/data/CTA images/win-a-bamboo-scarf-210x200.jpg'),(169,17,'https://www.facebook.com/asquithlondon?sk=app_198179660199518','data/asquithlondon/cache/data/CTA images/christmas giveaway-210x200.jpg'),(182,18,'','data/papillonshop/cache/data/banners/slideshow/290612-SIA-2-1070x535.jpg'),(186,21,'','data/papillonshop/cache/data/banners/290612-BATH-CTA-537x266.jpg'),(181,18,'','data/papillonshop/cache/data/banners/slideshow/290612-ANDREW-MARTIN-1070x535.jpg'),(180,18,'','data/papillonshop/cache/data/banners/slideshow/290612-LAMPE-BERGER-2-1070x535.jpg'),(201,24,'','data/sia_boutique/cache/data/banners/slideshow/SLIDE_02_720x379-720x380.png'),(187,21,'','data/papillonshop/cache/data/banners/290612-FRAGRANCE-CTA-new-537x266.jpg'),(188,21,'','data/papillonshop/cache/data/banners/290612-CANDLE-CTA-537x266.jpg'),(189,21,'','data/papillonshop/cache/data/banners/290612-PASSION-CTA-537x266.jpg'),(200,24,'','data/sia_boutique/cache/data/banners/slideshow/SLIDE_01_720x379-720x380.png'),(199,24,'','data/sia_boutique/cache/data/banners/slideshow/SLIDE_04_720x379-720x380.png'),(198,24,'','data/sia_boutique/cache/data/banners/slideshow/SLIDE_03_720x379-720x380.png'),(204,25,'','data/samsung_banner-980x280.jpg'),(205,25,'','data/samsung_banner-980x280.jpg'),(260,26,'','data/sealskinz/banner/Banner_sealskinz3.jpg'),(209,27,'','data/sealskinz/banner/banner_category.jpg'),(225,31,'','data/sealskinz/contact/contact.jpg'),(256,26,'','data/sealskinz/banner/banner_sealskinz4.jpg'),(259,26,'','data/sealskinz/banner/banner_sealskinz.jpg'),(258,26,'','data/sealskinz/banner/Banner_sealskinz2.jpg'),(257,26,'','data/sealskinz/banner/banner_sealskinz5.jpg');
/*!40000 ALTER TABLE `banner_image` ENABLE KEYS */;
UNLOCK TABLES;

--
-- Table structure for table `banner_image_description`
--

DROP TABLE IF EXISTS `banner_image_description`;
/*!40101 SET @saved_cs_client     = @@character_set_client */;
/*!40101 SET character_set_client = utf8 */;
CREATE TABLE `banner_image_description` (
  `banner_image_id` int(11) NOT NULL,
  `language_id` int(11) NOT NULL,
  `banner_id` int(11) NOT NULL,
  `title` varchar(64) COLLATE utf8_bin NOT NULL,
  PRIMARY KEY (`banner_image_id`,`language_id`)
) ENGINE=MyISAM DEFAULT CHARSET=utf8 COLLATE=utf8_bin;
/*!40101 SET character_set_client = @saved_cs_client */;

--
-- Dumping data for table `banner_image_description`
--

LOCK TABLES `banner_image_description` WRITE;
/*!40000 ALTER TABLE `banner_image_description` DISABLE KEYS */;
INSERT INTO `banner_image_description` VALUES (202,1,7,'Whisky Tasting'),(105,1,6,'HP Banner'),(104,1,8,'Hewlett-Packard'),(103,1,8,'Canon'),(102,1,8,'HTC'),(101,1,8,'Apple'),(100,1,8,'Sony'),(99,1,8,'Palm'),(141,1,11,'Asquith6'),(140,1,11,'Asquith5'),(139,1,11,'Asquith4'),(138,1,11,'Asquith3'),(137,1,11,'Asquith2'),(136,1,11,'Asquith1'),(164,1,12,'Shop The Look1'),(147,1,13,'Yoga &amp; Pilates Clothing'),(146,1,14,'Authentic Collection'),(154,1,15,'Loungewear'),(163,1,12,'Shop The Look2'),(167,1,16,'facebook'),(169,1,17,'Christmas giveaway'),(182,1,18,'Pavillon Sia'),(186,1,21,'Relaxing'),(187,1,21,'Unique'),(181,1,18,'Pavillon Andrew Martin'),(180,1,18,'Pavillon Lambe Berger'),(201,1,24,'Inspired'),(200,1,24,'Be'),(188,1,21,'Candles'),(189,1,21,'Passion'),(199,1,24,'SIA Boutique'),(198,1,24,'By'),(204,1,25,'Samsung galaxy'),(205,1,25,'Samsung galaxy 2'),(260,1,26,'sealskinz_banner3'),(259,1,26,'sealskinz_banner1'),(209,1,27,'Banner Hats'),(258,1,26,'sealskinz_banner2'),(225,1,31,'Contact us'),(257,1,26,'sealskinz_banner5'),(256,1,26,'sealskinz_banner4');
/*!40000 ALTER TABLE `banner_image_description` ENABLE KEYS */;
UNLOCK TABLES;

--
-- Table structure for table `category`
--

DROP TABLE IF EXISTS `category`;
/*!40101 SET @saved_cs_client     = @@character_set_client */;
/*!40101 SET character_set_client = utf8 */;
CREATE TABLE `category` (
  `category_id` int(11) NOT NULL AUTO_INCREMENT,
  `image` varchar(255) COLLATE utf8_bin DEFAULT NULL,
  `parent_id` int(11) NOT NULL DEFAULT '0',
  `top` tinyint(1) NOT NULL,
  `column` int(3) NOT NULL,
  `sort_order` int(3) NOT NULL DEFAULT '0',
  `status` tinyint(1) NOT NULL,
  `date_added` datetime NOT NULL DEFAULT '0000-00-00 00:00:00',
  `date_modified` datetime NOT NULL DEFAULT '0000-00-00 00:00:00',
  PRIMARY KEY (`category_id`)
) ENGINE=MyISAM AUTO_INCREMENT=136 DEFAULT CHARSET=utf8 COLLATE=utf8_bin;
/*!40101 SET character_set_client = @saved_cs_client */;

--
-- Dumping data for table `category`
--

LOCK TABLES `category` WRITE;
/*!40000 ALTER TABLE `category` DISABLE KEYS */;
INSERT INTO `category` VALUES (61,'',67,0,1,3,1,'2012-11-21 13:31:17','2012-12-18 15:03:07'),(59,'data/cadenheads/banner_cade.png',67,0,1,1,1,'2012-11-21 13:23:25','2013-01-08 16:16:23'),(62,'',67,0,1,4,1,'2012-11-21 13:31:52','2012-12-05 16:35:19'),(60,'',67,0,1,2,1,'2012-11-21 13:30:42','2012-12-18 14:59:31'),(67,'',0,1,1,0,1,'2012-11-22 11:49:08','2012-12-10 14:47:32'),(63,'',67,0,1,5,1,'2012-11-21 13:33:01','2012-12-05 16:35:39'),(64,'',67,0,1,6,1,'2012-11-21 13:33:24','2012-12-05 16:35:45'),(65,'',67,0,1,7,1,'2012-11-21 13:33:51','2012-12-05 16:35:53'),(84,'',0,1,1,0,1,'2012-12-06 16:38:46','2012-12-07 10:17:17'),(72,'',0,1,1,0,1,'2012-12-06 11:03:00','2013-01-08 16:16:34'),(73,'',0,0,1,1,1,'2012-12-06 11:03:08','2012-12-11 16:48:03'),(74,'',72,0,1,0,1,'2012-12-06 11:03:24','2012-12-06 16:37:58'),(75,'',72,0,1,0,1,'2012-12-06 11:04:23','2012-12-06 11:04:23'),(76,'',72,0,1,0,1,'2012-12-06 11:04:30','2012-12-06 11:04:40'),(77,'',72,0,1,0,1,'2012-12-06 11:04:52','2012-12-06 11:04:52'),(78,'',72,0,1,0,1,'2012-12-06 11:05:03','2012-12-06 11:05:03'),(79,'',72,0,1,0,1,'2012-12-06 11:05:16','2012-12-06 11:05:16'),(80,'',72,0,1,0,1,'2012-12-06 11:05:28','2012-12-06 11:05:28'),(81,'',72,0,1,0,1,'2012-12-06 11:05:43','2012-12-06 11:05:43'),(82,'',72,0,1,0,1,'2012-12-06 11:05:57','2012-12-06 11:05:57'),(83,'',72,0,1,9,1,'2012-12-06 11:06:12','2012-12-06 16:37:13'),(85,'',0,1,1,2,1,'2012-12-06 17:14:28','2012-12-06 17:16:11'),(86,'',0,1,1,3,1,'2012-12-06 17:17:32','2012-12-06 17:28:50'),(87,'',85,0,1,0,1,'2012-12-06 17:19:25','2012-12-06 17:19:25'),(88,'',85,0,1,1,1,'2012-12-06 17:19:49','2012-12-06 17:19:49'),(89,'',85,0,1,2,1,'2012-12-06 17:20:16','2012-12-06 17:20:16'),(90,'',87,0,1,0,1,'2012-12-07 16:43:40','2012-12-07 16:43:40'),(91,'',87,0,1,0,1,'2012-12-07 16:44:11','2012-12-07 16:44:11'),(92,'',87,0,1,0,1,'2012-12-07 16:44:44','2012-12-07 16:44:44'),(93,'data/papillonshop/cache/data/categories/030412-HOME-DECOR-1070x270.jpg',104,1,1,0,1,'2012-12-13 17:26:05','2012-12-14 12:33:25'),(94,'',0,1,2,1,1,'2012-12-14 09:13:45','2013-01-08 16:18:02'),(95,'',0,1,1,2,1,'2012-12-14 09:14:52','2013-01-08 16:18:12'),(96,'',0,1,1,3,1,'2012-12-14 09:15:23','2012-12-14 09:15:23'),(97,'',0,1,1,4,1,'2012-12-14 09:15:52','2012-12-14 09:15:52'),(98,'',0,1,1,5,1,'2012-12-14 09:16:29','2012-12-14 09:16:29'),(99,'',0,1,1,6,1,'2012-12-14 09:17:09','2012-12-14 09:17:09'),(100,'',0,1,1,7,1,'2012-12-14 09:17:37','2012-12-14 09:17:37'),(101,'',0,1,1,8,1,'2012-12-14 09:18:02','2012-12-14 09:18:02'),(102,'',0,1,1,9,1,'2012-12-14 09:18:25','2012-12-14 09:18:25'),(103,'',0,1,1,10,1,'2012-12-14 09:18:45','2012-12-14 09:18:45'),(104,'data/papillonshop/cache/data/categories/030412-HOME-DECOR-1070x270.jpg',93,1,1,0,1,'2012-12-14 12:17:33','2012-12-14 12:27:07'),(105,'data/papillonshop/cache/data/categories/030412-HOME-DECOR-1070x270.jpg',0,1,1,0,1,'2012-12-14 12:35:01','2012-12-18 11:14:24'),(116,'data/sealskinz/banner/banner_category.jpg',0,0,1,0,1,'2013-01-17 14:44:50','2013-02-26 17:25:39'),(114,'',0,1,1,0,1,'2013-01-08 17:12:56','2013-01-08 17:13:47'),(117,'',0,0,1,1,1,'2013-01-17 16:47:39','2013-02-22 11:36:52'),(118,'',0,0,1,2,1,'2013-01-17 16:54:15','2013-02-22 11:37:17'),(119,'',0,0,1,3,1,'2013-01-17 16:54:32','2013-02-22 11:37:33'),(120,'',0,0,1,4,1,'2013-01-17 16:54:48','2013-02-22 11:37:56'),(121,'',0,0,1,5,1,'2013-01-17 16:55:05','2013-02-22 11:38:12'),(122,'',0,0,1,6,1,'2013-01-17 16:55:32','2013-02-22 11:38:31'),(123,'',0,0,1,7,1,'2013-01-17 16:59:51','2013-02-22 11:38:56'),(124,'',0,0,1,8,1,'2013-01-17 17:00:50','2013-02-22 11:39:10'),(125,'',0,0,1,9,1,'2013-01-17 17:01:14','2013-02-22 11:39:29'),(126,'',0,0,1,10,1,'2013-01-17 17:01:39','2013-02-22 11:39:47'),(127,'',0,0,1,11,1,'2013-01-17 17:02:05','2013-02-22 11:39:58');
/*!40000 ALTER TABLE `category` ENABLE KEYS */;
UNLOCK TABLES;

--
-- Table structure for table `category_description`
--

DROP TABLE IF EXISTS `category_description`;
/*!40101 SET @saved_cs_client     = @@character_set_client */;
/*!40101 SET character_set_client = utf8 */;
CREATE TABLE `category_description` (
  `category_id` int(11) NOT NULL,
  `language_id` int(11) NOT NULL,
  `name` varchar(255) COLLATE utf8_bin NOT NULL DEFAULT '',
  `description` text COLLATE utf8_bin NOT NULL,
  `meta_description` varchar(255) COLLATE utf8_bin NOT NULL,
  `meta_keyword` varchar(255) COLLATE utf8_bin NOT NULL,
  PRIMARY KEY (`category_id`,`language_id`),
  KEY `name` (`name`)
) ENGINE=MyISAM DEFAULT CHARSET=utf8 COLLATE=utf8_bin;
/*!40101 SET character_set_client = @saved_cs_client */;

--
-- Dumping data for table `category_description`
--

LOCK TABLES `category_description` WRITE;
/*!40000 ALTER TABLE `category_description` DISABLE KEYS */;
INSERT INTO `category_description` VALUES (62,1,'World Whiskies','','',''),(67,1,'Product','','',''),(118,1,'Outdoor &amp; Ski','','',''),(60,1,'Duthies Range','','',''),(61,1,'Closed Distilleries','','',''),(117,1,'Golf','','',''),(63,1,'Chairmans Stock','','',''),(64,1,'Cadenhead\'s Rum','','',''),(65,1,'Other Spirits','','',''),(84,1,'Yoga &amp; Pilates Clothing','','',''),(72,1,'Shop The Look','','',''),(74,1,'Look 1','','',''),(75,1,'Look 2','','',''),(76,1,'Look 3','','',''),(77,1,'Look 4','','',''),(78,1,'Look 5','','',''),(79,1,'Look 6','','',''),(80,1,'Look 7','','',''),(81,1,'Look 8','','',''),(82,1,'Look 9','','',''),(83,1,'Look 10','','',''),(85,1,'Loungewear','','',''),(86,1,'Maternity','','',''),(87,1,'Tops','','',''),(88,1,'Bottoms','','',''),(89,1,'Accessories','','',''),(90,1,'Long Sleeve','','',''),(91,1,'Short Sleeve','','',''),(92,1,'Sleeveless','','',''),(73,1,'Clearance','&lt;p&gt;\r\n	The right clothes are important for yoga. Loose-fitting designs made from breathable fabrics allow the freedom of movement that\'s necessary for a successful yoga session. Bamboo fibres are the ideal material: fabrics made from bamboo are natural, sustainable and permit the skin to breathe. Bamboo fabrics are strong and take dyes very well; this makes them attractive and long-lasting. &lt;em&gt;Good-quality yoga clothes&lt;/em&gt; that meet these criteria can be expensive, however, putting them out of the reach of many people. One solution can be to seek &lt;strong&gt;yoga clothes for sale &lt;/strong&gt;at reduced rates. End-of-line and seasonal clearances are the perfect opportunity to pick up &lt;a href=&quot;http://www.asquithlondon.com/loungewear&quot;&gt;yoga clothes for women in the UK&lt;/a&gt; at very low prices.&lt;/p&gt;\r\n&lt;p&gt;\r\n	To avoid missing out on our promotions, why not consider signing up to our mailing list.&lt;/p&gt;\r\n','',''),(93,1,'Home Decor','&lt;p&gt;\r\n	An inspiring collection of Home Décor from around the world, a collection of Objet and Curios as well as interesting everyday pieces. We strive to find products that inspire you to create that unique and special feel to your home. We understand that your home is an extension of who you are, it’s a place to relax and entertain so indulge your senses with the Papillon Home Décor Collection. The Home Décor products are always changing with exciting items arriving every month so there is always something here that will inspire you.&lt;/p&gt;\r\n','',''),(94,1,'Fragrance','','',''),(95,1,'Homeware','','',''),(96,1,'Silk Flowers','','',''),(97,1,'Lighting','','',''),(98,1,'Soft Furnishing','','',''),(99,1,'Candles &amp; Holders','','',''),(100,1,'Furniture','','',''),(101,1,'Gifts','','',''),(102,1,'Christmas','','',''),(103,1,'Brands','','',''),(104,1,'Wall Hooks','&lt;p&gt;\r\n	An inspiring collection of Home Décor from around the world, a collection of Objet and Curios as well as interesting everyday pieces. We strive to find products that inspire you to create that unique and special feel to your home. We understand that your home is an extension of who you are, it’s a place to relax and entertain so indulge your senses with the Papillon Home Décor Collection. The Home Décor products are always changing with exciting items arriving every month so there is always something here that will inspire you.&lt;/p&gt;\r\n','',''),(105,1,'Home Decor','&lt;p&gt;\r\n	An inspiring collection of Home Décor from around the world, a collection of Objet and Curios as well as interesting everyday pieces. We strive to find products that inspire you to create that unique and special feel to your home. We understand that your home is an extension of who you are, it’s a place to relax and entertain so indulge your senses with the Papillon Home Décor Collection. The Home Décor products are always changing with exciting items arriving every month so there is always something here that will inspire you.&lt;/p&gt;\r\n','',''),(59,1,'Authentic Collection','&lt;p align=&quot;justify&quot;&gt;\r\n	&lt;span style=&quot;color:#808080;&quot;&gt;To emphasise the individuality of each cask Authentic Collection whiskies are bottled undiluted at their natural high maturing strenght and are not subject to any artificial chemical processing. Colouring is never added to Cadenhead\'s Single Malts nor are they subjected to any filtering that might remove natural consituents and spoil their flavours.&lt;/span&gt;&lt;/p&gt;\r\n','',''),(116,1,'Cycling','','',''),(114,1,'Products Bootstrap','','',''),(119,1,'Running','','',''),(121,1,'Team Sports','','',''),(122,1,'Tackle &amp; Gun','','',''),(120,1,'Sailing &amp; Watersports','','',''),(123,1,'Equestrian','','',''),(124,1,'Motorcycling','','',''),(125,1,'Military','','',''),(126,1,'Personal Protection','','',''),(127,1,'Wudhu','','','');
/*!40000 ALTER TABLE `category_description` ENABLE KEYS */;
UNLOCK TABLES;

--
-- Table structure for table `category_to_layout`
--

DROP TABLE IF EXISTS `category_to_layout`;
/*!40101 SET @saved_cs_client     = @@character_set_client */;
/*!40101 SET character_set_client = utf8 */;
CREATE TABLE `category_to_layout` (
  `category_id` int(11) NOT NULL,
  `store_id` int(11) NOT NULL,
  `layout_id` int(11) NOT NULL,
  PRIMARY KEY (`category_id`,`store_id`)
) ENGINE=MyISAM DEFAULT CHARSET=utf8 COLLATE=utf8_bin;
/*!40101 SET character_set_client = @saved_cs_client */;

--
-- Dumping data for table `category_to_layout`
--

LOCK TABLES `category_to_layout` WRITE;
/*!40000 ALTER TABLE `category_to_layout` DISABLE KEYS */;
/*!40000 ALTER TABLE `category_to_layout` ENABLE KEYS */;
UNLOCK TABLES;

--
-- Table structure for table `category_to_store`
--

DROP TABLE IF EXISTS `category_to_store`;
/*!40101 SET @saved_cs_client     = @@character_set_client */;
/*!40101 SET character_set_client = utf8 */;
CREATE TABLE `category_to_store` (
  `category_id` int(11) NOT NULL,
  `store_id` int(11) NOT NULL,
  PRIMARY KEY (`category_id`,`store_id`)
) ENGINE=MyISAM DEFAULT CHARSET=utf8 COLLATE=utf8_bin;
/*!40101 SET character_set_client = @saved_cs_client */;

--
-- Dumping data for table `category_to_store`
--

LOCK TABLES `category_to_store` WRITE;
/*!40000 ALTER TABLE `category_to_store` DISABLE KEYS */;
INSERT INTO `category_to_store` VALUES (59,1),(60,1),(61,1),(62,1),(63,1),(64,1),(65,1),(67,1),(72,0),(72,4),(73,0),(74,0),(75,0),(76,0),(77,0),(78,0),(79,0),(80,0),(81,0),(82,0),(83,0),(84,0),(85,0),(86,0),(87,0),(88,0),(89,0),(90,0),(91,0),(92,0),(93,2),(94,2),(94,4),(95,2),(95,4),(96,2),(97,2),(98,2),(99,2),(100,2),(101,2),(102,2),(103,2),(104,2),(105,2),(114,4),(116,5),(117,5),(118,5),(119,5),(120,5),(121,5),(122,5),(123,5),(124,5),(125,5),(126,5),(127,5);
/*!40000 ALTER TABLE `category_to_store` ENABLE KEYS */;
UNLOCK TABLES;

--
-- Table structure for table `country`
--

DROP TABLE IF EXISTS `country`;
/*!40101 SET @saved_cs_client     = @@character_set_client */;
/*!40101 SET character_set_client = utf8 */;
CREATE TABLE `country` (
  `country_id` int(11) NOT NULL AUTO_INCREMENT,
  `name` varchar(128) COLLATE utf8_bin NOT NULL,
  `iso_code_2` varchar(2) COLLATE utf8_bin NOT NULL DEFAULT '',
  `iso_code_3` varchar(3) COLLATE utf8_bin NOT NULL DEFAULT '',
  `address_format` text COLLATE utf8_bin NOT NULL,
  `postcode_required` tinyint(1) NOT NULL,
  `status` tinyint(1) NOT NULL DEFAULT '1',
  PRIMARY KEY (`country_id`)
) ENGINE=MyISAM AUTO_INCREMENT=240 DEFAULT CHARSET=utf8 COLLATE=utf8_bin;
/*!40101 SET character_set_client = @saved_cs_client */;

--
-- Dumping data for table `country`
--

LOCK TABLES `country` WRITE;
/*!40000 ALTER TABLE `country` DISABLE KEYS */;
INSERT INTO `country` VALUES (1,'Afghanistan','AF','AFG','',0,1),(2,'Albania','AL','ALB','',0,1),(3,'Algeria','DZ','DZA','',0,1),(4,'American Samoa','AS','ASM','',0,1),(5,'Andorra','AD','AND','',0,1),(6,'Angola','AO','AGO','',0,1),(7,'Anguilla','AI','AIA','',0,1),(8,'Antarctica','AQ','ATA','',0,1),(9,'Antigua and Barbuda','AG','ATG','',0,1),(10,'Argentina','AR','ARG','',0,1),(11,'Armenia','AM','ARM','',0,1),(12,'Aruba','AW','ABW','',0,1),(13,'Australia','AU','AUS','',0,1),(14,'Austria','AT','AUT','',0,1),(15,'Azerbaijan','AZ','AZE','',0,1),(16,'Bahamas','BS','BHS','',0,1),(17,'Bahrain','BH','BHR','',0,1),(18,'Bangladesh','BD','BGD','',0,1),(19,'Barbados','BB','BRB','',0,1),(20,'Belarus','BY','BLR','',0,1),(21,'Belgium','BE','BEL','',0,1),(22,'Belize','BZ','BLZ','',0,1),(23,'Benin','BJ','BEN','',0,1),(24,'Bermuda','BM','BMU','',0,1),(25,'Bhutan','BT','BTN','',0,1),(26,'Bolivia','BO','BOL','',0,1),(27,'Bosnia and Herzegowina','BA','BIH','',0,1),(28,'Botswana','BW','BWA','',0,1),(29,'Bouvet Island','BV','BVT','',0,1),(30,'Brazil','BR','BRA','',0,1),(31,'British Indian Ocean Territory','IO','IOT','',0,1),(32,'Brunei Darussalam','BN','BRN','',0,1),(33,'Bulgaria','BG','BGR','',0,1),(34,'Burkina Faso','BF','BFA','',0,1),(35,'Burundi','BI','BDI','',0,1),(36,'Cambodia','KH','KHM','',0,1),(37,'Cameroon','CM','CMR','',0,1),(38,'Canada','CA','CAN','',0,1),(39,'Cape Verde','CV','CPV','',0,1),(40,'Cayman Islands','KY','CYM','',0,1),(41,'Central African Republic','CF','CAF','',0,1),(42,'Chad','TD','TCD','',0,1),(43,'Chile','CL','CHL','',0,1),(44,'China','CN','CHN','',0,1),(45,'Christmas Island','CX','CXR','',0,1),(46,'Cocos (Keeling) Islands','CC','CCK','',0,1),(47,'Colombia','CO','COL','',0,1),(48,'Comoros','KM','COM','',0,1),(49,'Congo','CG','COG','',0,1),(50,'Cook Islands','CK','COK','',0,1),(51,'Costa Rica','CR','CRI','',0,1),(52,'Cote D\'Ivoire','CI','CIV','',0,1),(53,'Croatia','HR','HRV','',0,1),(54,'Cuba','CU','CUB','',0,1),(55,'Cyprus','CY','CYP','',0,1),(56,'Czech Republic','CZ','CZE','',0,1),(57,'Denmark','DK','DNK','',0,1),(58,'Djibouti','DJ','DJI','',0,1),(59,'Dominica','DM','DMA','',0,1),(60,'Dominican Republic','DO','DOM','',0,1),(61,'East Timor','TP','TMP','',0,1),(62,'Ecuador','EC','ECU','',0,1),(63,'Egypt','EG','EGY','',0,1),(64,'El Salvador','SV','SLV','',0,1),(65,'Equatorial Guinea','GQ','GNQ','',0,1),(66,'Eritrea','ER','ERI','',0,1),(67,'Estonia','EE','EST','',0,1),(68,'Ethiopia','ET','ETH','',0,1),(69,'Falkland Islands (Malvinas)','FK','FLK','',0,1),(70,'Faroe Islands','FO','FRO','',0,1),(71,'Fiji','FJ','FJI','',0,1),(72,'Finland','FI','FIN','',0,1),(73,'France','FR','FRA','',0,1),(74,'France, Metropolitan','FX','FXX','',0,1),(75,'French Guiana','GF','GUF','',0,1),(76,'French Polynesia','PF','PYF','',0,1),(77,'French Southern Territories','TF','ATF','',0,1),(78,'Gabon','GA','GAB','',0,1),(79,'Gambia','GM','GMB','',0,1),(80,'Georgia','GE','GEO','',0,1),(81,'Germany','DE','DEU','{company}\r\n{firstname} {lastname}\r\n{address_1}\r\n{address_2}\r\n{postcode} {city}\r\n{country}',1,1),(82,'Ghana','GH','GHA','',0,1),(83,'Gibraltar','GI','GIB','',0,1),(84,'Greece','GR','GRC','',0,1),(85,'Greenland','GL','GRL','',0,1),(86,'Grenada','GD','GRD','',0,1),(87,'Guadeloupe','GP','GLP','',0,1),(88,'Guam','GU','GUM','',0,1),(89,'Guatemala','GT','GTM','',0,1),(90,'Guinea','GN','GIN','',0,1),(91,'Guinea-bissau','GW','GNB','',0,1),(92,'Guyana','GY','GUY','',0,1),(93,'Haiti','HT','HTI','',0,1),(94,'Heard and Mc Donald Islands','HM','HMD','',0,1),(95,'Honduras','HN','HND','',0,1),(96,'Hong Kong','HK','HKG','',0,1),(97,'Hungary','HU','HUN','',0,1),(98,'Iceland','IS','ISL','',0,1),(99,'India','IN','IND','',0,1),(100,'Indonesia','ID','IDN','',0,1),(101,'Iran (Islamic Republic of)','IR','IRN','',0,1),(102,'Iraq','IQ','IRQ','',0,1),(103,'Ireland','IE','IRL','',0,1),(104,'Israel','IL','ISR','',0,1),(105,'Italy','IT','ITA','',0,1),(106,'Jamaica','JM','JAM','',0,1),(107,'Japan','JP','JPN','',0,1),(108,'Jordan','JO','JOR','',0,1),(109,'Kazakhstan','KZ','KAZ','',0,1),(110,'Kenya','KE','KEN','',0,1),(111,'Kiribati','KI','KIR','',0,1),(112,'North Korea','KP','PRK','',0,1),(113,'Korea, Republic of','KR','KOR','',0,1),(114,'Kuwait','KW','KWT','',0,1),(115,'Kyrgyzstan','KG','KGZ','',0,1),(116,'Lao People\'s Democratic Republic','LA','LAO','',0,1),(117,'Latvia','LV','LVA','',0,1),(118,'Lebanon','LB','LBN','',0,1),(119,'Lesotho','LS','LSO','',0,1),(120,'Liberia','LR','LBR','',0,1),(121,'Libyan Arab Jamahiriya','LY','LBY','',0,1),(122,'Liechtenstein','LI','LIE','',0,1),(123,'Lithuania','LT','LTU','',0,1),(124,'Luxembourg','LU','LUX','',0,1),(125,'Macau','MO','MAC','',0,1),(126,'FYROM','MK','MKD','',0,1),(127,'Madagascar','MG','MDG','',0,1),(128,'Malawi','MW','MWI','',0,1),(129,'Malaysia','MY','MYS','',0,1),(130,'Maldives','MV','MDV','',0,1),(131,'Mali','ML','MLI','',0,1),(132,'Malta','MT','MLT','',0,1),(133,'Marshall Islands','MH','MHL','',0,1),(134,'Martinique','MQ','MTQ','',0,1),(135,'Mauritania','MR','MRT','',0,1),(136,'Mauritius','MU','MUS','',0,1),(137,'Mayotte','YT','MYT','',0,1),(138,'Mexico','MX','MEX','',0,1),(139,'Micronesia, Federated States of','FM','FSM','',0,1),(140,'Moldova, Republic of','MD','MDA','',0,1),(141,'Monaco','MC','MCO','',0,1),(142,'Mongolia','MN','MNG','',0,1),(143,'Montserrat','MS','MSR','',0,1),(144,'Morocco','MA','MAR','',0,1),(145,'Mozambique','MZ','MOZ','',0,1),(146,'Myanmar','MM','MMR','',0,1),(147,'Namibia','NA','NAM','',0,1),(148,'Nauru','NR','NRU','',0,1),(149,'Nepal','NP','NPL','',0,1),(150,'Netherlands','NL','NLD','',0,1),(151,'Netherlands Antilles','AN','ANT','',0,1),(152,'New Caledonia','NC','NCL','',0,1),(153,'New Zealand','NZ','NZL','',0,1),(154,'Nicaragua','NI','NIC','',0,1),(155,'Niger','NE','NER','',0,1),(156,'Nigeria','NG','NGA','',0,1),(157,'Niue','NU','NIU','',0,1),(158,'Norfolk Island','NF','NFK','',0,1),(159,'Northern Mariana Islands','MP','MNP','',0,1),(160,'Norway','NO','NOR','',0,1),(161,'Oman','OM','OMN','',0,1),(162,'Pakistan','PK','PAK','',0,1),(163,'Palau','PW','PLW','',0,1),(164,'Panama','PA','PAN','',0,1),(165,'Papua New Guinea','PG','PNG','',0,1),(166,'Paraguay','PY','PRY','',0,1),(167,'Peru','PE','PER','',0,1),(168,'Philippines','PH','PHL','',0,1),(169,'Pitcairn','PN','PCN','',0,1),(170,'Poland','PL','POL','',0,1),(171,'Portugal','PT','PRT','',0,1),(172,'Puerto Rico','PR','PRI','',0,1),(173,'Qatar','QA','QAT','',0,1),(174,'Reunion','RE','REU','',0,1),(175,'Romania','RO','ROM','',0,1),(176,'Russian Federation','RU','RUS','',0,1),(177,'Rwanda','RW','RWA','',0,1),(178,'Saint Kitts and Nevis','KN','KNA','',0,1),(179,'Saint Lucia','LC','LCA','',0,1),(180,'Saint Vincent and the Grenadines','VC','VCT','',0,1),(181,'Samoa','WS','WSM','',0,1),(182,'San Marino','SM','SMR','',0,1),(183,'Sao Tome and Principe','ST','STP','',0,1),(184,'Saudi Arabia','SA','SAU','',0,1),(185,'Senegal','SN','SEN','',0,1),(186,'Seychelles','SC','SYC','',0,1),(187,'Sierra Leone','SL','SLE','',0,1),(188,'Singapore','SG','SGP','',0,1),(189,'Slovak Republic','SK','SVK','{firstname} {lastname}\r\n{company}\r\n{address_1}\r\n{address_2}\r\n{city} {postcode}\r\n{zone}\r\n{country}',0,1),(190,'Slovenia','SI','SVN','',0,1),(191,'Solomon Islands','SB','SLB','',0,1),(192,'Somalia','SO','SOM','',0,1),(193,'South Africa','ZA','ZAF','',0,1),(194,'South Georgia &amp; South Sandwich Islands','GS','SGS','',0,1),(195,'Spain','ES','ESP','',0,1),(196,'Sri Lanka','LK','LKA','',0,1),(197,'St. Helena','SH','SHN','',0,1),(198,'St. Pierre and Miquelon','PM','SPM','',0,1),(199,'Sudan','SD','SDN','',0,1),(200,'Suriname','SR','SUR','',0,1),(201,'Svalbard and Jan Mayen Islands','SJ','SJM','',0,1),(202,'Swaziland','SZ','SWZ','',0,1),(203,'Sweden','SE','SWE','',0,1),(204,'Switzerland','CH','CHE','',0,1),(205,'Syrian Arab Republic','SY','SYR','',0,1),(206,'Taiwan','TW','TWN','',0,1),(207,'Tajikistan','TJ','TJK','',0,1),(208,'Tanzania, United Republic of','TZ','TZA','',0,1),(209,'Thailand','TH','THA','',0,1),(210,'Togo','TG','TGO','',0,1),(211,'Tokelau','TK','TKL','',0,1),(212,'Tonga','TO','TON','',0,1),(213,'Trinidad and Tobago','TT','TTO','',0,1),(214,'Tunisia','TN','TUN','',0,1),(215,'Turkey','TR','TUR','',0,1),(216,'Turkmenistan','TM','TKM','',0,1),(217,'Turks and Caicos Islands','TC','TCA','',0,1),(218,'Tuvalu','TV','TUV','',0,1),(219,'Uganda','UG','UGA','',0,1),(220,'Ukraine','UA','UKR','',0,1),(221,'United Arab Emirates','AE','ARE','',0,1),(222,'United Kingdom','GB','GBR','',1,1),(223,'United States','US','USA','{firstname} {lastname}\r\n{company}\r\n{address_1}\r\n{address_2}\r\n{city}, {zone} {postcode}\r\n{country}',0,1),(224,'United States Minor Outlying Islands','UM','UMI','',0,1),(225,'Uruguay','UY','URY','',0,1),(226,'Uzbekistan','UZ','UZB','',0,1),(227,'Vanuatu','VU','VUT','',0,1),(228,'Vatican City State (Holy See)','VA','VAT','',0,1),(229,'Venezuela','VE','VEN','',0,1),(230,'Viet Nam','VN','VNM','',0,1),(231,'Virgin Islands (British)','VG','VGB','',0,1),(232,'Virgin Islands (U.S.)','VI','VIR','',0,1),(233,'Wallis and Futuna Islands','WF','WLF','',0,1),(234,'Western Sahara','EH','ESH','',0,1),(235,'Yemen','YE','YEM','',0,1),(236,'Yugoslavia','YU','YUG','',0,1),(237,'Democratic Republic of Congo','CD','COD','',0,1),(238,'Zambia','ZM','ZMB','',0,1),(239,'Zimbabwe','ZW','ZWE','',0,1);
/*!40000 ALTER TABLE `country` ENABLE KEYS */;
UNLOCK TABLES;

--
-- Table structure for table `coupon`
--

DROP TABLE IF EXISTS `coupon`;
/*!40101 SET @saved_cs_client     = @@character_set_client */;
/*!40101 SET character_set_client = utf8 */;
CREATE TABLE `coupon` (
  `coupon_id` int(11) NOT NULL AUTO_INCREMENT,
  `name` varchar(128) COLLATE utf8_bin NOT NULL,
  `code` varchar(10) COLLATE utf8_bin NOT NULL,
  `type` char(1) COLLATE utf8_bin NOT NULL,
  `discount` decimal(15,4) NOT NULL,
  `logged` tinyint(1) NOT NULL,
  `shipping` tinyint(1) NOT NULL,
  `total` decimal(15,4) NOT NULL,
  `date_start` date NOT NULL DEFAULT '0000-00-00',
  `date_end` date NOT NULL DEFAULT '0000-00-00',
  `uses_total` int(11) NOT NULL,
  `uses_customer` varchar(11) COLLATE utf8_bin NOT NULL,
  `status` tinyint(1) NOT NULL,
  `date_added` datetime NOT NULL DEFAULT '0000-00-00 00:00:00',
  PRIMARY KEY (`coupon_id`)
) ENGINE=MyISAM AUTO_INCREMENT=7 DEFAULT CHARSET=utf8 COLLATE=utf8_bin;
/*!40101 SET character_set_client = @saved_cs_client */;

--
-- Dumping data for table `coupon`
--

LOCK TABLES `coupon` WRITE;
/*!40000 ALTER TABLE `coupon` DISABLE KEYS */;
INSERT INTO `coupon` VALUES (4,'-10% Discount','2222','P',10.0000,0,0,0.0000,'2011-01-01','2012-01-01',10,'10',1,'2009-01-27 13:55:03'),(5,'Free Shipping','3333','P',0.0000,0,1,100.0000,'2009-03-01','2009-08-31',10,'10',1,'2009-03-14 21:13:53'),(6,'-10.00 Discount','1111','F',10.0000,0,0,10.0000,'1970-11-01','2020-11-01',100000,'10000',1,'2009-03-14 21:15:18');
/*!40000 ALTER TABLE `coupon` ENABLE KEYS */;
UNLOCK TABLES;

--
-- Table structure for table `coupon_history`
--

DROP TABLE IF EXISTS `coupon_history`;
/*!40101 SET @saved_cs_client     = @@character_set_client */;
/*!40101 SET character_set_client = utf8 */;
CREATE TABLE `coupon_history` (
  `coupon_history_id` int(11) NOT NULL AUTO_INCREMENT,
  `coupon_id` int(11) NOT NULL,
  `order_id` int(11) NOT NULL,
  `customer_id` int(11) NOT NULL,
  `amount` decimal(15,4) NOT NULL,
  `date_added` datetime NOT NULL,
  PRIMARY KEY (`coupon_history_id`)
) ENGINE=MyISAM DEFAULT CHARSET=utf8 COLLATE=utf8_bin;
/*!40101 SET character_set_client = @saved_cs_client */;

--
-- Dumping data for table `coupon_history`
--

LOCK TABLES `coupon_history` WRITE;
/*!40000 ALTER TABLE `coupon_history` DISABLE KEYS */;
/*!40000 ALTER TABLE `coupon_history` ENABLE KEYS */;
UNLOCK TABLES;

--
-- Table structure for table `coupon_product`
--

DROP TABLE IF EXISTS `coupon_product`;
/*!40101 SET @saved_cs_client     = @@character_set_client */;
/*!40101 SET character_set_client = utf8 */;
CREATE TABLE `coupon_product` (
  `coupon_product_id` int(11) NOT NULL AUTO_INCREMENT,
  `coupon_id` int(11) NOT NULL,
  `product_id` int(11) NOT NULL,
  PRIMARY KEY (`coupon_product_id`)
) ENGINE=MyISAM DEFAULT CHARSET=utf8 COLLATE=utf8_bin;
/*!40101 SET character_set_client = @saved_cs_client */;

--
-- Dumping data for table `coupon_product`
--

LOCK TABLES `coupon_product` WRITE;
/*!40000 ALTER TABLE `coupon_product` DISABLE KEYS */;
/*!40000 ALTER TABLE `coupon_product` ENABLE KEYS */;
UNLOCK TABLES;

--
-- Table structure for table `currency`
--

DROP TABLE IF EXISTS `currency`;
/*!40101 SET @saved_cs_client     = @@character_set_client */;
/*!40101 SET character_set_client = utf8 */;
CREATE TABLE `currency` (
  `currency_id` int(11) NOT NULL AUTO_INCREMENT,
  `title` varchar(32) COLLATE utf8_bin NOT NULL DEFAULT '',
  `code` varchar(3) COLLATE utf8_bin NOT NULL DEFAULT '',
  `symbol_left` varchar(12) COLLATE utf8_bin NOT NULL,
  `symbol_right` varchar(12) COLLATE utf8_bin NOT NULL,
  `decimal_place` char(1) COLLATE utf8_bin NOT NULL,
  `value` float(15,8) NOT NULL,
  `status` tinyint(1) NOT NULL,
  `date_modified` datetime NOT NULL DEFAULT '0000-00-00 00:00:00',
  PRIMARY KEY (`currency_id`)
) ENGINE=MyISAM AUTO_INCREMENT=4 DEFAULT CHARSET=utf8 COLLATE=utf8_bin;
/*!40101 SET character_set_client = @saved_cs_client */;

--
-- Dumping data for table `currency`
--

LOCK TABLES `currency` WRITE;
/*!40000 ALTER TABLE `currency` DISABLE KEYS */;
INSERT INTO `currency` VALUES (1,'Pound Sterling','GBP','£','','2',1.00000000,1,'2013-03-08 09:25:54'),(2,'US Dollar','USD','$','','2',1.49950004,1,'2013-03-07 10:06:34'),(3,'Euro','EUR','','€','2',1.15009999,1,'2013-03-07 10:06:34');
/*!40000 ALTER TABLE `currency` ENABLE KEYS */;
UNLOCK TABLES;

--
-- Table structure for table `customer`
--

DROP TABLE IF EXISTS `customer`;
/*!40101 SET @saved_cs_client     = @@character_set_client */;
/*!40101 SET character_set_client = utf8 */;
CREATE TABLE `customer` (
  `customer_id` int(11) NOT NULL AUTO_INCREMENT,
  `store_id` int(11) NOT NULL DEFAULT '0',
  `firstname` varchar(32) COLLATE utf8_bin NOT NULL DEFAULT '',
  `lastname` varchar(32) COLLATE utf8_bin NOT NULL DEFAULT '',
  `email` varchar(96) COLLATE utf8_bin NOT NULL DEFAULT '',
  `telephone` varchar(32) COLLATE utf8_bin NOT NULL DEFAULT '',
  `fax` varchar(32) COLLATE utf8_bin NOT NULL DEFAULT '',
  `password` varchar(40) COLLATE utf8_bin NOT NULL DEFAULT '',
  `salt` varchar(9) COLLATE utf8_bin NOT NULL DEFAULT '',
  `cart` text COLLATE utf8_bin,
  `wishlist` text COLLATE utf8_bin,
  `newsletter` tinyint(1) NOT NULL DEFAULT '0',
  `address_id` int(11) NOT NULL DEFAULT '0',
  `customer_group_id` int(11) NOT NULL,
  `ip` varchar(40) COLLATE utf8_bin NOT NULL DEFAULT '0',
  `status` tinyint(1) NOT NULL,
  `approved` tinyint(1) NOT NULL,
  `token` varchar(255) COLLATE utf8_bin NOT NULL,
  `date_added` datetime NOT NULL DEFAULT '0000-00-00 00:00:00',
  PRIMARY KEY (`customer_id`)
) ENGINE=MyISAM AUTO_INCREMENT=20 DEFAULT CHARSET=utf8 COLLATE=utf8_bin;
/*!40101 SET character_set_client = @saved_cs_client */;

--
-- Dumping data for table `customer`
--

LOCK TABLES `customer` WRITE;
/*!40000 ALTER TABLE `customer` DISABLE KEYS */;
INSERT INTO `customer` VALUES (1,1,'Antonio','Villella','antonio.villella@boudlesscommerce.co.uk','0848918198','','44af5de61bbd40ce90abfb637d095abf3afb44d0','673dee6f4','a:0:{}','',1,1,1,'127.0.0.1',1,1,'','2012-12-28 10:21:52'),(2,1,'Antonio','Villella','ing.antoniovillella@gmail.com','051684686','','39295b0570923425361fc98635282e04240c081d','dff65099d','a:0:{}','',1,2,1,'127.0.0.1',1,1,'','2012-12-28 16:50:32'),(3,1,'Antonio','Villella','antonio.villella6@tin.it','0516510060','','4d2c3a8548d15b1d175896f70e98755d57b4e11b','f3d73a782','a:0:{}','',1,3,1,'127.0.0.1',1,1,'','2013-01-02 09:59:55'),(4,1,'Antonio','Villella','michele@gmail.com','616684846','','0fc9c9627906d71acee29df078bb80479dc546f0','eccce5902','a:0:{}','',1,4,1,'127.0.0.1',1,1,'','2013-01-02 10:10:51'),(5,1,'Antonio','Villella','michele2@alice.it','06184986','','fae42ff08027ffd520b8acb2426bc2ca88e3c4e5','47d21da14','a:0:{}','a:1:{i:0;s:2:\"91\";}',1,5,1,'127.0.0.1',1,1,'','2013-01-02 10:18:38'),(6,1,'Antonio','Villella','antonio.villella6@gmail.com','0516510060','','3aa464f1bfd0dd81a081c80eef8b19ead206ea0e','38b776005','a:0:{}','',1,6,1,'127.0.0.1',1,1,'','2013-01-02 11:12:42'),(7,1,'Antonio','Villella','prova2@alice.it','sdfdsfs','','3ec87a9f07113b1d29e92e72a24d93479a985a4e','d7fdd8b50','a:1:{s:31:\"78:YToxOntpOjIyNztzOjI6IjE4Ijt9\";i:1;}','',0,7,1,'127.0.0.1',1,1,'','2013-01-02 11:35:26'),(8,1,'Antonio','Villella','michele3@alice.it','0516510060','','913259fbe60a75a5c97945f17b3319da69e34693','e9c05ff06','a:0:{}','',1,8,1,'127.0.0.1',1,1,'','2013-01-02 11:46:40'),(9,1,'Antonio','Villella','antonio.villella11@gmail.com','0618498','','a70a112f62619a829b8fdc7e0d4d3ba026e1d2fe','168386ae4','a:0:{}','',0,9,1,'127.0.0.1',1,1,'','2013-01-02 14:09:55'),(10,1,'Antonio','Villella','antonio.villella1@gmail.com','0516510060','','9c781fd2af1ef218ad544a2bf9e4d6db205d7da5','4dfcec7fb','a:0:{}','',0,10,1,'127.0.0.1',1,1,'','2013-01-02 14:27:41'),(11,1,'Antonio','Villella','prova4@alice.it','0618498','','19d033eea53fe778d3aee569bedddee505760534','e460778d3','a:1:{i:53;i:1;}','',0,11,1,'127.0.0.1',1,1,'','2013-01-02 16:10:56'),(12,1,'Antonio','Villella','michele7@alice.it','0618498','','78e747d39516410735e3e165cd4d5e0a9e7bc357','dab61dd01','a:0:{}','',0,12,1,'127.0.0.1',1,1,'','2013-01-03 09:53:21'),(13,1,'Antonio','Villella','prova10@alice.it','0516510060','','8fea8d6329b0e1bc8dbdb1194fa6c8fa7f8912d1','25a885920','a:0:{}','',1,13,1,'127.0.0.1',1,1,'','2013-01-03 11:37:08'),(14,1,'Antonio','Villella','prova9@alice.it','456456456','','6cc09e670e33ce102387c6331f36b9eeb5e64ff6','cafdb5664','a:0:{}','',0,14,1,'127.0.0.1',1,1,'','2013-01-03 17:21:56'),(15,1,'Antonio','Villella','prova0@alice.it','616684846','','8e59b6c17bbf1e50f90fa836ebb86bceac220739','eee03e8ab','a:0:{}','',0,15,1,'127.0.0.1',1,1,'','2013-01-04 09:22:48'),(16,1,'Antonio','Villella','michele0@alice.it','0516510060','','1ba13cb98332ceb77a9d58d4238a07b7c650cb92','dbe96e164','a:0:{}','',0,16,1,'127.0.0.1',1,1,'','2013-01-04 09:28:46'),(17,5,'francesco','michele','francesco@alice.it','982798738','','b6bf23de72995baabe26bab9095494ff0397e5c3','3e3d2b1c4','a:1:{s:31:\"78:YToxOntpOjIyNztzOjI6IjE4Ijt9\";i:1;}','',0,17,1,'127.0.0.1',1,1,'','2013-01-21 09:24:25'),(18,5,'Antonio','Villella','antonio.villella@gmail.com','505611616','','3f404bc5eb1788039fb3b4b191d819cc72f5af46','598b6c36a','a:0:{}','',0,18,1,'127.0.0.1',1,1,'','2013-01-21 16:05:51'),(19,1,'Mark','Horton','mark.horton@boundlesscommerce.co.uk','01273 1234556','','c88bf4b376bbf93cdcc5d941c814e742db863ee8','737b62661','a:1:{i:56;i:1;}','',0,19,1,'127.0.0.1',1,1,'','2013-02-01 16:56:33');
/*!40000 ALTER TABLE `customer` ENABLE KEYS */;
UNLOCK TABLES;

--
-- Table structure for table `customer_group`
--

DROP TABLE IF EXISTS `customer_group`;
/*!40101 SET @saved_cs_client     = @@character_set_client */;
/*!40101 SET character_set_client = utf8 */;
CREATE TABLE `customer_group` (
  `customer_group_id` int(11) NOT NULL AUTO_INCREMENT,
  `approval` int(1) NOT NULL,
  `company_id_display` int(1) NOT NULL,
  `company_id_required` int(1) NOT NULL,
  `tax_id_display` int(1) NOT NULL,
  `tax_id_required` int(1) NOT NULL,
  `sort_order` int(3) NOT NULL,
  PRIMARY KEY (`customer_group_id`)
) ENGINE=MyISAM AUTO_INCREMENT=2 DEFAULT CHARSET=utf8 COLLATE=utf8_bin;
/*!40101 SET character_set_client = @saved_cs_client */;

--
-- Dumping data for table `customer_group`
--

LOCK TABLES `customer_group` WRITE;
/*!40000 ALTER TABLE `customer_group` DISABLE KEYS */;
INSERT INTO `customer_group` VALUES (1,0,1,0,0,1,1);
/*!40000 ALTER TABLE `customer_group` ENABLE KEYS */;
UNLOCK TABLES;

--
-- Table structure for table `customer_group_description`
--

DROP TABLE IF EXISTS `customer_group_description`;
/*!40101 SET @saved_cs_client     = @@character_set_client */;
/*!40101 SET character_set_client = utf8 */;
CREATE TABLE `customer_group_description` (
  `customer_group_id` int(11) NOT NULL,
  `language_id` int(11) NOT NULL,
  `name` varchar(32) COLLATE utf8_bin NOT NULL,
  `description` text COLLATE utf8_bin NOT NULL,
  PRIMARY KEY (`customer_group_id`,`language_id`)
) ENGINE=MyISAM DEFAULT CHARSET=utf8 COLLATE=utf8_bin;
/*!40101 SET character_set_client = @saved_cs_client */;

--
-- Dumping data for table `customer_group_description`
--

LOCK TABLES `customer_group_description` WRITE;
/*!40000 ALTER TABLE `customer_group_description` DISABLE KEYS */;
INSERT INTO `customer_group_description` VALUES (1,1,'Default','test');
/*!40000 ALTER TABLE `customer_group_description` ENABLE KEYS */;
UNLOCK TABLES;

--
-- Table structure for table `customer_ip`
--

DROP TABLE IF EXISTS `customer_ip`;
/*!40101 SET @saved_cs_client     = @@character_set_client */;
/*!40101 SET character_set_client = utf8 */;
CREATE TABLE `customer_ip` (
  `customer_ip_id` int(11) NOT NULL AUTO_INCREMENT,
  `customer_id` int(11) NOT NULL,
  `ip` varchar(40) COLLATE utf8_bin NOT NULL,
  `date_added` datetime NOT NULL,
  PRIMARY KEY (`customer_ip_id`),
  KEY `ip` (`ip`)
) ENGINE=MyISAM AUTO_INCREMENT=20 DEFAULT CHARSET=utf8 COLLATE=utf8_bin;
/*!40101 SET character_set_client = @saved_cs_client */;

--
-- Dumping data for table `customer_ip`
--

LOCK TABLES `customer_ip` WRITE;
/*!40000 ALTER TABLE `customer_ip` DISABLE KEYS */;
INSERT INTO `customer_ip` VALUES (1,1,'127.0.0.1','2012-12-28 10:21:52'),(2,2,'127.0.0.1','2012-12-28 16:50:32'),(3,3,'127.0.0.1','2013-01-02 09:59:55'),(4,4,'127.0.0.1','2013-01-02 10:10:51'),(5,5,'127.0.0.1','2013-01-02 10:18:39'),(6,6,'127.0.0.1','2013-01-02 11:12:42'),(7,7,'127.0.0.1','2013-01-02 11:35:26'),(8,8,'127.0.0.1','2013-01-02 11:46:40'),(9,9,'127.0.0.1','2013-01-02 14:09:55'),(10,10,'127.0.0.1','2013-01-02 14:27:42'),(11,11,'127.0.0.1','2013-01-02 16:10:56'),(12,12,'127.0.0.1','2013-01-03 09:53:21'),(13,13,'127.0.0.1','2013-01-03 11:37:08'),(14,14,'127.0.0.1','2013-01-03 17:21:56'),(15,15,'127.0.0.1','2013-01-04 09:22:48'),(16,16,'127.0.0.1','2013-01-04 09:28:46'),(17,17,'127.0.0.1','2013-01-21 09:24:26'),(18,18,'127.0.0.1','2013-01-21 16:05:51'),(19,19,'127.0.0.1','2013-02-01 16:56:41');
/*!40000 ALTER TABLE `customer_ip` ENABLE KEYS */;
UNLOCK TABLES;

--
-- Table structure for table `customer_ip_blacklist`
--

DROP TABLE IF EXISTS `customer_ip_blacklist`;
/*!40101 SET @saved_cs_client     = @@character_set_client */;
/*!40101 SET character_set_client = utf8 */;
CREATE TABLE `customer_ip_blacklist` (
  `customer_ip_blacklist_id` int(11) NOT NULL AUTO_INCREMENT,
  `ip` varchar(40) COLLATE utf8_bin NOT NULL,
  PRIMARY KEY (`customer_ip_blacklist_id`),
  KEY `ip` (`ip`)
) ENGINE=MyISAM DEFAULT CHARSET=utf8 COLLATE=utf8_bin;
/*!40101 SET character_set_client = @saved_cs_client */;

--
-- Dumping data for table `customer_ip_blacklist`
--

LOCK TABLES `customer_ip_blacklist` WRITE;
/*!40000 ALTER TABLE `customer_ip_blacklist` DISABLE KEYS */;
/*!40000 ALTER TABLE `customer_ip_blacklist` ENABLE KEYS */;
UNLOCK TABLES;

--
-- Table structure for table `customer_online`
--

DROP TABLE IF EXISTS `customer_online`;
/*!40101 SET @saved_cs_client     = @@character_set_client */;
/*!40101 SET character_set_client = utf8 */;
CREATE TABLE `customer_online` (
  `ip` varchar(40) COLLATE utf8_bin NOT NULL,
  `customer_id` int(11) NOT NULL,
  `url` text COLLATE utf8_bin NOT NULL,
  `referer` text COLLATE utf8_bin NOT NULL,
  `date_added` datetime NOT NULL,
  PRIMARY KEY (`ip`)
) ENGINE=InnoDB DEFAULT CHARSET=utf8 COLLATE=utf8_bin;
/*!40101 SET character_set_client = @saved_cs_client */;

--
-- Dumping data for table `customer_online`
--

LOCK TABLES `customer_online` WRITE;
/*!40000 ALTER TABLE `customer_online` DISABLE KEYS */;
/*!40000 ALTER TABLE `customer_online` ENABLE KEYS */;
UNLOCK TABLES;

--
-- Table structure for table `customer_reward`
--

DROP TABLE IF EXISTS `customer_reward`;
/*!40101 SET @saved_cs_client     = @@character_set_client */;
/*!40101 SET character_set_client = utf8 */;
CREATE TABLE `customer_reward` (
  `customer_reward_id` int(11) NOT NULL AUTO_INCREMENT,
  `customer_id` int(11) NOT NULL DEFAULT '0',
  `order_id` int(11) NOT NULL DEFAULT '0',
  `description` text COLLATE utf8_bin NOT NULL,
  `points` int(8) NOT NULL DEFAULT '0',
  `date_added` datetime NOT NULL DEFAULT '0000-00-00 00:00:00',
  PRIMARY KEY (`customer_reward_id`)
) ENGINE=MyISAM DEFAULT CHARSET=utf8 COLLATE=utf8_bin;
/*!40101 SET character_set_client = @saved_cs_client */;

--
-- Dumping data for table `customer_reward`
--

LOCK TABLES `customer_reward` WRITE;
/*!40000 ALTER TABLE `customer_reward` DISABLE KEYS */;
/*!40000 ALTER TABLE `customer_reward` ENABLE KEYS */;
UNLOCK TABLES;

--
-- Table structure for table `customer_transaction`
--

DROP TABLE IF EXISTS `customer_transaction`;
/*!40101 SET @saved_cs_client     = @@character_set_client */;
/*!40101 SET character_set_client = utf8 */;
CREATE TABLE `customer_transaction` (
  `customer_transaction_id` int(11) NOT NULL AUTO_INCREMENT,
  `customer_id` int(11) NOT NULL,
  `order_id` int(11) NOT NULL,
  `description` text COLLATE utf8_bin NOT NULL,
  `amount` decimal(15,4) NOT NULL,
  `date_added` datetime NOT NULL,
  PRIMARY KEY (`customer_transaction_id`)
) ENGINE=MyISAM DEFAULT CHARSET=utf8 COLLATE=utf8_bin;
/*!40101 SET character_set_client = @saved_cs_client */;

--
-- Dumping data for table `customer_transaction`
--

LOCK TABLES `customer_transaction` WRITE;
/*!40000 ALTER TABLE `customer_transaction` DISABLE KEYS */;
/*!40000 ALTER TABLE `customer_transaction` ENABLE KEYS */;
UNLOCK TABLES;

--
-- Table structure for table `download`
--

DROP TABLE IF EXISTS `download`;
/*!40101 SET @saved_cs_client     = @@character_set_client */;
/*!40101 SET character_set_client = utf8 */;
CREATE TABLE `download` (
  `download_id` int(11) NOT NULL AUTO_INCREMENT,
  `filename` varchar(128) COLLATE utf8_bin NOT NULL DEFAULT '',
  `mask` varchar(128) COLLATE utf8_bin NOT NULL DEFAULT '',
  `remaining` int(11) NOT NULL DEFAULT '0',
  `date_added` datetime NOT NULL DEFAULT '0000-00-00 00:00:00',
  PRIMARY KEY (`download_id`)
) ENGINE=MyISAM DEFAULT CHARSET=utf8 COLLATE=utf8_bin;
/*!40101 SET character_set_client = @saved_cs_client */;

--
-- Dumping data for table `download`
--

LOCK TABLES `download` WRITE;
/*!40000 ALTER TABLE `download` DISABLE KEYS */;
/*!40000 ALTER TABLE `download` ENABLE KEYS */;
UNLOCK TABLES;

--
-- Table structure for table `download_description`
--

DROP TABLE IF EXISTS `download_description`;
/*!40101 SET @saved_cs_client     = @@character_set_client */;
/*!40101 SET character_set_client = utf8 */;
CREATE TABLE `download_description` (
  `download_id` int(11) NOT NULL,
  `language_id` int(11) NOT NULL,
  `name` varchar(64) COLLATE utf8_bin NOT NULL DEFAULT '',
  PRIMARY KEY (`download_id`,`language_id`)
) ENGINE=MyISAM DEFAULT CHARSET=utf8 COLLATE=utf8_bin;
/*!40101 SET character_set_client = @saved_cs_client */;

--
-- Dumping data for table `download_description`
--

LOCK TABLES `download_description` WRITE;
/*!40000 ALTER TABLE `download_description` DISABLE KEYS */;
/*!40000 ALTER TABLE `download_description` ENABLE KEYS */;
UNLOCK TABLES;

--
-- Table structure for table `event`
--

DROP TABLE IF EXISTS `event`;
/*!40101 SET @saved_cs_client     = @@character_set_client */;
/*!40101 SET character_set_client = utf8 */;
CREATE TABLE `event` (
  `event_id` int(11) NOT NULL AUTO_INCREMENT,
  `sort_order` int(3) NOT NULL DEFAULT '0',
  `status` int(1) NOT NULL DEFAULT '1',
  `event_date` date DEFAULT NULL,
  `allow_subscribe` enum('y','n') DEFAULT NULL,
  `no_of_sub` varchar(30) DEFAULT NULL,
  `image` varchar(255) DEFAULT NULL,
  `product_related` text,
  PRIMARY KEY (`event_id`)
) ENGINE=InnoDB AUTO_INCREMENT=3 DEFAULT CHARSET=latin1;
/*!40101 SET character_set_client = @saved_cs_client */;

--
-- Dumping data for table `event`
--

LOCK TABLES `event` WRITE;
/*!40000 ALTER TABLE `event` DISABLE KEYS */;
INSERT INTO `event` VALUES (2,0,1,'2012-12-11','n','','',NULL);
/*!40000 ALTER TABLE `event` ENABLE KEYS */;
UNLOCK TABLES;

--
-- Table structure for table `event_description`
--

DROP TABLE IF EXISTS `event_description`;
/*!40101 SET @saved_cs_client     = @@character_set_client */;
/*!40101 SET character_set_client = utf8 */;
CREATE TABLE `event_description` (
  `event_id` int(11) NOT NULL,
  `language_id` int(11) NOT NULL,
  `title` varchar(64) CHARACTER SET utf8 COLLATE utf8_bin NOT NULL DEFAULT '',
  `description` text CHARACTER SET utf8 COLLATE utf8_bin NOT NULL,
  PRIMARY KEY (`event_id`,`language_id`)
) ENGINE=InnoDB DEFAULT CHARSET=latin1;
/*!40101 SET character_set_client = @saved_cs_client */;

--
-- Dumping data for table `event_description`
--

LOCK TABLES `event_description` WRITE;
/*!40000 ALTER TABLE `event_description` DISABLE KEYS */;
INSERT INTO `event_description` VALUES (2,1,'Event 1','&lt;p&gt;\r\n	Event 1 text&lt;/p&gt;\r\n');
/*!40000 ALTER TABLE `event_description` ENABLE KEYS */;
UNLOCK TABLES;

--
-- Table structure for table `event_subscribers`
--

DROP TABLE IF EXISTS `event_subscribers`;
/*!40101 SET @saved_cs_client     = @@character_set_client */;
/*!40101 SET character_set_client = utf8 */;
CREATE TABLE `event_subscribers` (
  `id` int(11) NOT NULL AUTO_INCREMENT,
  `event_id` int(11) NOT NULL,
  `fname` varchar(20) NOT NULL,
  `lname` varchar(20) NOT NULL,
  `phone` varchar(30) NOT NULL,
  `email` varchar(50) NOT NULL,
  `comments` text NOT NULL,
  `dtadd` datetime NOT NULL,
  PRIMARY KEY (`id`)
) ENGINE=MyISAM DEFAULT CHARSET=latin1;
/*!40101 SET character_set_client = @saved_cs_client */;

--
-- Dumping data for table `event_subscribers`
--

LOCK TABLES `event_subscribers` WRITE;
/*!40000 ALTER TABLE `event_subscribers` DISABLE KEYS */;
/*!40000 ALTER TABLE `event_subscribers` ENABLE KEYS */;
UNLOCK TABLES;

--
-- Table structure for table `event_to_layout`
--

DROP TABLE IF EXISTS `event_to_layout`;
/*!40101 SET @saved_cs_client     = @@character_set_client */;
/*!40101 SET character_set_client = utf8 */;
CREATE TABLE `event_to_layout` (
  `event_id` int(11) NOT NULL,
  `store_id` int(11) NOT NULL,
  `layout_id` int(11) NOT NULL,
  PRIMARY KEY (`event_id`,`store_id`)
) ENGINE=MyISAM DEFAULT CHARSET=latin1;
/*!40101 SET character_set_client = @saved_cs_client */;

--
-- Dumping data for table `event_to_layout`
--

LOCK TABLES `event_to_layout` WRITE;
/*!40000 ALTER TABLE `event_to_layout` DISABLE KEYS */;
INSERT INTO `event_to_layout` VALUES (2,0,0),(2,1,0);
/*!40000 ALTER TABLE `event_to_layout` ENABLE KEYS */;
UNLOCK TABLES;

--
-- Table structure for table `event_to_store`
--

DROP TABLE IF EXISTS `event_to_store`;
/*!40101 SET @saved_cs_client     = @@character_set_client */;
/*!40101 SET character_set_client = utf8 */;
CREATE TABLE `event_to_store` (
  `event_id` int(11) NOT NULL,
  `store_id` int(11) NOT NULL,
  PRIMARY KEY (`event_id`,`store_id`)
) ENGINE=InnoDB DEFAULT CHARSET=latin1;
/*!40101 SET character_set_client = @saved_cs_client */;

--
-- Dumping data for table `event_to_store`
--

LOCK TABLES `event_to_store` WRITE;
/*!40000 ALTER TABLE `event_to_store` DISABLE KEYS */;
INSERT INTO `event_to_store` VALUES (2,1);
/*!40000 ALTER TABLE `event_to_store` ENABLE KEYS */;
UNLOCK TABLES;

--
-- Table structure for table `extension`
--

DROP TABLE IF EXISTS `extension`;
/*!40101 SET @saved_cs_client     = @@character_set_client */;
/*!40101 SET character_set_client = utf8 */;
CREATE TABLE `extension` (
  `extension_id` int(11) NOT NULL AUTO_INCREMENT,
  `type` varchar(32) COLLATE utf8_bin NOT NULL,
  `code` varchar(32) COLLATE utf8_bin NOT NULL,
  PRIMARY KEY (`extension_id`)
) ENGINE=MyISAM AUTO_INCREMENT=441 DEFAULT CHARSET=utf8 COLLATE=utf8_bin;
/*!40101 SET character_set_client = @saved_cs_client */;

--
-- Dumping data for table `extension`
--

LOCK TABLES `extension` WRITE;
/*!40000 ALTER TABLE `extension` DISABLE KEYS */;
INSERT INTO `extension` VALUES (23,'payment','cod'),(22,'total','shipping'),(57,'total','sub_total'),(58,'total','tax'),(59,'total','total'),(410,'module','banner'),(426,'module','carousel'),(390,'total','credit'),(387,'shipping','flat'),(349,'total','handling'),(350,'total','low_order_fee'),(389,'total','coupon'),(413,'module','category'),(411,'module','affiliate'),(408,'module','account'),(428,'module','newsletter'),(398,'total','voucher'),(407,'payment','free_checkout'),(427,'module','featured'),(419,'module','slideshow'),(430,'module','event'),(433,'module','welcome'),(434,'module','information'),(435,'module','ncategory'),(436,'module','news'),(437,'module','advanced_coupon'),(438,'module','afilters'),(439,'feed','google_base'),(440,'module','contact');
/*!40000 ALTER TABLE `extension` ENABLE KEYS */;
UNLOCK TABLES;

--
-- Table structure for table `geo_zone`
--

DROP TABLE IF EXISTS `geo_zone`;
/*!40101 SET @saved_cs_client     = @@character_set_client */;
/*!40101 SET character_set_client = utf8 */;
CREATE TABLE `geo_zone` (
  `geo_zone_id` int(11) NOT NULL AUTO_INCREMENT,
  `name` varchar(32) COLLATE utf8_bin NOT NULL DEFAULT '',
  `description` varchar(255) COLLATE utf8_bin NOT NULL DEFAULT '',
  `date_modified` datetime NOT NULL DEFAULT '0000-00-00 00:00:00',
  `date_added` datetime NOT NULL DEFAULT '0000-00-00 00:00:00',
  PRIMARY KEY (`geo_zone_id`)
) ENGINE=MyISAM AUTO_INCREMENT=5 DEFAULT CHARSET=utf8 COLLATE=utf8_bin;
/*!40101 SET character_set_client = @saved_cs_client */;

--
-- Dumping data for table `geo_zone`
--

LOCK TABLES `geo_zone` WRITE;
/*!40000 ALTER TABLE `geo_zone` DISABLE KEYS */;
INSERT INTO `geo_zone` VALUES (3,'UK VAT Zone','UK VAT','2010-02-26 22:33:24','2009-01-06 23:26:25'),(4,'UK Shipping','UK Shipping Zones','2010-12-15 15:18:13','2009-06-23 01:14:53');
/*!40000 ALTER TABLE `geo_zone` ENABLE KEYS */;
UNLOCK TABLES;

--
-- Table structure for table `information`
--

DROP TABLE IF EXISTS `information`;
/*!40101 SET @saved_cs_client     = @@character_set_client */;
/*!40101 SET character_set_client = utf8 */;
CREATE TABLE `information` (
  `information_id` int(11) NOT NULL AUTO_INCREMENT,
  `bottom` int(1) NOT NULL DEFAULT '0',
  `sort_order` int(3) NOT NULL DEFAULT '0',
  `status` tinyint(1) NOT NULL DEFAULT '1',
  `image` varchar(255) COLLATE utf8_bin DEFAULT NULL,
  PRIMARY KEY (`information_id`)
) ENGINE=MyISAM AUTO_INCREMENT=62 DEFAULT CHARSET=utf8 COLLATE=utf8_bin;
/*!40101 SET character_set_client = @saved_cs_client */;

--
-- Dumping data for table `information`
--

LOCK TABLES `information` WRITE;
/*!40000 ALTER TABLE `information` DISABLE KEYS */;
INSERT INTO `information` VALUES (3,1,0,1,''),(4,1,1,1,NULL),(5,1,4,1,NULL),(6,1,2,1,NULL),(7,0,0,1,NULL),(8,0,0,1,NULL),(9,0,0,1,NULL),(10,0,0,1,NULL),(11,0,2,1,NULL),(12,0,3,1,NULL),(13,0,0,1,NULL),(14,0,1,1,NULL),(15,0,0,1,NULL),(16,0,3,1,NULL),(17,0,0,1,NULL),(18,0,0,1,NULL),(19,0,0,1,NULL),(20,0,0,1,NULL),(21,0,0,1,NULL),(23,0,0,1,NULL),(24,0,0,1,NULL),(25,0,0,1,NULL),(26,0,0,1,NULL),(27,0,0,1,NULL),(28,0,0,1,NULL),(29,0,0,1,NULL),(30,0,0,1,NULL),(31,1,0,1,NULL),(32,1,1,1,NULL),(33,1,2,1,NULL),(34,1,3,1,NULL),(35,1,4,1,NULL),(36,1,5,1,NULL),(37,0,3,1,''),(38,0,9,1,''),(39,0,10,1,''),(40,0,11,1,''),(41,0,4,1,''),(42,0,5,1,''),(43,0,6,1,''),(44,0,7,1,''),(45,0,8,1,''),(47,0,12,1,''),(48,0,13,1,''),(49,0,14,1,''),(50,0,15,1,''),(51,0,16,1,''),(55,0,1,1,'data/sealskinz/information/factory.jpg'),(56,0,0,1,'data/sealskinz/banner/history.jpg'),(57,0,2,1,'data/sealskinz/information/technology.jpg'),(58,0,17,1,'data/sealskinz/information/product_registration.jpg'),(59,0,18,1,''),(60,0,19,1,''),(61,0,20,1,'');
/*!40000 ALTER TABLE `information` ENABLE KEYS */;
UNLOCK TABLES;

--
-- Table structure for table `information_description`
--

DROP TABLE IF EXISTS `information_description`;
/*!40101 SET @saved_cs_client     = @@character_set_client */;
/*!40101 SET character_set_client = utf8 */;
CREATE TABLE `information_description` (
  `information_id` int(11) NOT NULL,
  `language_id` int(11) NOT NULL,
  `title` varchar(64) COLLATE utf8_bin NOT NULL DEFAULT '',
  `description` text COLLATE utf8_bin NOT NULL,
  PRIMARY KEY (`information_id`,`language_id`)
) ENGINE=MyISAM DEFAULT CHARSET=utf8 COLLATE=utf8_bin;
/*!40101 SET character_set_client = @saved_cs_client */;

--
-- Dumping data for table `information_description`
--

LOCK TABLES `information_description` WRITE;
/*!40000 ALTER TABLE `information_description` DISABLE KEYS */;
INSERT INTO `information_description` VALUES (3,1,'Privacy Policy','&lt;p&gt;\r\n	Privacy Policy&lt;/p&gt;\r\n'),(6,1,'Delivery Information','&lt;p&gt;\r\n	Delivery Information&lt;/p&gt;\r\n'),(8,1,'Cadenheads','&lt;table align=&quot;top&quot; height=&quot;308&quot; width=&quot;100%&quot;&gt;\r\n	&lt;tbody&gt;\r\n		&lt;tr&gt;\r\n			&lt;td width=&quot;70%&quot;&gt;\r\n				&lt;h1&gt;\r\n					Cadenheads&lt;/h1&gt;\r\n				&lt;h2&gt;\r\n					Scotland\'s Oldest Independent Bottler&lt;/h2&gt;\r\n				&lt;div class=&quot;content clear-block&quot;&gt;\r\n					&lt;p&gt;\r\n						Scotch Whisky is known the world-over by the Brand names of large blending companies. These blends are the mixture of the products of various distilleries which were originally independent family owned units.&lt;/p&gt;\r\n					&lt;p&gt;\r\n						Until the middle of the 20th century there were many small firms that bottled and sold the pure product of the local distilleries. Since Victorian times the firm of William Cadenhead has provided this service.&lt;/p&gt;\r\n					&lt;p&gt;\r\n						However a diminution of public interest caused the small bottling companies to close down. Only a small handful of distilleries still remain in the ownership of their founding families and even fewer of the bottling companies remain active, William Cadenhead is one of the notable survivors.&lt;/p&gt;\r\n					&lt;p&gt;\r\n						Recent revival of interest in the whisky from different single distilleries has caused a surge of new firms to emerge. Many do not actually control their bottling operations and unfortunately feel it necessary to invest fictitious ancestries. However William Cadenhead has a well established pedigree and the experience of over one and a half centuries ensures that our customers can truly rely on what we put in a bottle. We guarantee that we never chill-filter or chemically alter the products that we bottle nor do we add colouring agents. Each of our bottlings of whisky, and indeed of our rums and cognacs, comes from an individually selected cask.&lt;/p&gt;\r\n				&lt;/div&gt;\r\n				&lt;p&gt;\r\n					&amp;nbsp;&lt;/p&gt;\r\n			&lt;/td&gt;\r\n			&lt;td width=&quot;30%&quot;&gt;\r\n				&lt;img alt=&quot;&quot; src=&quot;http://boundless-cart.local/image/data/cadenheads/Indipendent Bottler.png&quot; style=&quot;width: 308px; height: 396px;&quot; /&gt;&lt;/td&gt;\r\n		&lt;/tr&gt;\r\n	&lt;/tbody&gt;\r\n&lt;/table&gt;\r\n&lt;p&gt;\r\n	&amp;nbsp;&lt;/p&gt;\r\n'),(11,1,'Stockists','&lt;div id=&quot;column-left&quot;&gt;\r\n	&lt;div class=&quot;box&quot;&gt;\r\n		&lt;div class=&quot;box-heading&quot;&gt;\r\n			&lt;a href=&quot;index.php?route=information/information&amp;amp;information_id=10&quot;&gt;Contact Us&lt;/a&gt;&lt;/div&gt;\r\n		&lt;div class=&quot;box-content&quot;&gt;\r\n			&lt;p&gt;\r\n				&lt;a href=&quot;index.php?route=information/information&amp;amp;information_id=10&quot;&gt;Our Contact Details&lt;/a&gt;&lt;/p&gt;\r\n			&lt;p&gt;\r\n				&lt;strong&gt;&lt;a href=&quot;index.php?route=information/information&amp;amp;information_id=11&quot;&gt;Stockists&lt;/a&gt;&lt;/strong&gt;&lt;/p&gt;\r\n			&lt;p&gt;\r\n				&lt;a href=&quot;index.php?route=information/information&amp;amp;information_id=12&quot;&gt;Wholesale Enquiries&lt;/a&gt;&lt;/p&gt;\r\n		&lt;/div&gt;\r\n	&lt;/div&gt;\r\n&lt;/div&gt;\r\n&lt;div id=&quot;content&quot;&gt;\r\n	&lt;div class=&quot;banner&quot;&gt;\r\n		&lt;img alt=&quot;&quot; src=&quot;http://daffodill.totallyboundless.com/image/data/STOCKISTS.jpg&quot; style=&quot;width: 757px; height: 214px; &quot; /&gt;&lt;/div&gt;\r\n	&lt;h1&gt;\r\n		Stockists&lt;/h1&gt;\r\n	&lt;table align=&quot;right&quot; border=&quot;1&quot; cellpadding=&quot;1&quot; cellspacing=&quot;1&quot; style=&quot;width: 750px; &quot;&gt;\r\n		&lt;thead&gt;\r\n			&lt;tr&gt;\r\n				&lt;th scope=&quot;col&quot; style=&quot;&quot;&gt;\r\n					LONDON &amp;amp; SOUTH EAST&lt;/th&gt;\r\n				&lt;th scope=&quot;col&quot;&gt;\r\n					&lt;div style=&quot;&quot;&gt;\r\n						EUROPE&lt;/div&gt;\r\n				&lt;/th&gt;\r\n				&lt;th scope=&quot;col&quot;&gt;\r\n					&lt;div style=&quot;&quot;&gt;\r\n						ONLINE STOCKISTS&lt;/div&gt;\r\n				&lt;/th&gt;\r\n			&lt;/tr&gt;\r\n		&lt;/thead&gt;\r\n		&lt;tbody&gt;\r\n			&lt;tr&gt;\r\n				&lt;td&gt;\r\n					&lt;div&gt;\r\n						EAST SUSSEX&lt;/div&gt;\r\n					&lt;div&gt;\r\n						&amp;nbsp;&lt;/div&gt;\r\n					&lt;div&gt;\r\n						(THE) BODY JUNCTION&lt;/div&gt;\r\n					&lt;div&gt;\r\n						No 3 Sutherland Avenue&lt;/div&gt;\r\n					&lt;div&gt;\r\n						Bexhill on Sea&lt;/div&gt;\r\n					&lt;div&gt;\r\n						East Sussex&lt;/div&gt;\r\n					&lt;div&gt;\r\n						TN39 3LT&lt;/div&gt;\r\n					&lt;div&gt;\r\n						Tel: 01424 215300&lt;/div&gt;\r\n					&lt;div&gt;\r\n						&amp;nbsp;&lt;/div&gt;\r\n					&lt;div&gt;\r\n						DARCEY&lt;/div&gt;\r\n					&lt;div&gt;\r\n						Station Road&lt;/div&gt;\r\n					&lt;div&gt;\r\n						Heathfield&lt;/div&gt;\r\n					&lt;div&gt;\r\n						East Sussex&lt;/div&gt;\r\n					&lt;div&gt;\r\n						TN21 8LB&lt;/div&gt;\r\n					&lt;div&gt;\r\n						Tel: 01435 864962&lt;/div&gt;\r\n					&lt;div&gt;\r\n						&amp;nbsp;&lt;/div&gt;\r\n					&lt;div&gt;\r\n						IVORY&lt;/div&gt;\r\n					&lt;div&gt;\r\n						52 High Street&lt;/div&gt;\r\n					&lt;div&gt;\r\n						Battle&lt;/div&gt;\r\n					&lt;div&gt;\r\n						East Sussex&lt;/div&gt;\r\n					&lt;div&gt;\r\n						TN33 0EN&lt;/div&gt;\r\n					&lt;div&gt;\r\n						Tel: 01424 777713&lt;/div&gt;\r\n					&lt;div&gt;\r\n						&amp;nbsp;&lt;/div&gt;\r\n					&lt;div&gt;\r\n						PRIVATE COLLECTION&lt;/div&gt;\r\n					&lt;div&gt;\r\n						The Square&lt;/div&gt;\r\n					&lt;div&gt;\r\n						Forest Row&lt;/div&gt;\r\n					&lt;div&gt;\r\n						East Sussex&lt;/div&gt;\r\n					&lt;div&gt;\r\n						RH18 5ES&lt;/div&gt;\r\n					&lt;div&gt;\r\n						Tel: 01342 823 703&lt;/div&gt;\r\n					&lt;div&gt;\r\n						HERTFORDSHIRE&lt;/div&gt;\r\n					&lt;div&gt;\r\n						&amp;nbsp;&lt;/div&gt;\r\n					&lt;div&gt;\r\n						ESSEX&lt;/div&gt;\r\n					&lt;div&gt;\r\n						&amp;nbsp;&lt;/div&gt;\r\n					&lt;div&gt;\r\n						CHICHI BOUTIQUE&lt;/div&gt;\r\n					&lt;div&gt;\r\n						173 High Road&lt;/div&gt;\r\n					&lt;div&gt;\r\n						Loughton&lt;/div&gt;\r\n					&lt;div&gt;\r\n						Essex&lt;/div&gt;\r\n					&lt;div&gt;\r\n						IG10 4LF&lt;/div&gt;\r\n					&lt;div&gt;\r\n						Tel: 07979 597 730&amp;nbsp;&lt;/div&gt;\r\n					&lt;div&gt;\r\n						&amp;nbsp;&lt;/div&gt;\r\n					&lt;div&gt;\r\n						DEEJAY&lt;/div&gt;\r\n					&lt;div&gt;\r\n						120 High Road&lt;/div&gt;\r\n					&lt;div&gt;\r\n						Loughton&amp;nbsp;&lt;/div&gt;\r\n					&lt;div&gt;\r\n						Essex&lt;/div&gt;\r\n					&lt;div&gt;\r\n						IG10 4HJ&lt;/div&gt;\r\n					&lt;div&gt;\r\n						Tel: 020 8508 0008&lt;/div&gt;\r\n					&lt;div&gt;\r\n						&amp;nbsp;&lt;/div&gt;\r\n					&lt;div&gt;\r\n						MONIQUE OF FRINTON&lt;/div&gt;\r\n					&lt;div&gt;\r\n						61 Connaught Avenue&lt;/div&gt;\r\n					&lt;div&gt;\r\n						Frinton on Sea&lt;/div&gt;\r\n					&lt;div&gt;\r\n						Essex&lt;/div&gt;\r\n					&lt;div&gt;\r\n						CO13 9PP&lt;/div&gt;\r\n					&lt;div&gt;\r\n						Tel: 01255 676024&lt;/div&gt;\r\n					&lt;div&gt;\r\n						&amp;nbsp;&lt;/div&gt;\r\n					&lt;div&gt;\r\n						HERTFORDSHIRE&lt;/div&gt;\r\n					&lt;div&gt;\r\n						&amp;nbsp;&lt;/div&gt;\r\n					&lt;div&gt;\r\n						WILLOW&lt;/div&gt;\r\n					&lt;div&gt;\r\n						21a bell St&lt;/div&gt;\r\n					&lt;div&gt;\r\n						Sawbridgeworth&lt;/div&gt;\r\n					&lt;div&gt;\r\n						Hertforshire&lt;/div&gt;\r\n					&lt;div&gt;\r\n						CM21 9AR&lt;/div&gt;\r\n					&lt;div&gt;\r\n						Tel: 01279 721799&amp;nbsp;&lt;/div&gt;\r\n					&lt;div&gt;\r\n						&amp;nbsp;&lt;/div&gt;\r\n					&lt;div&gt;\r\n						KENT&lt;/div&gt;\r\n					&lt;div&gt;\r\n						&amp;nbsp;&lt;/div&gt;\r\n					&lt;div&gt;\r\n						CORDELIA JAMES&lt;/div&gt;\r\n					&lt;div&gt;\r\n						No 6 The Colonnade&amp;nbsp;&lt;/div&gt;\r\n					&lt;div&gt;\r\n						Rye Road&lt;/div&gt;\r\n					&lt;div&gt;\r\n						Hawkhurst&lt;/div&gt;\r\n					&lt;div&gt;\r\n						Kent&lt;/div&gt;\r\n					&lt;div&gt;\r\n						TN18 4ES&lt;/div&gt;\r\n					&lt;div&gt;\r\n						Tel: 01580 752118&lt;/div&gt;\r\n					&lt;div&gt;\r\n						&amp;nbsp;&lt;/div&gt;\r\n					&lt;div&gt;\r\n						THE FITWEAR BOUTIQUE&lt;/div&gt;\r\n					&lt;div&gt;\r\n						39 Darwin Drive&lt;/div&gt;\r\n					&lt;div&gt;\r\n						Tonbridge&lt;/div&gt;\r\n					&lt;div&gt;\r\n						Kent&lt;/div&gt;\r\n					&lt;div&gt;\r\n						TN10 4SA&lt;/div&gt;\r\n					&lt;div&gt;\r\n						Tel: 01732 300527&lt;/div&gt;\r\n					&lt;div&gt;\r\n						&amp;nbsp;&lt;/div&gt;\r\n					&lt;div&gt;\r\n						SIMPLY SWEAT&lt;/div&gt;\r\n					&lt;div&gt;\r\n						5 Jubilee Way&lt;/div&gt;\r\n					&lt;div&gt;\r\n						Eurocentre&lt;/div&gt;\r\n					&lt;div&gt;\r\n						Faversham&lt;/div&gt;\r\n					&lt;div&gt;\r\n						Kent&lt;/div&gt;\r\n					&lt;div&gt;\r\n						8GD 7DZ&lt;/div&gt;\r\n					&lt;div&gt;\r\n						Tel: 01795 597254&lt;/div&gt;\r\n					&lt;div&gt;\r\n						&amp;nbsp;&lt;/div&gt;\r\n					&lt;div&gt;\r\n						LONDON&lt;/div&gt;\r\n					&lt;div&gt;\r\n						&amp;nbsp;&lt;/div&gt;\r\n					&lt;div&gt;\r\n						BIAS&lt;/div&gt;\r\n					&lt;div&gt;\r\n						23 Tintagel Crescent&lt;/div&gt;\r\n					&lt;div&gt;\r\n						East Dulwich&lt;/div&gt;\r\n					&lt;div&gt;\r\n						London&lt;/div&gt;\r\n					&lt;div&gt;\r\n						SE22 8HT&lt;/div&gt;\r\n					&lt;div&gt;\r\n						&amp;nbsp;&lt;/div&gt;\r\n					&lt;div&gt;\r\n						BIKRAM YOGA WEST&lt;/div&gt;\r\n					&lt;div&gt;\r\n						260 Kilburn Lane&lt;/div&gt;\r\n					&lt;div&gt;\r\n						London&lt;/div&gt;\r\n					&lt;div&gt;\r\n						W10 4BA&lt;/div&gt;\r\n					&lt;div&gt;\r\n						Tel: 020 3368 6966&lt;/div&gt;\r\n					&lt;div&gt;\r\n						&amp;nbsp;&lt;/div&gt;\r\n					&lt;div&gt;\r\n						JIVAMUKTI YOGA&lt;/div&gt;\r\n					&lt;div&gt;\r\n						300 Kensal Road&lt;/div&gt;\r\n					&lt;div&gt;\r\n						Units 136-137&lt;/div&gt;\r\n					&lt;div&gt;\r\n						London&amp;nbsp;&lt;/div&gt;\r\n					&lt;div&gt;\r\n						W10 5BE&lt;/div&gt;\r\n					&lt;div&gt;\r\n						Tel: 0208 8923403&lt;/div&gt;\r\n					&lt;div&gt;\r\n						&amp;nbsp;&lt;/div&gt;\r\n					&lt;div&gt;\r\n						KINESIS STUDIOS&lt;/div&gt;\r\n					&lt;div&gt;\r\n						Unit A,&amp;nbsp;&lt;/div&gt;\r\n					&lt;div&gt;\r\n						105-109 Lancaster Rd&lt;/div&gt;\r\n					&lt;div&gt;\r\n						London&amp;nbsp;&lt;/div&gt;\r\n					&lt;div&gt;\r\n						W11 1QF&lt;/div&gt;\r\n					&lt;div&gt;\r\n						&amp;nbsp;&lt;/div&gt;\r\n					&lt;div&gt;\r\n						THE CLOTHES ROOM&lt;/div&gt;\r\n					&lt;div&gt;\r\n						81 Church Road&lt;/div&gt;\r\n					&lt;div&gt;\r\n						Barnes&lt;/div&gt;\r\n					&lt;div&gt;\r\n						London&lt;/div&gt;\r\n					&lt;div&gt;\r\n						SW13 9HH&lt;/div&gt;\r\n					&lt;div&gt;\r\n						Tel: 0208 7488872&lt;/div&gt;\r\n					&lt;div&gt;\r\n						&amp;nbsp;&lt;/div&gt;\r\n					&lt;div&gt;\r\n						THE LIFE CENTRE&lt;/div&gt;\r\n					&lt;div&gt;\r\n						15 EDGE STREET&lt;/div&gt;\r\n					&lt;div&gt;\r\n						London&lt;/div&gt;\r\n					&lt;div&gt;\r\n						W8 7PN&lt;/div&gt;\r\n					&lt;div&gt;\r\n						Tel: 020 7221 4602&lt;/div&gt;\r\n					&lt;div&gt;\r\n						&amp;nbsp;&lt;/div&gt;\r\n					&lt;div&gt;\r\n						SUFFOLK&lt;/div&gt;\r\n					&lt;div&gt;\r\n						&amp;nbsp;&lt;/div&gt;\r\n					&lt;div&gt;\r\n						BUTTERFLI&lt;/div&gt;\r\n					&lt;div&gt;\r\n						4 Earsham Street&lt;/div&gt;\r\n					&lt;div&gt;\r\n						Bungay&lt;/div&gt;\r\n					&lt;div&gt;\r\n						Suffolk&lt;/div&gt;\r\n					&lt;div&gt;\r\n						NR35 1AG&lt;/div&gt;\r\n					&lt;div&gt;\r\n						Tel: 07900 922 922&lt;/div&gt;\r\n					&lt;div&gt;\r\n						&amp;nbsp;&lt;/div&gt;\r\n					&lt;div&gt;\r\n						CALENDULA&lt;/div&gt;\r\n					&lt;div&gt;\r\n						76 High Street&lt;/div&gt;\r\n					&lt;div&gt;\r\n						Southwold&lt;/div&gt;\r\n					&lt;div&gt;\r\n						Suffolk&lt;/div&gt;\r\n					&lt;div&gt;\r\n						IP18 6DN&lt;/div&gt;\r\n					&lt;div&gt;\r\n						Tel: 01502 724331&lt;/div&gt;\r\n					&lt;div&gt;\r\n						&amp;nbsp;&lt;/div&gt;\r\n					&lt;div&gt;\r\n						GUTHRUMS&lt;/div&gt;\r\n					&lt;div&gt;\r\n						98 High Street&lt;/div&gt;\r\n					&lt;div&gt;\r\n						Hadleigh&lt;/div&gt;\r\n					&lt;div&gt;\r\n						Suffolk&lt;/div&gt;\r\n					&lt;div&gt;\r\n						IP7 5EN&lt;/div&gt;\r\n					&lt;div&gt;\r\n						Tel: 01473 829669&lt;/div&gt;\r\n					&lt;div&gt;\r\n						&amp;nbsp;&lt;/div&gt;\r\n					&lt;div&gt;\r\n						TRISHA’S&lt;/div&gt;\r\n					&lt;div&gt;\r\n						18 High Street&lt;/div&gt;\r\n					&lt;div&gt;\r\n						Aldeburgh&lt;/div&gt;\r\n					&lt;div&gt;\r\n						Suffolk&lt;/div&gt;\r\n					&lt;div&gt;\r\n						Tel: 01728 453 876&lt;/div&gt;\r\n					&lt;div&gt;\r\n						&amp;nbsp;&lt;/div&gt;\r\n					&lt;div&gt;\r\n						VIKING MARINERS&lt;/div&gt;\r\n					&lt;div&gt;\r\n						1 Wherry Lane&lt;/div&gt;\r\n					&lt;div&gt;\r\n						Ipswich&lt;/div&gt;\r\n					&lt;div&gt;\r\n						Suffolk&lt;/div&gt;\r\n					&lt;div&gt;\r\n						IP4 1LG&lt;/div&gt;\r\n					&lt;div&gt;\r\n						Tel:08453 707 053&lt;/div&gt;\r\n					&lt;div&gt;\r\n						&amp;nbsp;&lt;/div&gt;\r\n					&lt;div&gt;\r\n						SURREY&lt;/div&gt;\r\n					&lt;div&gt;\r\n						&amp;nbsp;&lt;/div&gt;\r\n					&lt;div&gt;\r\n						LILY &amp;amp; BOW&lt;/div&gt;\r\n					&lt;div&gt;\r\n						98 High Street&lt;/div&gt;\r\n					&lt;div&gt;\r\n						Esher&lt;/div&gt;\r\n					&lt;div&gt;\r\n						Surrey&lt;/div&gt;\r\n					&lt;div&gt;\r\n						KT10 9QJ&lt;/div&gt;\r\n					&lt;div&gt;\r\n						Tel: 01372 479797&lt;/div&gt;\r\n					&lt;div&gt;\r\n						&amp;nbsp;&lt;/div&gt;\r\n					&lt;div&gt;\r\n						WEST SUSSEX&lt;/div&gt;\r\n					&lt;div&gt;\r\n						&amp;nbsp;&lt;/div&gt;\r\n					&lt;div&gt;\r\n						IL LUSSO&lt;/div&gt;\r\n					&lt;div&gt;\r\n						4 Tarrant Street&lt;/div&gt;\r\n					&lt;div&gt;\r\n						Arundel&lt;/div&gt;\r\n					&lt;div&gt;\r\n						West Sussex&lt;/div&gt;\r\n					&lt;div&gt;\r\n						BN18 9DG&lt;/div&gt;\r\n					&lt;div&gt;\r\n						Tel: 01903 884436&lt;/div&gt;\r\n					&lt;div&gt;\r\n						&amp;nbsp;&lt;/div&gt;\r\n				&lt;/td&gt;\r\n				&lt;td&gt;\r\n					&lt;div&gt;\r\n						&amp;nbsp;&lt;/div&gt;\r\n					&lt;div&gt;\r\n						BELGIUM&lt;/div&gt;\r\n					&lt;div&gt;\r\n						&amp;nbsp;&lt;/div&gt;\r\n					&lt;div&gt;\r\n						MARTIN’S HOTELS S.A. – MARTIN’S SPA&lt;/div&gt;\r\n					&lt;div&gt;\r\n						Avenue Du Lac, 87&lt;/div&gt;\r\n					&lt;div&gt;\r\n						1332 Genval&lt;/div&gt;\r\n					&lt;div&gt;\r\n						Belgium&lt;/div&gt;\r\n					&lt;div&gt;\r\n						Tel: 0032 265 574 66&lt;/div&gt;\r\n					&lt;div&gt;\r\n						&amp;nbsp;&lt;/div&gt;\r\n					&lt;div&gt;\r\n						MIDGAARD BVBA&lt;/div&gt;\r\n					&lt;div&gt;\r\n						HEIDESTRAAT 61&lt;/div&gt;\r\n					&lt;div&gt;\r\n						2460 LICHTAART&lt;/div&gt;\r\n					&lt;div&gt;\r\n						BELGIUM&lt;/div&gt;\r\n					&lt;div&gt;\r\n						Tel: 0032 14 47 87 72&lt;/div&gt;\r\n					&lt;div&gt;\r\n						&amp;nbsp;&lt;/div&gt;\r\n					&lt;div&gt;\r\n						CZECH REPUBLIC&lt;/div&gt;\r\n					&lt;div&gt;\r\n						&amp;nbsp;&lt;/div&gt;\r\n					&lt;div&gt;\r\n						MORE THAN PILATES&lt;/div&gt;\r\n					&lt;div&gt;\r\n						Karoliny Svetle 4&amp;nbsp;&lt;/div&gt;\r\n					&lt;div&gt;\r\n						Prague 1&lt;/div&gt;\r\n					&lt;div&gt;\r\n						11000, Czech Republic&lt;/div&gt;\r\n					&lt;div&gt;\r\n						&amp;nbsp;&lt;/div&gt;\r\n					&lt;div&gt;\r\n						SPECIALTY HAUS&lt;/div&gt;\r\n					&lt;div&gt;\r\n						U První Baterie,&amp;nbsp;&lt;/div&gt;\r\n					&lt;div&gt;\r\n						162 00 Praha 6,&amp;nbsp;&lt;/div&gt;\r\n					&lt;div&gt;\r\n						Czech Republic&lt;/div&gt;\r\n					&lt;div&gt;\r\n						&amp;nbsp;&lt;/div&gt;\r\n					&lt;div&gt;\r\n						CYPRUS&lt;/div&gt;\r\n					&lt;div&gt;\r\n						&amp;nbsp;&lt;/div&gt;\r\n					&lt;div&gt;\r\n						SASH BOUTIQUE&lt;/div&gt;\r\n					&lt;div&gt;\r\n						56E Kennedy Avenue&lt;/div&gt;\r\n					&lt;div&gt;\r\n						(Hilton Area)&lt;/div&gt;\r\n					&lt;div&gt;\r\n						Nicosia&lt;/div&gt;\r\n					&lt;div&gt;\r\n						CYPRUS&lt;/div&gt;\r\n					&lt;div&gt;\r\n						Tel: 00 357 22 314 095&lt;/div&gt;\r\n					&lt;div&gt;\r\n						&amp;nbsp;&lt;/div&gt;\r\n					&lt;div&gt;\r\n						DENMARK&lt;/div&gt;\r\n					&lt;div&gt;\r\n						&amp;nbsp;&lt;/div&gt;\r\n					&lt;div&gt;\r\n						PILATES AALBORG APS&lt;/div&gt;\r\n					&lt;div&gt;\r\n						Hasserisgaard&lt;/div&gt;\r\n					&lt;div&gt;\r\n						Skelagervej 375A-B&lt;/div&gt;\r\n					&lt;div&gt;\r\n						9000 Aalborg&lt;/div&gt;\r\n					&lt;div&gt;\r\n						Denmark&lt;/div&gt;\r\n					&lt;div&gt;\r\n						Tel: 0045 25 104 105&lt;/div&gt;\r\n					&lt;div&gt;\r\n						&amp;nbsp;&lt;/div&gt;\r\n					&lt;div&gt;\r\n						YOGAUDSTYR.DK&lt;/div&gt;\r\n					&lt;div&gt;\r\n						Madevisual Yoga&lt;/div&gt;\r\n					&lt;div&gt;\r\n						Rosenvængets Allé 19&lt;/div&gt;\r\n					&lt;div&gt;\r\n						2100 København Ø&lt;/div&gt;\r\n					&lt;div&gt;\r\n						DENMARK&lt;/div&gt;\r\n					&lt;div&gt;\r\n						&amp;nbsp;&lt;/div&gt;\r\n					&lt;div&gt;\r\n						FINLAND&lt;/div&gt;\r\n					&lt;div&gt;\r\n						&amp;nbsp;&lt;/div&gt;\r\n					&lt;div&gt;\r\n						HOITOPISTEMOOLA Ltd.&lt;/div&gt;\r\n					&lt;div&gt;\r\n						Tehtaankatu 4 b 10,&lt;/div&gt;\r\n					&lt;div&gt;\r\n						0010 Helsinki,&amp;nbsp;&lt;/div&gt;\r\n					&lt;div&gt;\r\n						Finland&lt;/div&gt;\r\n					&lt;div&gt;\r\n						&amp;nbsp;&lt;/div&gt;\r\n					&lt;div&gt;\r\n						GERMANY&lt;/div&gt;\r\n					&lt;div&gt;\r\n						&amp;nbsp;&lt;/div&gt;\r\n					&lt;div&gt;\r\n						YOGA 108&lt;/div&gt;\r\n					&lt;div&gt;\r\n						Behaimstr. 10&lt;/div&gt;\r\n					&lt;div&gt;\r\n						10585 Berlin&lt;/div&gt;\r\n					&lt;div&gt;\r\n						Germany&lt;/div&gt;\r\n					&lt;div&gt;\r\n						&amp;nbsp;&lt;/div&gt;\r\n					&lt;div&gt;\r\n						ICELAND&lt;/div&gt;\r\n					&lt;div&gt;\r\n						&amp;nbsp;&lt;/div&gt;\r\n					&lt;div&gt;\r\n						YOGASTODIN&lt;/div&gt;\r\n					&lt;div&gt;\r\n						Holmvad 68&lt;/div&gt;\r\n					&lt;div&gt;\r\n						110 Reykjavik&lt;/div&gt;\r\n					&lt;div&gt;\r\n						Iceland&lt;/div&gt;\r\n					&lt;div&gt;\r\n						&amp;nbsp;&lt;/div&gt;\r\n					&lt;div&gt;\r\n						NORWAY&lt;/div&gt;\r\n					&lt;div&gt;\r\n						&amp;nbsp;&lt;/div&gt;\r\n					&lt;div&gt;\r\n						PURO YOGA&lt;/div&gt;\r\n					&lt;div&gt;\r\n						Bygdøy Allé 16&lt;/div&gt;\r\n					&lt;div&gt;\r\n						02 62 Oslo&lt;/div&gt;\r\n					&lt;div&gt;\r\n						Norway&lt;/div&gt;\r\n					&lt;div&gt;\r\n						&amp;nbsp;&lt;/div&gt;\r\n					&lt;div&gt;\r\n						SPAIN&lt;/div&gt;\r\n					&lt;div&gt;\r\n						&amp;nbsp;&lt;/div&gt;\r\n					&lt;div&gt;\r\n						C’AN POMA&lt;/div&gt;\r\n					&lt;div&gt;\r\n						Ca\'n Poma Sóller, s.l.  &lt;/div&gt;\r\n					&lt;div&gt;\r\n						Carr. de Deià, 48  &lt;/div&gt;\r\n					&lt;div&gt;\r\n						07100 Sóller&lt;/div&gt;\r\n					&lt;div&gt;\r\n						Majorca&lt;/div&gt;\r\n					&lt;div&gt;\r\n						Tel: +34 971632560&lt;/div&gt;\r\n					&lt;div&gt;\r\n						&amp;nbsp;&lt;/div&gt;\r\n					&lt;div&gt;\r\n						SWEDEN&lt;/div&gt;\r\n					&lt;div&gt;\r\n						&amp;nbsp;&lt;/div&gt;\r\n					&lt;div&gt;\r\n						MAKILA CLOTHING COMPANY&lt;/div&gt;\r\n					&lt;div&gt;\r\n						Langeviksvagen 17&amp;nbsp;&lt;/div&gt;\r\n					&lt;div&gt;\r\n						452 05 Sydkoster&amp;nbsp;&lt;/div&gt;\r\n					&lt;div&gt;\r\n						Sweden&amp;nbsp;&lt;/div&gt;\r\n					&lt;div&gt;\r\n						Tel: 0046 704 17 43 19&amp;nbsp;&lt;/div&gt;\r\n					&lt;div&gt;\r\n						&amp;nbsp;&lt;/div&gt;\r\n					&lt;div&gt;\r\n						OMNIBUS PILATES&lt;/div&gt;\r\n					&lt;div&gt;\r\n						Helmfeltsg 3&amp;nbsp;&lt;/div&gt;\r\n					&lt;div&gt;\r\n						211 48 Malmö&lt;/div&gt;\r\n					&lt;div&gt;\r\n						Sweden&lt;/div&gt;\r\n					&lt;div&gt;\r\n						Tel: 0046 730 292 763&lt;/div&gt;\r\n					&lt;div&gt;\r\n						&amp;nbsp;&lt;/div&gt;\r\n					&lt;div&gt;\r\n						SWITZERLAND&lt;/div&gt;\r\n					&lt;div&gt;\r\n						&amp;nbsp;&lt;/div&gt;\r\n					&lt;div&gt;\r\n						LE CENTRE DE BIEN ETRE&lt;/div&gt;\r\n					&lt;div&gt;\r\n						LAUSANNE PALACE HOTEL &amp;amp; SPA&lt;/div&gt;\r\n					&lt;div&gt;\r\n						Grand-Chene 7-9&lt;/div&gt;\r\n					&lt;div&gt;\r\n						1002 Lausanne&lt;/div&gt;\r\n					&lt;div&gt;\r\n						Switzerland&lt;/div&gt;\r\n					&lt;div&gt;\r\n						Tel: 0041 213 313 161&lt;/div&gt;\r\n					&lt;div&gt;\r\n						&amp;nbsp;&lt;/div&gt;\r\n					&lt;div&gt;\r\n						YOGA COSTA&lt;/div&gt;\r\n					&lt;div&gt;\r\n						Aathalstrasse 84&lt;/div&gt;\r\n					&lt;div&gt;\r\n						8610 Uster&lt;/div&gt;\r\n					&lt;div&gt;\r\n						Switzerland&lt;/div&gt;\r\n				&lt;/td&gt;\r\n				&lt;td&gt;\r\n					&lt;div&gt;\r\n						FIGLEAVES&lt;/div&gt;\r\n					&lt;div&gt;\r\n						www.figleaves.com&lt;/div&gt;\r\n					&lt;div&gt;\r\n						&amp;nbsp;&lt;/div&gt;\r\n					&lt;div&gt;\r\n						LOVESTRETCH&lt;/div&gt;\r\n					&lt;div&gt;\r\n						www.lovestretch.co.uk&lt;/div&gt;\r\n					&lt;div&gt;\r\n						&amp;nbsp;&lt;/div&gt;\r\n					&lt;div&gt;\r\n						MYESCAPE&lt;/div&gt;\r\n					&lt;div&gt;\r\n						www.myescape.co.nz&lt;/div&gt;\r\n					&lt;div&gt;\r\n						&amp;nbsp;&lt;/div&gt;\r\n					&lt;div&gt;\r\n						NATURAL COLLECTION&lt;/div&gt;\r\n					&lt;div&gt;\r\n						www.naturalcollection.com&amp;nbsp;&lt;/div&gt;\r\n					&lt;div&gt;\r\n						&amp;nbsp;&lt;/div&gt;\r\n					&lt;div&gt;\r\n						SUNSHINE HEALING&lt;/div&gt;\r\n					&lt;div&gt;\r\n						www.sunshine-healing.com&lt;/div&gt;\r\n					&lt;div&gt;\r\n						&amp;nbsp;&lt;/div&gt;\r\n					&lt;div&gt;\r\n						YOGA BLISS&lt;/div&gt;\r\n					&lt;div&gt;\r\n						www.yogabliss.com&lt;/div&gt;\r\n					&lt;div&gt;\r\n						&amp;nbsp;&lt;/div&gt;\r\n					&lt;div&gt;\r\n						YOGA MATTERS&amp;nbsp;&lt;/div&gt;\r\n					&lt;div&gt;\r\n						www.yogamatters.com&lt;/div&gt;\r\n					&lt;div&gt;\r\n						&amp;nbsp;&lt;/div&gt;\r\n					&lt;div&gt;\r\n						YOGISTAR VERTRIEBS GmbH&lt;/div&gt;\r\n					&lt;div&gt;\r\n						www.yogistar.com&lt;/div&gt;\r\n				&lt;/td&gt;\r\n			&lt;/tr&gt;\r\n			&lt;tr&gt;\r\n				&lt;td&gt;\r\n					&lt;div style=&quot;text-align: center; &quot;&gt;\r\n						&lt;strong&gt;MIDLANDS&lt;/strong&gt;&lt;/div&gt;\r\n					&lt;div style=&quot;text-align: center; &quot;&gt;\r\n						&amp;nbsp;&lt;/div&gt;\r\n				&lt;/td&gt;\r\n				&lt;td&gt;\r\n					&lt;div style=&quot;text-align: center; &quot;&gt;\r\n						&lt;strong&gt;NORTH ENGLAND&lt;/strong&gt;&lt;/div&gt;\r\n				&lt;/td&gt;\r\n				&lt;td&gt;\r\n					&lt;div style=&quot;text-align: center; &quot;&gt;\r\n						&lt;strong&gt;IRELAND&lt;/strong&gt;&lt;/div&gt;\r\n				&lt;/td&gt;\r\n			&lt;/tr&gt;\r\n			&lt;tr&gt;\r\n				&lt;td&gt;\r\n					&lt;div&gt;\r\n						CHAUSALLE LTD&lt;/div&gt;\r\n					&lt;div&gt;\r\n						58 Market Place&lt;/div&gt;\r\n					&lt;div&gt;\r\n						Warwick&lt;/div&gt;\r\n					&lt;div&gt;\r\n						CV34 4SD&lt;/div&gt;\r\n					&lt;div&gt;\r\n						Tel: 01926 497435&lt;/div&gt;\r\n				&lt;/td&gt;\r\n				&lt;td&gt;\r\n					&lt;div&gt;\r\n						CHESHIRE&lt;/div&gt;\r\n					&lt;div&gt;\r\n						&amp;nbsp;&lt;/div&gt;\r\n					&lt;div&gt;\r\n						THE LAUGHING BUDDHA YOGA Co.&lt;/div&gt;\r\n					&lt;div&gt;\r\n						299 Hoole Lane&lt;/div&gt;\r\n					&lt;div&gt;\r\n						Chester&lt;/div&gt;\r\n					&lt;div&gt;\r\n						Cheshire&lt;/div&gt;\r\n					&lt;div&gt;\r\n						CH2 3ER&lt;/div&gt;\r\n					&lt;div&gt;\r\n						Tel: 01244 340246&lt;/div&gt;\r\n					&lt;div&gt;\r\n						&amp;nbsp;&lt;/div&gt;\r\n					&lt;div&gt;\r\n						COUNTY DURHAM&lt;/div&gt;\r\n					&lt;div&gt;\r\n						&amp;nbsp;&lt;/div&gt;\r\n					&lt;div&gt;\r\n						SPA AT ROCKCLIFFE HALL&amp;nbsp;&lt;/div&gt;\r\n					&lt;div&gt;\r\n						Hurworth on Tees&amp;nbsp;&lt;/div&gt;\r\n					&lt;div&gt;\r\n						Darlington&amp;nbsp;&lt;/div&gt;\r\n					&lt;div&gt;\r\n						County Durham&amp;nbsp;&lt;/div&gt;\r\n					&lt;div&gt;\r\n						DL2 2DU&amp;nbsp;&lt;/div&gt;\r\n					&lt;div&gt;\r\n						Tel: 01325 729988&lt;/div&gt;\r\n					&lt;div&gt;\r\n						&amp;nbsp;&lt;/div&gt;\r\n					&lt;div&gt;\r\n						TLC CLOTHING&lt;/div&gt;\r\n					&lt;div&gt;\r\n						117 Durham Road&lt;/div&gt;\r\n					&lt;div&gt;\r\n						Blackhill&amp;nbsp;&lt;/div&gt;\r\n					&lt;div&gt;\r\n						Consett&lt;/div&gt;\r\n					&lt;div&gt;\r\n						County Durham&lt;/div&gt;\r\n					&lt;div&gt;\r\n						DH8 8RP&lt;/div&gt;\r\n					&lt;div&gt;\r\n						Tel: 01207 503 450&lt;/div&gt;\r\n					&lt;div&gt;\r\n						&amp;nbsp;&lt;/div&gt;\r\n					&lt;div&gt;\r\n						LANCASHIRE&lt;/div&gt;\r\n					&lt;div&gt;\r\n						&amp;nbsp;&lt;/div&gt;\r\n					&lt;div&gt;\r\n						CRYSTAL ROCKS&lt;/div&gt;\r\n					&lt;div&gt;\r\n						Marcroft House&lt;/div&gt;\r\n					&lt;div&gt;\r\n						653 Bacup Road&lt;/div&gt;\r\n					&lt;div&gt;\r\n						Waterfoot&lt;/div&gt;\r\n					&lt;div&gt;\r\n						Rossendale&lt;/div&gt;\r\n					&lt;div&gt;\r\n						Lancashire&lt;/div&gt;\r\n					&lt;div&gt;\r\n						BB4 7HB&lt;/div&gt;\r\n					&lt;div&gt;\r\n						Tel: 07925 174452&lt;/div&gt;\r\n					&lt;div&gt;\r\n						&amp;nbsp;&lt;/div&gt;\r\n					&lt;div&gt;\r\n						LEEDS&lt;/div&gt;\r\n					&lt;div&gt;\r\n						&amp;nbsp;&lt;/div&gt;\r\n					&lt;div&gt;\r\n						NEW COLLECTION&lt;/div&gt;\r\n					&lt;div&gt;\r\n						124 Harrogate Road&lt;/div&gt;\r\n					&lt;div&gt;\r\n						Chapel Allerton&lt;/div&gt;\r\n					&lt;div&gt;\r\n						Leeds&lt;/div&gt;\r\n					&lt;div&gt;\r\n						LS7 4NY&lt;/div&gt;\r\n					&lt;div&gt;\r\n						Tel: 7932497306&lt;/div&gt;\r\n					&lt;div&gt;\r\n						&amp;nbsp;&lt;/div&gt;\r\n					&lt;div&gt;\r\n						NORTH YORKSHIRE&lt;/div&gt;\r\n					&lt;div&gt;\r\n						&amp;nbsp;&lt;/div&gt;\r\n					&lt;div&gt;\r\n						SHEER BLISS&lt;/div&gt;\r\n					&lt;div&gt;\r\n						14 High Street&lt;/div&gt;\r\n					&lt;div&gt;\r\n						Knaresborough&lt;/div&gt;\r\n					&lt;div&gt;\r\n						HG5 8EQ&lt;/div&gt;\r\n					&lt;div&gt;\r\n						&amp;nbsp;&lt;/div&gt;\r\n					&lt;div&gt;\r\n						WEST YORKSHIRE&lt;/div&gt;\r\n					&lt;div&gt;\r\n						&amp;nbsp;&lt;/div&gt;\r\n					&lt;div&gt;\r\n						WOMANN&lt;/div&gt;\r\n					&lt;div&gt;\r\n						9 Station Road&lt;/div&gt;\r\n					&lt;div&gt;\r\n						Osett&lt;/div&gt;\r\n					&lt;div&gt;\r\n						West Yorkshire&lt;/div&gt;\r\n					&lt;div&gt;\r\n						WFS 8AB&lt;/div&gt;\r\n					&lt;div&gt;\r\n						Tel: 01924 273 774&lt;/div&gt;\r\n					&lt;div&gt;\r\n						&amp;nbsp;&lt;/div&gt;\r\n					&lt;div&gt;\r\n						YORKSHIRE&lt;/div&gt;\r\n					&lt;div&gt;\r\n						&amp;nbsp;&lt;/div&gt;\r\n					&lt;div&gt;\r\n						COUNTRY CLASSICS&lt;/div&gt;\r\n					&lt;div&gt;\r\n						Pingle Lane&lt;/div&gt;\r\n					&lt;div&gt;\r\n						Delph&lt;/div&gt;\r\n					&lt;div&gt;\r\n						Saddleworth&lt;/div&gt;\r\n					&lt;div&gt;\r\n						OL3 5EX&lt;/div&gt;\r\n					&lt;div&gt;\r\n						Tel: 01457 873 809&lt;/div&gt;\r\n				&lt;/td&gt;\r\n				&lt;td&gt;\r\n					&lt;div&gt;\r\n						THE BOUTIQUE&lt;/div&gt;\r\n					&lt;div&gt;\r\n						High Street&lt;/div&gt;\r\n					&lt;div&gt;\r\n						Bantry&amp;nbsp;&lt;/div&gt;\r\n					&lt;div&gt;\r\n						Co. Cork&lt;/div&gt;\r\n					&lt;div&gt;\r\n						Ireland&lt;/div&gt;\r\n					&lt;div&gt;\r\n						&amp;nbsp;&lt;/div&gt;\r\n					&lt;div&gt;\r\n						ASHTANGA YOGA DUBLIN&lt;/div&gt;\r\n					&lt;div&gt;\r\n						Rear 16 Main Street&lt;/div&gt;\r\n					&lt;div&gt;\r\n						(Entrance Idrone Lane)&lt;/div&gt;\r\n					&lt;div&gt;\r\n						Blackrock&lt;/div&gt;\r\n					&lt;div&gt;\r\n						Co Dublin&lt;/div&gt;\r\n					&lt;div&gt;\r\n						Ireland&lt;/div&gt;\r\n					&lt;div&gt;\r\n						Tel: 00353 872 376 383&lt;/div&gt;\r\n					&lt;div&gt;\r\n						&amp;nbsp;&lt;/div&gt;\r\n					&lt;div&gt;\r\n						JOY FOUNTAIN LTD&lt;/div&gt;\r\n					&lt;div&gt;\r\n						Royal Hibernian Way&lt;/div&gt;\r\n					&lt;div&gt;\r\n						Dawson Street&lt;/div&gt;\r\n					&lt;div&gt;\r\n						Dublin 2&lt;/div&gt;\r\n					&lt;div&gt;\r\n						IRELAND&lt;/div&gt;\r\n					&lt;div&gt;\r\n						Tel: 00353 862 340 113&lt;/div&gt;\r\n					&lt;div&gt;\r\n						&amp;nbsp;&lt;/div&gt;\r\n					&lt;div&gt;\r\n						CHOICE&lt;/div&gt;\r\n					&lt;div&gt;\r\n						4 Fashion City&lt;/div&gt;\r\n					&lt;div&gt;\r\n						Ballymount Road Upper&lt;/div&gt;\r\n					&lt;div&gt;\r\n						Dublin 24&lt;/div&gt;\r\n					&lt;div&gt;\r\n						&amp;nbsp;&lt;/div&gt;\r\n					&lt;div&gt;\r\n						THE ENNIS YOGA STUDIO&lt;/div&gt;\r\n					&lt;div&gt;\r\n						Friary lane&lt;/div&gt;\r\n					&lt;div&gt;\r\n						Ennis&lt;/div&gt;\r\n					&lt;div&gt;\r\n						Co clare&lt;/div&gt;\r\n					&lt;div&gt;\r\n						Ireland&amp;nbsp;&lt;/div&gt;\r\n					&lt;div&gt;\r\n						Tel: 00 353 86 1509767&lt;/div&gt;\r\n					&lt;div&gt;\r\n						&amp;nbsp;&lt;/div&gt;\r\n					&lt;div&gt;\r\n						TWIRL BOUTIQUE&lt;/div&gt;\r\n					&lt;div&gt;\r\n						9 Cutlery rd&lt;/div&gt;\r\n					&lt;div&gt;\r\n						Newbridge.&lt;/div&gt;\r\n					&lt;div&gt;\r\n						Co. Kildare&lt;/div&gt;\r\n					&lt;div&gt;\r\n						Ireland&lt;/div&gt;\r\n				&lt;/td&gt;\r\n			&lt;/tr&gt;\r\n		&lt;/tbody&gt;\r\n	&lt;/table&gt;\r\n	&lt;p&gt;\r\n		&amp;nbsp;&lt;/p&gt;\r\n	﻿&lt;/div&gt;\r\n&lt;h3&gt;\r\n	&amp;nbsp;&lt;/h3&gt;\r\n'),(13,1,'Our Ethics','&lt;div id=&quot;column-left&quot;&gt;\r\n	&lt;div class=&quot;box&quot;&gt;\r\n		&lt;div class=&quot;box-heading&quot;&gt;\r\n			&lt;a href=&quot;index.php?route=information/information&amp;amp;information_id=4&quot;&gt;About Us&lt;/a&gt;&lt;/div&gt;\r\n		&lt;div class=&quot;box-content&quot;&gt;\r\n			&lt;p&gt;\r\n				&lt;strong&gt;&lt;a href=&quot;index.php?route=information/information&amp;amp;information_id=13&quot;&gt;Our Ethics&lt;/a&gt;&lt;/strong&gt;&lt;/p&gt;\r\n			&lt;p&gt;\r\n				&lt;a href=&quot;index.php?route=information/information&amp;amp;information_id=14&quot;&gt;Our Fabrics&lt;/a&gt;&lt;/p&gt;\r\n			&lt;p&gt;\r\n				&lt;a href=&quot;index.php?route=information/information&amp;amp;information_id=15&quot;&gt;Our Style&lt;/a&gt;&lt;/p&gt;\r\n			&lt;p&gt;\r\n				&lt;a href=&quot;index.php?route=information/information&amp;amp;information_id=16&quot;&gt;Meet Alice&lt;/a&gt;&lt;/p&gt;\r\n			&lt;p&gt;\r\n				&lt;a href=&quot;index.php?route=news/ncategory&amp;amp;ncat=60&quot;&gt;In The Press&lt;/a&gt;&lt;/p&gt;\r\n			&lt;p&gt;\r\n				&lt;a href=&quot;index.php?route=information/information&amp;amp;information_id=11&quot;&gt;Stockists&lt;/a&gt;&lt;/p&gt;\r\n		&lt;/div&gt;\r\n	&lt;/div&gt;\r\n&lt;/div&gt;\r\n&lt;div id=&quot;content&quot;&gt;\r\n	&lt;div class=&quot;banner&quot;&gt;\r\n		&lt;img alt=&quot;&quot; src=&quot;http://www.asquithlondon.com/image/data/banners/homepage%20ctas/COMMUNITY.jpg&quot; /&gt;&lt;/div&gt;\r\n	&lt;h1&gt;\r\n		Our Ethics&lt;/h1&gt;\r\n	&lt;div&gt;\r\n		Asquith London manufactures our clothing in a family run factory, established in 1994, based in Denizli in sunny Southern Turkey.&lt;/div&gt;\r\n	&lt;div&gt;\r\n		&amp;nbsp;&lt;/div&gt;\r\n	&lt;div&gt;\r\n		The employees in the factory receive overtime pay, food support and comfortable working conditions and regular holidays. They work in a clean, safe environment, and the youngest person working in the factory is 19 years old. The factory receives regular audits to ensure they have high standards. We do not believe in child labour and poor working conditions.&lt;/div&gt;\r\n	&lt;div&gt;\r\n		&amp;nbsp;&lt;/div&gt;\r\n	&lt;div&gt;\r\n		The factory is an organic factory, and we use organic dyes. The organic cotton fabrics are GOTS certified (Global Organic Textile standard)&lt;/div&gt;\r\n	&lt;div&gt;\r\n		&amp;nbsp;&lt;/div&gt;\r\n	&lt;div&gt;\r\n		We use Bamboo and Organic Cotton fabrics for our clothing. Ethical, sustainable, breathable, comfortable, natural. Read more about our fabrics.&lt;/div&gt;\r\n	&lt;div&gt;\r\n		&amp;nbsp;&lt;/div&gt;\r\n	&lt;div&gt;\r\n		&lt;strong&gt;OUR PACKAGING&lt;/strong&gt;&lt;/div&gt;\r\n	&lt;div&gt;\r\n		Where possible we try not to create waste; our postcards and marketing materials, labels and packaging materials are recycled.&lt;/div&gt;\r\n	&lt;div&gt;\r\n		&amp;nbsp;&lt;/div&gt;\r\n	&lt;div&gt;\r\n		&lt;strong&gt;OUR PHILOSOPHY &lt;/strong&gt;&lt;/div&gt;\r\n	&lt;div&gt;\r\n		We aim to listen to our customers; we love your feedback, we’ve designed styles for you, fabrics for you.&lt;/div&gt;\r\n	&lt;div&gt;\r\n		We strive to provide quality garments that you can enjoy season after season. We are the opposite of ‘fast disposable fashion’. The Asquith range is designed for yoga and Pilates, but also to work with your daily lifestyle.&lt;/div&gt;\r\n	&lt;div&gt;\r\n		 &lt;/div&gt;\r\n	&lt;div&gt;\r\n		I design the range for you. I am inspired by my own yoga practice, my teachers, my lifestyle and requirements and the requirements of all the women I meet who work, play and live a full and busy life.&lt;/div&gt;\r\n	&lt;div&gt;\r\n		&amp;nbsp;&lt;/div&gt;\r\n	&lt;div&gt;\r\n		Asquith London is comprised of a friendly team of people. We believe in excellent customer service, strong communication, openness and honesty in all things.&lt;/div&gt;\r\n	&lt;div&gt;\r\n		&amp;nbsp;&lt;/div&gt;\r\n	&lt;div&gt;\r\n		We love to hear from you with any thoughts or feedback you may have.&lt;/div&gt;\r\n	&lt;div&gt;\r\n		&lt;a href=&quot;mailto:alice@asquithlondon.com&quot;&gt;alice@asquithlondon.com&lt;/a&gt;&lt;/div&gt;\r\n	&lt;div&gt;\r\n		Alice Asquith&lt;/div&gt;\r\n	&lt;div&gt;\r\n		Managing Director&lt;/div&gt;\r\n	&lt;div&gt;\r\n		Asquith London&lt;/div&gt;\r\n&lt;/div&gt;\r\n&lt;p&gt;\r\n	&amp;nbsp;&lt;/p&gt;\r\n'),(15,1,'Our Style','&lt;div id=&quot;column-left&quot;&gt;\r\n	&lt;div class=&quot;box&quot;&gt;\r\n		&lt;div class=&quot;box-heading&quot;&gt;\r\n			&lt;a href=&quot;index.php?route=information/information&amp;amp;information_id=4&quot;&gt;About Us&lt;/a&gt;&lt;/div&gt;\r\n		&lt;div class=&quot;box-content&quot;&gt;\r\n			&lt;p&gt;\r\n				&lt;a href=&quot;index.php?route=information/information&amp;amp;information_id=13&quot;&gt;Our Ethics&lt;/a&gt;&lt;/p&gt;\r\n			&lt;p&gt;\r\n				&lt;a href=&quot;index.php?route=information/information&amp;amp;information_id=14&quot;&gt;Our Fabrics&lt;/a&gt;&lt;/p&gt;\r\n			&lt;p&gt;\r\n				&lt;strong&gt;&lt;a href=&quot;index.php?route=information/information&amp;amp;information_id=15&quot;&gt;Our Style&lt;/a&gt;&lt;/strong&gt;&lt;/p&gt;\r\n			&lt;p&gt;\r\n				&lt;a href=&quot;index.php?route=information/information&amp;amp;information_id=16&quot;&gt;Meet Alice&lt;/a&gt;&lt;/p&gt;\r\n			&lt;p&gt;\r\n				&lt;a href=&quot;index.php?route=news/ncategory&amp;amp;ncat=60&quot;&gt;In The Press&lt;/a&gt;&lt;/p&gt;\r\n			&lt;p&gt;\r\n				&lt;a href=&quot;index.php?route=information/information&amp;amp;information_id=11&quot;&gt;Stockists&lt;/a&gt;&lt;/p&gt;\r\n		&lt;/div&gt;\r\n	&lt;/div&gt;\r\n&lt;/div&gt;\r\n&lt;div id=&quot;content&quot;&gt;\r\n	&lt;div class=&quot;banner&quot;&gt;\r\n		&lt;img alt=&quot;&quot; src=&quot;http://daffodill.totallyboundless.com/image/data/OUR-STYLE.jpg&quot; style=&quot;width: 757px; height: 214px;&quot; /&gt;&lt;/div&gt;\r\n	&lt;h1&gt;\r\n		Our Style&lt;/h1&gt;\r\n	&lt;p&gt;\r\n		&lt;em&gt;&lt;strong&gt;I wear Asquith clothes all the time and everywhere: at home, for my work (as a yoga teacher). And bamboo leggings with ankle boots are gorgeous when going out! I also get extra hugs from my colleagues thanks to the super soft material. Maya&lt;/strong&gt;&lt;/em&gt;&lt;/p&gt;\r\n	&lt;p&gt;\r\n		We see today\'s woman as healthy and active, she cares for the environment, leads a full life, wants to look good and be comfortable.&lt;/p&gt;\r\n	&lt;p&gt;\r\n		Asquith London offers 2 collections per year, but we always try to keep our \'bestsellers\' in stock and roll these styles on, season after season, due to their popularity.&lt;/p&gt;\r\n	&lt;p&gt;\r\n		The Asquith range includes signature styles that can be layered and worn in different ways to suit your shape and lifestyle, in highest quality materials that feel smooth and soft against the skin; breathable, chemical free fabrics; brushed certified organic cotton and drapey bamboo jersey with a delicate Swarovski crystal signature. Quality pieces, that won’t shrink, fade, bobble or stretch.&lt;br /&gt;\r\n		Asquith London - for yoga, Pilates and living in.&lt;/p&gt;\r\n	&lt;p&gt;\r\n		Asquith London offers the perfect selection of organic cotton and bamboo clothes designed specifically for your yoga (and Pilates) practice. The Asquith London collection contains yoga clothes in coordinating pieces in contrasting soft tones with flattering styling so you can create your own individual ‘look’.&lt;/p&gt;\r\n	&lt;p&gt;\r\n		And in natural breathable and organic fabric for comfortable and easy freedom of movement, and firm built-in support, our yoga clothing styles ensure pure comfort at all times, leaving the wearer to focus on her yoga or Pilates practice.&lt;/p&gt;\r\n	&lt;p&gt;\r\n		Asquith London ensures a luxurious feeling against your skin, as if it were a second skin. Each garment too has been very specifically designed to ensure:&lt;/p&gt;\r\n	&lt;p&gt;\r\n		- Pure comfort – no tight elastic bands dig into the hips or waist giving one complete freedom of movement&lt;br /&gt;\r\n		- 100% Support – the designs along with the weight of the fabric and the percentage of Elastane in the fabric ensure one has no need to wear a bra&lt;br /&gt;\r\n		- Versatility – One could wear our range at yoga, Pilates, gym, as well as for spa and leisure wear&lt;br /&gt;\r\n		- Timelessness – the designs will never be out of fashion – they are elegant and classic&lt;br /&gt;\r\n		- Ageless – the range is designed for anyone aged 30’s – 60’s…&lt;/p&gt;\r\n	&lt;p&gt;\r\n		&amp;nbsp;&lt;/p&gt;\r\n	&lt;p&gt;\r\n		&lt;br /&gt;\r\n		&amp;nbsp;&lt;/p&gt;\r\n&lt;/div&gt;\r\n&lt;p&gt;\r\n	&amp;nbsp;&lt;/p&gt;\r\n'),(16,1,'Meet Alice','&lt;div id=&quot;column-left&quot;&gt;\r\n	&lt;div class=&quot;box&quot;&gt;\r\n		&lt;div class=&quot;box-heading&quot;&gt;\r\n			&lt;a href=&quot;index.php?route=information/information&amp;amp;information_id=4&quot;&gt;About Us&lt;/a&gt;&lt;/div&gt;\r\n		&lt;div class=&quot;box-content&quot;&gt;\r\n			&lt;p&gt;\r\n				&lt;a href=&quot;index.php?route=information/information&amp;amp;information_id=13&quot;&gt;Our Ethics&lt;/a&gt;&lt;/p&gt;\r\n			&lt;p&gt;\r\n				&lt;a href=&quot;index.php?route=information/information&amp;amp;information_id=14&quot;&gt;Our Fabrics&lt;/a&gt;&lt;/p&gt;\r\n			&lt;p&gt;\r\n				&lt;a href=&quot;index.php?route=information/information&amp;amp;information_id=15&quot;&gt;Our Style&lt;/a&gt;&lt;/p&gt;\r\n			&lt;p&gt;\r\n				&lt;strong&gt;&lt;a href=&quot;index.php?route=information/information&amp;amp;information_id=16&quot;&gt;Meet Alice&lt;/a&gt;&lt;/strong&gt;&lt;/p&gt;\r\n			&lt;p&gt;\r\n				&lt;a href=&quot;index.php?route=news/ncategory&amp;amp;ncat=60&quot;&gt;In The Press&lt;/a&gt;&lt;/p&gt;\r\n			&lt;p&gt;\r\n				&lt;a href=&quot;index.php?route=information/information&amp;amp;information_id=11&quot;&gt;Stockists&lt;/a&gt;&lt;/p&gt;\r\n		&lt;/div&gt;\r\n	&lt;/div&gt;\r\n&lt;/div&gt;\r\n&lt;div id=&quot;content&quot;&gt;\r\n	&lt;div class=&quot;banner&quot;&gt;\r\n		&lt;img alt=&quot;&quot; src=&quot;http://www.asquithlondon.com/image/data/banners/homepage%20ctas/COMMUNITY.jpg&quot; /&gt;&lt;/div&gt;\r\n	&lt;h1&gt;\r\n		Meet Alice&lt;/h1&gt;\r\n	&lt;p&gt;\r\n		&amp;nbsp;&lt;/p&gt;\r\n	&lt;div&gt;\r\n		&lt;p&gt;\r\n			&lt;img alt=&quot;&quot; src=&quot;http://daffodill.totallyboundless.com/image/data/aa-portrait-oct%2007%20%283%29.jpg&quot; style=&quot;width: 380px; height: 570px; float: left;&quot; /&gt;Descended from a long line of creative women, Alice was very much a part of this passion for design, sewing, and beautiful quality fabrics since early childhood – influenced by her mother, grandmother and great-grandmother – who made and designed their own beautiful clothes.&lt;/p&gt;\r\n		&lt;p&gt;\r\n			Asquith London was born out of Alice’s desire for natural, elegant clothing in flattering styles, which Alice felt just weren’t available in a yoga/leisurewear brand. The Asquith London range today provides the ultimate ethical lifestyle&lt;/p&gt;\r\n		&lt;p&gt;\r\n			solution, offering classic, versatile cotton and bamboo jersey pieces for today’s woman’s busy lifestyle - for yoga, Pilates, for running around town, meeting friends, travel, holidays or relaxing at home. Quality pieces, designed for complete comfort and total freedom of movement, that won’t shrink, fade, bobble or stretch.&lt;/p&gt;\r\n		&lt;p&gt;\r\n			Believing clothing trends, gimmicks or logos should never overpower the women wearing the clothes, the Asquith label&amp;nbsp;focuses on soft jersey layering in flattering shapes and comfortable styles – offering a range that is feminine and elegant, and not ‘sporty’ in feel. All the collections are designed by Alice Asquith and carry a delicate Swarovski crystal signature.&lt;/p&gt;\r\n		&lt;p&gt;\r\n			The pieces can be mixed and matched with existing wardrobe items giving women creative freedom and individual style.&lt;/p&gt;\r\n		&lt;p&gt;\r\n			The Asquith London brand is a British, designer brand which stands alone in its styling and exceptional quality. Asquith London is deeply committed to each and every person who purchases our pieces, the intention being that whilst wearing our wear, you are able to access your peaceful energy without any constraints and restrictions.&lt;/p&gt;\r\n		&lt;p&gt;\r\n			&amp;nbsp;&lt;/p&gt;\r\n	&lt;/div&gt;\r\n	&lt;div&gt;\r\n		&amp;nbsp;&lt;/div&gt;\r\n	&lt;div&gt;\r\n		&amp;nbsp;&lt;/div&gt;\r\n&lt;/div&gt;\r\n&lt;p&gt;\r\n	&amp;nbsp;&lt;/p&gt;\r\n'),(4,1,'About Us','&lt;div id=&quot;column-left&quot;&gt;\r\n	&lt;div class=&quot;box&quot;&gt;\r\n		&lt;div class=&quot;box-heading&quot;&gt;\r\n			&lt;strong&gt;&lt;a href=&quot;index.php?route=information/information&amp;amp;information_id=4&quot;&gt;About Us&lt;/a&gt;&lt;/strong&gt;&lt;/div&gt;\r\n		&lt;div class=&quot;box-content&quot;&gt;\r\n			&lt;p&gt;\r\n				&lt;a href=&quot;index.php?route=information/information&amp;amp;information_id=13&quot;&gt;Our Ethics&lt;/a&gt;&lt;/p&gt;\r\n			&lt;p&gt;\r\n				&lt;a href=&quot;index.php?route=information/information&amp;amp;information_id=14&quot;&gt;Our Fabrics&lt;/a&gt;&lt;/p&gt;\r\n			&lt;p&gt;\r\n				&lt;a href=&quot;index.php?route=information/information&amp;amp;information_id=15&quot;&gt;Our Style&lt;/a&gt;&lt;/p&gt;\r\n			&lt;p&gt;\r\n				&lt;a href=&quot;index.php?route=information/information&amp;amp;information_id=16&quot;&gt;Meet Alice&lt;/a&gt;&lt;/p&gt;\r\n			&lt;p&gt;\r\n				&lt;a href=&quot;index.php?route=news/ncategory&amp;amp;ncat=60&quot;&gt;In The Press&lt;/a&gt;&lt;/p&gt;\r\n			&lt;p&gt;\r\n				&lt;a href=&quot;index.php?route=information/information&amp;amp;information_id=11&quot;&gt;Stockists&lt;/a&gt;&lt;/p&gt;\r\n		&lt;/div&gt;\r\n	&lt;/div&gt;\r\n&lt;/div&gt;\r\n&lt;div id=&quot;content&quot;&gt;\r\n	&lt;div class=&quot;banner&quot;&gt;\r\n		&lt;img alt=&quot;&quot; src=&quot;http://www.asquithlondon.com/image/data/banners/homepage%20ctas/CONTACT-US.jpg&quot; /&gt;&lt;/div&gt;\r\n	&lt;h1&gt;\r\n		About Us&lt;/h1&gt;\r\n	&lt;p&gt;\r\n		Asquith London manufactures our clothing in a family run factory, established in 1994, based in Denizli in sunny Southern Turkey.&amp;nbsp;&lt;/p&gt;\r\n	&lt;p&gt;\r\n		The employees in the factory receive overtime pay, food support and comfortable working conditions and regular holidays. They work in a clean, safe environment, and the youngest person working in the factory is 19 years old. The factory receives regular audits to ensure they have high standards. We do not believe in child labour and poor working conditions.&lt;/p&gt;\r\n	&lt;p&gt;\r\n		The factory is an organic factory, and we use organic dyes. The organic cotton fabrics are GOTS certified (Global Organic Textile standard)&lt;/p&gt;\r\n	&lt;p&gt;\r\n		We use Bamboo and Organic Cotton fabrics for our clothing. Ethical, sustainable, breathable, comfortable, natural. Read more about our fabrics.&lt;/p&gt;\r\n	&lt;p&gt;\r\n		&lt;strong&gt;&amp;nbsp;&lt;/strong&gt;&lt;/p&gt;\r\n	&lt;p&gt;\r\n		&lt;strong&gt;OUR PACKAGING&lt;/strong&gt;&lt;/p&gt;\r\n	&lt;p&gt;\r\n		Where possible we try not to create waste; our postcards and marketing materials, labels and packaging materials are recycled.&lt;/p&gt;\r\n	&lt;p&gt;\r\n		&amp;nbsp;&lt;/p&gt;\r\n	&lt;p&gt;\r\n		&lt;strong&gt;OUR PHILOSOPHY&lt;/strong&gt; &lt;/p&gt;\r\n	&lt;p&gt;\r\n		We aim to listen to our customers; we love your feedback, we’ve designed styles for you, fabrics for you.&lt;/p&gt;\r\n	&lt;p&gt;\r\n		We strive to provide quality garments that you can enjoy season after season. We are the opposite of ‘fast disposable fashion’. The Asquith range is designed for yoga and Pilates, but also to work with your daily lifestyle.&lt;/p&gt;\r\n	&lt;p&gt;\r\n		 I design the range for you. I am inspired by my own yoga practice, my teachers, my lifestyle and requirements and the requirements of all the women I meet who work, play and live a full and busy life.&lt;/p&gt;\r\n	&lt;p&gt;\r\n		Asquith London is comprised of a friendly team of people. We believe in excellent customer service, strong communication, openness and honesty in all things.&lt;/p&gt;\r\n	&lt;p&gt;\r\n		We love to hear from you with any thoughts or feedback you may have.&lt;/p&gt;\r\n	&lt;p&gt;\r\n		&lt;a href=&quot;mailto:alice@asquithlondon.com&quot;&gt;alice@asquithlondon.com&lt;/a&gt;&lt;/p&gt;\r\n	&lt;p&gt;\r\n		Alice Asquith&lt;/p&gt;\r\n	&lt;p&gt;\r\n		Managing Director&lt;/p&gt;\r\n	&lt;p&gt;\r\n		Asquith London&lt;/p&gt;\r\n&lt;/div&gt;\r\n&lt;p&gt;\r\n	&amp;nbsp;&lt;/p&gt;\r\n'),(17,1,'Brochure','&lt;div id=&quot;column-left&quot;&gt;\r\n	&lt;div class=&quot;box&quot;&gt;\r\n		&lt;div class=&quot;box-heading&quot;&gt;\r\n			&lt;a href=&quot;index.php?route=information/information&amp;amp;information_id=25&quot;&gt;Contact Us&lt;/a&gt;&lt;/div&gt;\r\n		&lt;div class=&quot;box-content&quot;&gt;\r\n			&lt;div class=&quot;box-category&quot;&gt;\r\n				&lt;ul&gt;\r\n					&lt;li&gt;\r\n						&lt;a href=&quot;index.php?route=information/information&amp;amp;information_id=25&quot;&gt;&lt;strong&gt;Our Contact Details&lt;/strong&gt;&lt;/a&gt;&lt;/li&gt;\r\n					&lt;li&gt;\r\n						&lt;a href=&quot;index.php?route=information/information&amp;amp;information_id=13&quot;&gt;Stockists&lt;/a&gt;&lt;/li&gt;\r\n					&lt;li&gt;\r\n						&lt;a href=&quot;index.php?route=information/information&amp;amp;information_id=14&quot;&gt;Wholesale Enquiries&lt;/a&gt;&lt;/li&gt;\r\n				&lt;/ul&gt;\r\n			&lt;/div&gt;\r\n		&lt;/div&gt;\r\n	&lt;/div&gt;\r\n&lt;/div&gt;\r\n&lt;div id=&quot;content&quot;&gt;\r\n	&lt;div class=&quot;banner&quot;&gt;\r\n		&lt;img alt=&quot;&quot; src=&quot;http://www.asquithlondon.com/image/data/banners/homepage%20ctas/CONTACT-US.jpg&quot; /&gt;&lt;/div&gt;\r\n	&lt;h1&gt;\r\n		Brochure&lt;/h1&gt;\r\n	&lt;p&gt;\r\n		&lt;a href=&quot;http://www.asquithlondon.com/image/data/PDF/Asquith%20London%20AW12%20Yoga%20brochure.pdf&quot; target=&quot;_blank&quot;&gt;&lt;img alt=&quot;&quot; src=&quot;http://daffodill.totallyboundless.com/image/data/brochure_2012AW.png&quot; style=&quot;width: 450px; height: 318px; &quot; /&gt;&lt;/a&gt;&lt;br /&gt;\r\n		&lt;a href=&quot;http://www.asquithlondon.com/image/data/PDF/Asquith%20London%20AW12%20Yoga%20brochure.pdf&quot; target=&quot;_blank&quot;&gt;Download our brochure (2.2 MB)&lt;/a&gt;&lt;/p&gt;\r\n&lt;/div&gt;\r\n&lt;p&gt;\r\n	&amp;nbsp;&lt;/p&gt;\r\n'),(10,1,'Contact us','&lt;div id=&quot;column-left&quot;&gt;\r\n	&lt;div class=&quot;box&quot;&gt;\r\n		&lt;div class=&quot;box-heading&quot;&gt;\r\n			&lt;a href=&quot;index.php?route=information/information&amp;amp;information_id=10&quot;&gt;Contact Us&lt;/a&gt;&lt;/div&gt;\r\n		&lt;div class=&quot;box-content&quot;&gt;\r\n			&lt;p&gt;\r\n				&lt;strong&gt;&lt;a href=&quot;index.php?route=information/information&amp;amp;information_id=10&quot;&gt;Our Contact Details&lt;/a&gt;&lt;/strong&gt;&lt;/p&gt;\r\n			&lt;p&gt;\r\n				&lt;a href=&quot;index.php?route=information/information&amp;amp;information_id=11&quot;&gt;Stockists&lt;/a&gt;&lt;/p&gt;\r\n			&lt;p&gt;\r\n				&lt;a href=&quot;index.php?route=information/information&amp;amp;information_id=12&quot;&gt;Wholesale Enquiries&lt;/a&gt;&lt;/p&gt;\r\n		&lt;/div&gt;\r\n	&lt;/div&gt;\r\n&lt;/div&gt;\r\n&lt;div id=&quot;content&quot;&gt;\r\n	&lt;div class=&quot;banner&quot;&gt;\r\n		&lt;img alt=&quot;&quot; src=&quot;http://www.asquithlondon.com/image/data/banners/homepage%20ctas/CONTACT-US.jpg&quot; /&gt;&lt;/div&gt;\r\n	&lt;h1&gt;\r\n		Our Contact Details&lt;/h1&gt;\r\n	&lt;p&gt;\r\n		&lt;span style=&quot;color: rgb(0, 0, 0); line-height: 18px; font-family: Arial;&quot;&gt;&lt;strong&gt;For Returns &amp;amp; Exchanges&lt;/strong&gt;&lt;/span&gt;&lt;/p&gt;\r\n	&lt;p&gt;\r\n		&lt;span style=&quot;color: rgb(0, 0, 0); line-height: 18px; font-family: Arial;&quot;&gt;ASQUITH LONDON&lt;br /&gt;\r\n		c/o Kathy Valentine&lt;br /&gt;\r\n		Phoenix International Freight Services Ltd (U.K.)&lt;br /&gt;\r\n		International House&lt;br /&gt;\r\n		Hodgeson Way&lt;br /&gt;\r\n		Wickford&lt;br /&gt;\r\n		Essex&amp;nbsp;&lt;br /&gt;\r\n		SS11 8YB&lt;br /&gt;\r\n		Tel: +44 (0)1268 577711&lt;/span&gt;&lt;/p&gt;\r\n	&lt;p&gt;\r\n		&lt;span style=&quot;color: rgb(0, 0, 0); line-height: 18px; font-family: Arial;&quot;&gt;&lt;span style=&quot;color: rgb(0, 0, 0); line-height: 18px; font-family: Arial;&quot;&gt;Customer Care – &lt;a href=&quot;mailto:katherine@asquithlondon.com&quot;&gt;Katherine Hinton&lt;/a&gt;&lt;br /&gt;\r\n		Warehouse Manager – Kathy Valentine&lt;/span&gt;&lt;/span&gt;&lt;/p&gt;\r\n	&lt;p&gt;\r\n		&lt;span style=&quot;color: rgb(0, 0, 0); line-height: 18px; font-family: Arial;&quot;&gt;&lt;span style=&quot;color: rgb(0, 0, 0); line-height: 18px; font-family: Arial;&quot;&gt;&lt;span style=&quot;color: rgb(0, 0, 0); line-height: 18px; font-family: Arial;&quot;&gt;TEL UK: 020 7792 9414&lt;br /&gt;\r\n		TEL (EX UK): + 44 (0) 20 7792 9414&lt;br /&gt;\r\n		Email:- &lt;a href=&quot;mailto:contact@asquithlondon.com&quot;&gt;contact@asquithlondon.com&lt;/a&gt;&lt;/span&gt;&lt;/span&gt;&lt;/span&gt;&lt;/p&gt;\r\n	&lt;p&gt;\r\n		&lt;span style=&quot;color: rgb(0, 0, 0); line-height: 18px; font-family: Arial;&quot;&gt;&lt;strong&gt;Company Head Office&lt;/strong&gt;&lt;/span&gt;&lt;/p&gt;\r\n	&lt;p&gt;\r\n		&lt;span style=&quot;color: rgb(0, 0, 0); line-height: 18px; font-family: Arial;&quot;&gt;Asquith London&lt;br /&gt;\r\n		7 Leamington Road Villas&lt;br /&gt;\r\n		London&lt;br /&gt;\r\n		W11 1HS&lt;/span&gt;&lt;/p&gt;\r\n	&lt;p&gt;\r\n		&lt;span style=&quot;color: rgb(0, 0, 0); line-height: 18px; font-family: Arial;&quot;&gt;VAT number - 777 9312 80&lt;br /&gt;\r\n		Asquith Ltd is a limited company Registered in England.&lt;br /&gt;\r\n		Registered Office Address - Hazlems Fenton, Palladium House, 1-4 Argyll Street, London W1F 7LD&lt;br /&gt;\r\n		Company Registration number – 4110730&lt;/span&gt;&lt;/p&gt;\r\n&lt;/div&gt;\r\n&lt;p&gt;\r\n	&amp;nbsp;&lt;/p&gt;\r\n'),(12,1,'Wholesale Enquiries','&lt;div id=&quot;column-left&quot;&gt;\r\n	&lt;div class=&quot;box&quot;&gt;\r\n		&lt;div class=&quot;box-heading&quot;&gt;\r\n			&lt;a href=&quot;index.php?route=information/information&amp;amp;information_id=10&quot;&gt;Contact Us&lt;/a&gt;&lt;/div&gt;\r\n		&lt;div class=&quot;box-content&quot;&gt;\r\n			&lt;p&gt;\r\n				&lt;a href=&quot;index.php?route=information/information&amp;amp;information_id=10&quot;&gt;Our Contact Details&lt;/a&gt;&lt;/p&gt;\r\n			&lt;p&gt;\r\n				&lt;a href=&quot;index.php?route=information/information&amp;amp;information_id=11&quot;&gt;Stockists&lt;/a&gt;&lt;/p&gt;\r\n			&lt;p&gt;\r\n				&lt;strong&gt;&lt;a href=&quot;index.php?route=information/information&amp;amp;information_id=12&quot;&gt;Wholesale Enquiries&lt;/a&gt;&lt;/strong&gt;&lt;/p&gt;\r\n		&lt;/div&gt;\r\n	&lt;/div&gt;\r\n&lt;/div&gt;\r\n&lt;div id=&quot;content&quot;&gt;\r\n	&lt;div class=&quot;banner&quot;&gt;\r\n		&lt;img alt=&quot;&quot; src=&quot;http://www.asquithlondon.com/image/data/banners/homepage%20ctas/CONTACT-US.jpg&quot; /&gt;&lt;/div&gt;\r\n	&lt;h1&gt;\r\n		Wholesale Enquiries&lt;/h1&gt;\r\n	&lt;p&gt;\r\n		Asquith London sells in boutiques, yoga studios, Pilates studios, luxury spas and hotels around the world.&lt;/p&gt;\r\n	&lt;p&gt;\r\n		Asquith London will be exhibiting at the following forthcoming Trade &amp;amp; Consumer shows:-&lt;/p&gt;\r\n	&lt;p&gt;\r\n		The Yoga Show at Olympia, 26th – 28th October 2012&lt;br /&gt;\r\n		Pure London at Olympia, 10th – 12th February 2013&lt;/p&gt;\r\n	&lt;p&gt;\r\n		If you would like information about the Asquith London collection please contact us on:-&lt;/p&gt;\r\n	&lt;p&gt;\r\n		&lt;a href=&quot;mailto:contact@asquithlondon.com&quot;&gt;contact@asquithlondon.com&lt;/a&gt;&lt;/p&gt;\r\n&lt;/div&gt;\r\n&lt;p&gt;\r\n	&amp;nbsp;&lt;/p&gt;\r\n'),(19,1,'Delivery &amp; Postage','&lt;div id=&quot;column-left&quot;&gt;\r\n	&lt;div class=&quot;box&quot;&gt;\r\n		&lt;div class=&quot;box-heading&quot;&gt;\r\n			&lt;a href=&quot;index.php?route=information/information&amp;amp;information_id=18&quot;&gt;Customer Service&lt;/a&gt;&lt;/div&gt;\r\n		&lt;div class=&quot;box-content&quot;&gt;\r\n			&lt;p&gt;\r\n				&lt;strong&gt;&lt;a href=&quot;index.php?route=information/information&amp;amp;information_id=19&quot;&gt;Delivery &amp;amp; Postage&lt;/a&gt;&lt;/strong&gt;&lt;/p&gt;\r\n			&lt;p&gt;\r\n				&lt;a href=&quot;index.php?route=information/information&amp;amp;information_id=20&quot;&gt;Refunds &amp;amp; Exchanges&lt;/a&gt;&lt;/p&gt;\r\n			&lt;p&gt;\r\n				&lt;a href=&quot;index.php?route=information/information&amp;amp;information_id=21&quot;&gt;Sizing&lt;/a&gt;&lt;/p&gt;\r\n			&lt;p&gt;\r\n				&lt;a href=&quot;index.php?route=account/voucher&quot;&gt;Gift Vouchers&lt;/a&gt;&lt;/p&gt;\r\n			&lt;p&gt;\r\n				&lt;a href=&quot;index.php?route=product/category&amp;amp;path=73&quot;&gt;Clearance&lt;/a&gt;&lt;/p&gt;\r\n			&lt;p&gt;\r\n				&lt;a href=&quot;index.php?route=information/information&amp;amp;information_id=5&quot;&gt;Terms &amp;amp; Conditions&lt;/a&gt;&lt;/p&gt;\r\n			&lt;p&gt;\r\n				&lt;a href=&quot;index.php?route=information/information&amp;amp;information_id=23&quot;&gt;Security &amp;amp; Privacy&lt;/a&gt;&lt;/p&gt;\r\n		&lt;/div&gt;\r\n	&lt;/div&gt;\r\n&lt;/div&gt;\r\n&lt;div id=&quot;content&quot;&gt;\r\n	&lt;div class=&quot;banner&quot;&gt;\r\n		&lt;img alt=&quot;&quot; src=&quot;http://www.asquithlondon.com/image/data/banners/homepage%20ctas/CUSTOMER-SERVICE.jpg&quot; /&gt;&lt;/div&gt;\r\n	&lt;h1&gt;\r\n		Delivery&amp;nbsp;&amp;amp; Postage&lt;/h1&gt;\r\n	&lt;p&gt;\r\n		We aim to dispatch standard delivery orders within 24 hours of receiving your order (unless it’s a weekend); however, dispatch can be subject to availability and could take up to 2 working days during busy periods, therefore please allow 3-5 working days for delivery.&lt;/p&gt;\r\n	&lt;p&gt;\r\n		&lt;span style=&quot;color: rgb(255, 0, 0);&quot;&gt;&lt;strong&gt;DURING THE CHRISTMAS PERIOD, PLEASE ALLOW A FEW MORE DAYS FOR YOUR ORDER TO ARRIVE, AS ROYAL MAIL MAY TAKE LONGER TO DELIVER&amp;nbsp;- IF YOU REQUIRE YOUR ORDER URGENTLY, PLEASE CHOOSE THE &lt;u&gt;NEXT DAY DELIVERY&lt;/u&gt;&amp;nbsp; OPTION&lt;/strong&gt;&lt;/span&gt;&lt;/p&gt;\r\n	&lt;p&gt;\r\n		You will receive an e-mail confirmation of receipt of your order. Please keep this on file for your records.&lt;/p&gt;\r\n	&lt;p&gt;\r\n		All parcels for UK addresses require a signature on delivery.&lt;/p&gt;\r\n	&lt;p&gt;\r\n		We send orders via the Royal Mail on a Recorded delivery/Signed For service which is a more secure method and requires a signature on delivery. If you are not in to receive the parcel, the postman will leave a card and you can collect the parcel from your local post office.&lt;/p&gt;\r\n	&lt;p&gt;\r\n		PLEASE NOTE - there is a section on your order form where you can write delivery instructions for the postman - ie if you\'re out where you\'d like the parcel left, which we will then write on your parcel for the attention of the postman. Please note, we are NOT responsible for items left/delivered by the postman.&lt;/p&gt;\r\n	&lt;p&gt;\r\n		&lt;strong&gt;Delivery Charges&lt;/strong&gt;&lt;/p&gt;\r\n	&lt;p&gt;\r\n		UK Mainland - £4.95&lt;br /&gt;\r\n		UK Next Day Delivery - £6.95&lt;br /&gt;\r\n		UK - Ireland, Channel Islands &amp;amp; Jersey - £7.95&lt;br /&gt;\r\n		Within the EU - £9.00 (Please allow 5 - 7 working day for delivery)&lt;br /&gt;\r\n		Rest of the World - £12.00 (Please allow 7 - 9 working days for delivery)&lt;/p&gt;\r\n	&lt;p&gt;\r\n		&lt;strong&gt;Next Day Delivery&lt;/strong&gt;&lt;/p&gt;\r\n	&lt;p&gt;\r\n		Your order must be placed by 11am on a weekday for UK next day delivery.&lt;/p&gt;\r\n	&lt;p&gt;\r\n		&lt;strong&gt;International Orders&lt;/strong&gt;&lt;/p&gt;\r\n	&lt;p&gt;\r\n		International orders are sent using the Royal Mail International Signed For service and can take up to 7-14 working days to be delivered. This is a more secure method and requires a signature on delivery. If you are not in to receive the parcel, the postman will leave a card and you can collect the parcel from your local post office. Larger parcels are sent by Interlink or UPS for Canada, USA orders, whichever the warehouse feels is the safest, fastest method of delivery for your order.&lt;/p&gt;\r\n	&lt;p&gt;\r\n		Please note that Asquith London is unable to calculate local customs and sales tax with all international deliveries. You will be notified by your local customs authority once your order has reached your country. They will accurately calculate the total amount of customs and sales tax which is to be paid before you may receive your goods.&lt;br /&gt;\r\n		Please contact us, at &lt;a href=&quot;mailto:contact@asquithlondon.com&quot;&gt;contact@asquithlondon.com&lt;/a&gt;&amp;nbsp;if you do have any further questions.&lt;/p&gt;\r\n	&lt;p&gt;\r\n		&lt;strong&gt;Payment&lt;/strong&gt;&lt;/p&gt;\r\n	&lt;p&gt;\r\n		We accept the following credit and debit cards:&lt;br /&gt;\r\n		Visa, Mastercard, Maestro, Switch, Solo, Visa Debit and Paypal&lt;br /&gt;\r\n		This service is secure, however if you would rather pay over the phone, you can call us on (0)207 792 9414 to make your order.&amp;nbsp; When using a credit card to pay online or on the phone you will need to be the cardholder and give the registered cardholder’s address and other details required by us to verify the transaction. For security reasons we do not keep your card details on file.&lt;/p&gt;\r\n	&lt;p&gt;\r\n		&lt;strong&gt;Availability of Items&lt;/strong&gt;&lt;/p&gt;\r\n	&lt;p&gt;\r\n		We try to keep our website up to date at all times showing available stock. Sometimes items sell out very fast, when this occurs we will let you know - to either offer you an alternative or advise when the item will next be in stock. We will aim to deliver the requested goods as soon as possible and update you as to timescale.&lt;/p&gt;\r\n	&lt;p&gt;\r\n		&amp;nbsp;&lt;/p&gt;\r\n&lt;/div&gt;\r\n&lt;p&gt;\r\n	&amp;nbsp;&lt;/p&gt;\r\n'),(20,1,'Refunds and Exchanges','&lt;div id=&quot;column-left&quot;&gt;\r\n	&lt;div class=&quot;box&quot;&gt;\r\n		&lt;div class=&quot;box-heading&quot;&gt;\r\n			&lt;a href=&quot;index.php?route=information/information&amp;amp;information_id=18&quot;&gt;Customer Service&lt;/a&gt;&lt;/div&gt;\r\n		&lt;div class=&quot;box-content&quot;&gt;\r\n			&lt;p&gt;\r\n				&lt;a href=&quot;index.php?route=information/information&amp;amp;information_id=19&quot;&gt;Delivery &amp;amp; Postage&lt;/a&gt;&lt;/p&gt;\r\n			&lt;p&gt;\r\n				&lt;strong&gt;&lt;a href=&quot;index.php?route=information/information&amp;amp;information_id=20&quot;&gt;Refunds &amp;amp; Exchanges&lt;/a&gt;&lt;/strong&gt;&lt;/p&gt;\r\n			&lt;p&gt;\r\n				&lt;a href=&quot;index.php?route=information/information&amp;amp;information_id=21&quot;&gt;Sizing&lt;/a&gt;&lt;/p&gt;\r\n			&lt;p&gt;\r\n				&lt;a href=&quot;index.php?route=account/voucher&quot;&gt;Gift Vouchers&lt;/a&gt;&lt;/p&gt;\r\n			&lt;p&gt;\r\n				&lt;a href=&quot;index.php?route=product/category&amp;amp;path=73&quot;&gt;Clearance&lt;/a&gt;&lt;/p&gt;\r\n			&lt;p&gt;\r\n				&lt;a href=&quot;index.php?route=information/information&amp;amp;information_id=5&quot;&gt;Terms &amp;amp; Conditions&lt;/a&gt;&lt;/p&gt;\r\n			&lt;p&gt;\r\n				&lt;a href=&quot;index.php?route=information/information&amp;amp;information_id=23&quot;&gt;Security &amp;amp; Privacy&lt;/a&gt;&lt;/p&gt;\r\n		&lt;/div&gt;\r\n	&lt;/div&gt;\r\n&lt;/div&gt;\r\n&lt;div id=&quot;content&quot;&gt;\r\n	&lt;div class=&quot;banner&quot;&gt;\r\n		&lt;img alt=&quot;&quot; src=&quot;http://www.asquithlondon.com/image/data/banners/homepage%20ctas/CUSTOMER-SERVICE.jpg&quot; /&gt;&lt;/div&gt;\r\n	&lt;h1&gt;\r\n		Refunds and Exchanges&lt;/h1&gt;\r\n	&lt;p&gt;\r\n		&lt;span style=&quot;color: rgb(0, 0, 0); line-height: 18px; font-family: Arial;&quot;&gt;If you are not perfectly happy with a product we will be delighted to offer you a refund or an exchange as long as the products are returned within 14 days&amp;nbsp; in perfect condition, unworn, and in their original packaging.&lt;/span&gt;&lt;/p&gt;\r\n	&lt;p&gt;\r\n		&lt;u&gt;&lt;span style=&quot;font-size: 12px;&quot;&gt;&lt;strong&gt;&lt;span style=&quot;color: rgb(0, 0, 0); line-height: 18px; font-family: Arial;&quot;&gt;For the Christmas period we have extended our returns policy. All returns need to be sent back to us by the 9th January 2013. The items need to be in perfect condition, unworn and in their original packaging for us to be able to offer an exchange or refund. We can only process a refund onto the original credit / debit card that was used to place the order.&lt;/span&gt;&lt;/strong&gt;&lt;/span&gt;&lt;/u&gt;&lt;/p&gt;\r\n	&lt;p&gt;\r\n		&lt;span style=&quot;color: rgb(0, 0, 0); line-height: 18px; font-family: Arial;&quot;&gt;Please be careful when trying on Tops that you do not leave lipstick or deodorant marks.&lt;/span&gt;&lt;/p&gt;\r\n	&lt;p&gt;\r\n		&lt;span style=&quot;color: rgb(0, 0, 0); line-height: 18px; font-family: Arial;&quot;&gt;Please note that we want you to be happy with your Asquith London choice, therefore we do also accept exchanges &amp;amp; offer refunds on SALE ITEMS as long as the items are returned in perfect condition, unworn, and in their original packaging.&lt;/span&gt;&lt;/p&gt;\r\n	&lt;p&gt;\r\n		&lt;span style=&quot;color: rgb(0, 0, 0); line-height: 18px; font-family: Arial;&quot;&gt;And it’s always helpful to know why you’d like to exchange your item – because we always aim to offer the best possible service and want to improve the styles for you – therefore your feedback is always invaluable to us.&lt;/span&gt;&lt;/p&gt;\r\n	&lt;p&gt;\r\n		&lt;span style=&quot;color: rgb(0, 0, 0); line-height: 18px; font-family: Arial;&quot;&gt;We are always very happy to help you choose something else, therefore if you would like advice on alternative styles or sizing please email &lt;a href=&quot;mailto:contact@asquithlondon.com&quot;&gt;contact@asquithlondon.com&lt;/a&gt; &lt;/span&gt;&lt;/p&gt;\r\n	&lt;p&gt;\r\n		&lt;span style=&quot;color: rgb(0, 0, 0); line-height: 18px; font-family: Arial;&quot;&gt;&lt;strong&gt;How to Return or Exchange an Order&lt;/strong&gt;&lt;/span&gt;&lt;/p&gt;\r\n	&lt;p&gt;\r\n		&lt;span style=&quot;color: rgb(0, 0, 0); line-height: 18px; font-family: Arial;&quot;&gt;Please complete the Returns form sent out with your order. Please list the contents of the package, your name, the reason for returning the product, and whether you would like an exchange or refund.&lt;/span&gt;&lt;/p&gt;\r\n	&lt;p&gt;\r\n		&lt;span style=&quot;color: rgb(0, 0, 0); line-height: 18px; font-family: Arial;&quot;&gt;&lt;strong&gt;Please then pack up the item carefully and return to the following address:-&lt;/strong&gt;&lt;/span&gt;&lt;/p&gt;\r\n	&lt;p&gt;\r\n		&lt;span style=&quot;color: rgb(0, 0, 0); line-height: 18px; font-family: Arial;&quot;&gt;ASQUITH LONDON&lt;br /&gt;\r\n		c/o Kathy Valentine&lt;br /&gt;\r\n		Phoenix International Freight Services Ltd&lt;br /&gt;\r\n		International House&lt;br /&gt;\r\n		Hodgeson Way&lt;br /&gt;\r\n		Wickford&lt;br /&gt;\r\n		Essex&lt;br /&gt;\r\n		SS11 8YB&lt;/span&gt;&lt;/p&gt;\r\n	&lt;p&gt;\r\n		&lt;span style=&quot;color: rgb(0, 0, 0); line-height: 18px; font-family: Arial;&quot;&gt;When returning your parcel, to ensure that it reaches us safely, we strongly recommend that you send the parcel to us via recorded or special delivery and keep the recorded or special delivery receipt from your local Post Office for your records. Please keep this receipt safe, as, in the unlikely event of the parcel going missing, this is your proof of postage. Please note that we are not responsible for goods lost in transit and cannot refund without the returned items.&lt;/span&gt;&lt;/p&gt;\r\n	&lt;p&gt;\r\n		&lt;span style=&quot;color: rgb(0, 0, 0); line-height: 18px; font-family: Arial;&quot;&gt;Please note that there is no cost to exchange an item, we will cover the postage for the exchange item to be sent to you.&lt;/span&gt;&lt;/p&gt;\r\n	&lt;p&gt;\r\n		&lt;span style=&quot;color: rgb(0, 0, 0); line-height: 18px; font-family: Arial;&quot;&gt;&lt;strong&gt;Faulty Items&lt;/strong&gt;&lt;/span&gt;&lt;/p&gt;\r\n	&lt;p&gt;\r\n		&lt;span style=&quot;color: rgb(0, 0, 0); line-height: 18px; font-family: Arial;&quot;&gt;In the unlikely event that your goods are damaged or faulty you are of course entitled to a full refund / replacement, including the cost of returning the item back to our warehouse. Please email us on &lt;a href=&quot;mailto:contact@asquithlondon.com&quot;&gt;contact@asquithlondon.com&lt;/a&gt;&amp;nbsp;and let us know the reason for the garment being faulty then we can resolve the situation in the best way possible.&lt;/span&gt;&lt;/p&gt;\r\n	&lt;p&gt;\r\n		&lt;span style=&quot;color: rgb(0, 0, 0); line-height: 18px; font-family: Arial;&quot;&gt;&lt;u&gt;&lt;strong&gt;Again, please ensure the item is returned within 14 days.&lt;/strong&gt;&lt;/u&gt;&lt;/span&gt;&lt;/p&gt;\r\n&lt;/div&gt;\r\n&lt;p&gt;\r\n	&amp;nbsp;&lt;/p&gt;\r\n'),(21,1,'Sizing','&lt;div id=&quot;column-left&quot;&gt;\r\n	&lt;div class=&quot;box&quot;&gt;\r\n		&lt;div class=&quot;box-heading&quot;&gt;\r\n			&lt;a href=&quot;index.php?route=information/information&amp;amp;information_id=18&quot;&gt;Customer Service&lt;/a&gt;&lt;/div&gt;\r\n		&lt;div class=&quot;box-content&quot;&gt;\r\n			&lt;p&gt;\r\n				&lt;a href=&quot;index.php?route=information/information&amp;amp;information_id=19&quot;&gt;Delivery &amp;amp; Postage&lt;/a&gt;&lt;/p&gt;\r\n			&lt;p&gt;\r\n				&lt;a href=&quot;index.php?route=information/information&amp;amp;information_id=20&quot;&gt;Refunds &amp;amp; Exchanges&lt;/a&gt;&lt;/p&gt;\r\n			&lt;p&gt;\r\n				&lt;strong&gt;&lt;a href=&quot;index.php?route=information/information&amp;amp;information_id=21&quot;&gt;Sizing&lt;/a&gt;&lt;/strong&gt;&lt;/p&gt;\r\n			&lt;p&gt;\r\n				&lt;a href=&quot;index.php?route=account/voucher&quot;&gt;Gift Vouchers&lt;/a&gt;&lt;/p&gt;\r\n			&lt;p&gt;\r\n				&lt;a href=&quot;index.php?route=product/category&amp;amp;path=73&quot;&gt;Clearance&lt;/a&gt;&lt;/p&gt;\r\n			&lt;p&gt;\r\n				&lt;a href=&quot;index.php?route=information/information&amp;amp;information_id=5&quot;&gt;Terms &amp;amp; Conditions&lt;/a&gt;&lt;/p&gt;\r\n			&lt;p&gt;\r\n				&lt;a href=&quot;index.php?route=information/information&amp;amp;information_id=23&quot;&gt;Security &amp;amp; Privacy&lt;/a&gt;&lt;/p&gt;\r\n		&lt;/div&gt;\r\n	&lt;/div&gt;\r\n&lt;/div&gt;\r\n&lt;div id=&quot;content&quot;&gt;\r\n	&lt;div class=&quot;banner&quot;&gt;\r\n		&lt;img alt=&quot;&quot; src=&quot;http://www.asquithlondon.com/image/data/banners/homepage%20ctas/CUSTOMER-SERVICE.jpg&quot; /&gt;&lt;/div&gt;\r\n	&lt;h1&gt;\r\n		Sizing&lt;/h1&gt;\r\n	&lt;p&gt;\r\n		&lt;b&gt;Measurement Guide&lt;/b&gt;&lt;/p&gt;\r\n	&lt;p&gt;\r\n		Measure your bust, waist and hip and compare your measurements with our size guide to help you determine what size to buy.&lt;/p&gt;\r\n	&lt;ol&gt;\r\n		&lt;li&gt;\r\n			Bust - take the measurement across fullest part of your bust and across your shoulder blades.&lt;/li&gt;\r\n		&lt;li&gt;\r\n			Waist - measure around your natural waistline.&lt;/li&gt;\r\n		&lt;li&gt;\r\n			Hips - measure at the widest part.&lt;/li&gt;\r\n		&lt;li&gt;\r\n			Inside leg - measure from the top of the inside leg at the crutch to the anklebone.&lt;/li&gt;\r\n	&lt;/ol&gt;\r\n	&lt;p&gt;\r\n		Items may vary in size from the guide depending on the style and fabric but they will still fit the body size indicated.&lt;/p&gt;\r\n	&lt;p&gt;\r\n		Please note that in the table below, all measurements are body measurements and not garment measurements. If you have any questions regarding sizing please don’t hesitate to contact us at contact@asquithlondon.com&lt;/p&gt;\r\n	&lt;p&gt;\r\n		&amp;nbsp;&lt;/p&gt;\r\n	&lt;table border=&quot;1&quot; style=&quot;width: 100%;&quot;&gt;\r\n		&lt;tbody&gt;\r\n			&lt;tr&gt;\r\n				&lt;td style=&quot;width: 126px; &quot;&gt;\r\n					&lt;p&gt;\r\n						&lt;strong&gt;SIZING&amp;nbsp;&lt;/strong&gt;&lt;/p&gt;\r\n					&lt;p&gt;\r\n						UK&lt;br /&gt;\r\n						EURO&lt;br /&gt;\r\n						USA&lt;/p&gt;\r\n				&lt;/td&gt;\r\n				&lt;td colspan=&quot;2&quot;&gt;\r\n					&lt;p style=&quot;text-align: center; &quot;&gt;\r\n						XS&lt;/p&gt;\r\n					&lt;p style=&quot;text-align: center; &quot;&gt;\r\n						8&lt;br /&gt;\r\n						36&lt;br /&gt;\r\n						4&lt;/p&gt;\r\n				&lt;/td&gt;\r\n				&lt;td colspan=&quot;2&quot;&gt;\r\n					&lt;p style=&quot;text-align: center; &quot;&gt;\r\n						S&lt;/p&gt;\r\n					&lt;p style=&quot;text-align: center; &quot;&gt;\r\n						10&lt;br /&gt;\r\n						38&lt;br /&gt;\r\n						6&lt;/p&gt;\r\n				&lt;/td&gt;\r\n				&lt;td colspan=&quot;2&quot;&gt;\r\n					&lt;p style=&quot;text-align: center; &quot;&gt;\r\n						M&lt;/p&gt;\r\n					&lt;p style=&quot;text-align: center; &quot;&gt;\r\n						12&lt;br /&gt;\r\n						40&lt;br /&gt;\r\n						8&lt;/p&gt;\r\n				&lt;/td&gt;\r\n				&lt;td colspan=&quot;2&quot;&gt;\r\n					&lt;p style=&quot;text-align: center; &quot;&gt;\r\n						L&lt;/p&gt;\r\n					&lt;p style=&quot;text-align: center; &quot;&gt;\r\n						14&lt;br /&gt;\r\n						42&lt;br /&gt;\r\n						10&lt;/p&gt;\r\n				&lt;/td&gt;\r\n				&lt;td colspan=&quot;2&quot;&gt;\r\n					&lt;p style=&quot;text-align: center; &quot;&gt;\r\n						XL&lt;/p&gt;\r\n					&lt;p style=&quot;text-align: center; &quot;&gt;\r\n						16&lt;br /&gt;\r\n						44&lt;br /&gt;\r\n						12&lt;/p&gt;\r\n				&lt;/td&gt;\r\n			&lt;/tr&gt;\r\n			&lt;tr&gt;\r\n				&lt;td style=&quot;width: 126px; &quot;&gt;\r\n					&lt;p&gt;\r\n						To fit bust&lt;/p&gt;\r\n				&lt;/td&gt;\r\n				&lt;td style=&quot;width: 63px; &quot;&gt;\r\n					&lt;strong&gt;cms&lt;/strong&gt;&lt;br /&gt;\r\n					81&lt;/td&gt;\r\n				&lt;td style=&quot;width: 63px; &quot;&gt;\r\n					&lt;strong&gt;inches&lt;/strong&gt;&lt;br /&gt;\r\n					32&lt;/td&gt;\r\n				&lt;td style=&quot;width: 63px; &quot;&gt;\r\n					&lt;strong&gt;cms&lt;/strong&gt;&lt;br /&gt;\r\n					86&lt;/td&gt;\r\n				&lt;td style=&quot;width: 63px; &quot;&gt;\r\n					&lt;strong&gt;inches&lt;/strong&gt;&lt;br /&gt;\r\n					34&lt;/td&gt;\r\n				&lt;td style=&quot;width: 63px; &quot;&gt;\r\n					&lt;strong&gt;cms&lt;/strong&gt;&lt;br /&gt;\r\n					91&lt;/td&gt;\r\n				&lt;td style=&quot;width: 63px; &quot;&gt;\r\n					&lt;strong&gt;inches&lt;/strong&gt;&lt;br /&gt;\r\n					36&lt;/td&gt;\r\n				&lt;td style=&quot;width: 63px; &quot;&gt;\r\n					&lt;strong&gt;cms&lt;/strong&gt;&lt;br /&gt;\r\n					96&lt;/td&gt;\r\n				&lt;td style=&quot;width: 63px; &quot;&gt;\r\n					&lt;strong&gt;inches&lt;/strong&gt;&lt;br /&gt;\r\n					38&lt;/td&gt;\r\n				&lt;td style=&quot;width: 63px; &quot;&gt;\r\n					&lt;strong&gt;cms&lt;/strong&gt;&lt;br /&gt;\r\n					101&lt;/td&gt;\r\n				&lt;td style=&quot;width: 63px; &quot;&gt;\r\n					&lt;strong&gt;inches&lt;/strong&gt;&lt;br /&gt;\r\n					40&lt;/td&gt;\r\n			&lt;/tr&gt;\r\n			&lt;tr&gt;\r\n				&lt;td style=&quot;width: 126px; &quot;&gt;\r\n					&lt;p&gt;\r\n						To fit waist&lt;/p&gt;\r\n				&lt;/td&gt;\r\n				&lt;td&gt;\r\n					&lt;strong&gt;cms&lt;/strong&gt;&lt;br /&gt;\r\n					61&lt;/td&gt;\r\n				&lt;td&gt;\r\n					&lt;strong&gt;inches&lt;/strong&gt;&lt;br /&gt;\r\n					24&lt;/td&gt;\r\n				&lt;td&gt;\r\n					&lt;strong&gt;cms&lt;/strong&gt;&lt;br /&gt;\r\n					66&lt;/td&gt;\r\n				&lt;td&gt;\r\n					&lt;strong&gt;inches&lt;/strong&gt;&lt;br /&gt;\r\n					26&lt;/td&gt;\r\n				&lt;td&gt;\r\n					&lt;strong&gt;cms&lt;/strong&gt;&lt;br /&gt;\r\n					71&lt;/td&gt;\r\n				&lt;td&gt;\r\n					&lt;strong&gt;inches&lt;/strong&gt;&lt;br /&gt;\r\n					28&lt;/td&gt;\r\n				&lt;td&gt;\r\n					&lt;strong&gt;cms&lt;/strong&gt;&lt;br /&gt;\r\n					76&lt;/td&gt;\r\n				&lt;td&gt;\r\n					&lt;strong&gt;inches&lt;/strong&gt;&lt;br /&gt;\r\n					30&lt;/td&gt;\r\n				&lt;td&gt;\r\n					&lt;strong&gt;cms&lt;/strong&gt;&lt;br /&gt;\r\n					81&lt;/td&gt;\r\n				&lt;td&gt;\r\n					&lt;strong&gt;inches&lt;/strong&gt;&lt;br /&gt;\r\n					32&lt;/td&gt;\r\n			&lt;/tr&gt;\r\n			&lt;tr&gt;\r\n				&lt;td style=&quot;width: 126px; &quot;&gt;\r\n					&lt;p&gt;\r\n						To fit hips&lt;/p&gt;\r\n				&lt;/td&gt;\r\n				&lt;td&gt;\r\n					&lt;strong&gt;cms&lt;/strong&gt;&lt;br /&gt;\r\n					87&lt;/td&gt;\r\n				&lt;td&gt;\r\n					&lt;strong&gt;inches&lt;/strong&gt;&lt;br /&gt;\r\n					34.5&lt;/td&gt;\r\n				&lt;td&gt;\r\n					&lt;strong&gt;cms&lt;/strong&gt;&lt;br /&gt;\r\n					92&lt;/td&gt;\r\n				&lt;td&gt;\r\n					&lt;strong&gt;inches&lt;/strong&gt;&lt;br /&gt;\r\n					36&lt;/td&gt;\r\n				&lt;td&gt;\r\n					&lt;strong&gt;cms&lt;/strong&gt;&lt;br /&gt;\r\n					97&lt;/td&gt;\r\n				&lt;td&gt;\r\n					&lt;strong&gt;inches&lt;/strong&gt;&lt;br /&gt;\r\n					38&lt;/td&gt;\r\n				&lt;td&gt;\r\n					&lt;strong&gt;cms&lt;/strong&gt;&lt;br /&gt;\r\n					102&lt;/td&gt;\r\n				&lt;td&gt;\r\n					&lt;strong&gt;inches&lt;/strong&gt;&lt;br /&gt;\r\n					40&lt;/td&gt;\r\n				&lt;td&gt;\r\n					&lt;strong&gt;cms&lt;/strong&gt;&lt;br /&gt;\r\n					107&lt;/td&gt;\r\n				&lt;td&gt;\r\n					&lt;strong&gt;inches&lt;/strong&gt;&lt;br /&gt;\r\n					42&lt;/td&gt;\r\n			&lt;/tr&gt;\r\n			&lt;tr&gt;\r\n				&lt;td style=&quot;width: 126px; &quot;&gt;\r\n					&lt;p&gt;\r\n						Inside Leg&lt;/p&gt;\r\n				&lt;/td&gt;\r\n				&lt;td&gt;\r\n					&lt;strong&gt;cms&lt;/strong&gt;&lt;br /&gt;\r\n					75&lt;/td&gt;\r\n				&lt;td&gt;\r\n					&lt;strong&gt;inches&lt;/strong&gt;&lt;br /&gt;\r\n					30&lt;/td&gt;\r\n				&lt;td&gt;\r\n					&lt;strong&gt;cms&lt;/strong&gt;&lt;br /&gt;\r\n					77&lt;/td&gt;\r\n				&lt;td&gt;\r\n					&lt;strong&gt;inches&lt;/strong&gt;&lt;br /&gt;\r\n					30.5&lt;/td&gt;\r\n				&lt;td&gt;\r\n					&lt;strong&gt;cms&lt;/strong&gt;&lt;br /&gt;\r\n					79&lt;/td&gt;\r\n				&lt;td&gt;\r\n					&lt;strong&gt;inches&lt;/strong&gt;&lt;br /&gt;\r\n					31&lt;/td&gt;\r\n				&lt;td&gt;\r\n					&lt;strong&gt;cms&lt;/strong&gt;&lt;br /&gt;\r\n					80&lt;/td&gt;\r\n				&lt;td&gt;\r\n					&lt;strong&gt;inches&lt;/strong&gt;&lt;br /&gt;\r\n					32&lt;/td&gt;\r\n				&lt;td&gt;\r\n					&lt;strong&gt;cms&lt;/strong&gt;&lt;br /&gt;\r\n					80&lt;/td&gt;\r\n				&lt;td&gt;\r\n					&lt;strong&gt;inches&lt;/strong&gt;&lt;br /&gt;\r\n					32&lt;/td&gt;\r\n			&lt;/tr&gt;\r\n		&lt;/tbody&gt;\r\n	&lt;/table&gt;\r\n&lt;/div&gt;\r\n&lt;p&gt;\r\n	&amp;nbsp;&lt;/p&gt;\r\n'),(5,1,'Terms &amp; Conditions','&lt;div id=&quot;column-left&quot;&gt;\r\n	&lt;div class=&quot;box&quot;&gt;\r\n		&lt;div class=&quot;box-heading&quot;&gt;\r\n			&lt;a href=&quot;index.php?route=information/information&amp;amp;information_id=18&quot;&gt;Customer Service&lt;/a&gt;&lt;/div&gt;\r\n		&lt;div class=&quot;box-content&quot;&gt;\r\n			&lt;p&gt;\r\n				&lt;a href=&quot;index.php?route=information/information&amp;amp;information_id=19&quot;&gt;Delivery &amp;amp; Postage&lt;/a&gt;&lt;/p&gt;\r\n			&lt;p&gt;\r\n				&lt;a href=&quot;index.php?route=information/information&amp;amp;information_id=20&quot;&gt;Refunds &amp;amp; Exchanges&lt;/a&gt;&lt;/p&gt;\r\n			&lt;p&gt;\r\n				&lt;a href=&quot;index.php?route=information/information&amp;amp;information_id=21&quot;&gt;Sizing&lt;/a&gt;&lt;/p&gt;\r\n			&lt;p&gt;\r\n				&lt;a href=&quot;index.php?route=account/voucher&quot;&gt;Gift Vouchers&lt;/a&gt;&lt;/p&gt;\r\n			&lt;p&gt;\r\n				&lt;a href=&quot;index.php?route=product/category&amp;amp;path=73&quot;&gt;Clearance&lt;/a&gt;&lt;/p&gt;\r\n			&lt;p&gt;\r\n				&lt;strong&gt;&lt;a href=&quot;index.php?route=information/information&amp;amp;information_id=5&quot;&gt;Terms &amp;amp; Conditions&lt;/a&gt;&lt;/strong&gt;&lt;/p&gt;\r\n			&lt;p&gt;\r\n				&lt;a href=&quot;index.php?route=information/information&amp;amp;information_id=23&quot;&gt;Security &amp;amp; Privacy&lt;/a&gt;&lt;/p&gt;\r\n		&lt;/div&gt;\r\n	&lt;/div&gt;\r\n&lt;/div&gt;\r\n&lt;div id=&quot;content&quot;&gt;\r\n	&lt;div class=&quot;banner&quot;&gt;\r\n		&lt;img alt=&quot;&quot; src=&quot;http://www.asquithlondon.com/image/data/banners/homepage%20ctas/CUSTOMER-SERVICE.jpg&quot; /&gt;&lt;/div&gt;\r\n	&lt;h1&gt;\r\n		&lt;span style=&quot;font-family: arial,helvetica,sans-serif;&quot;&gt;Terms &amp;amp; Conditions&lt;/span&gt;&lt;/h1&gt;\r\n	&lt;p&gt;\r\n		&lt;span style=&quot;font-size: 11px;&quot;&gt;&lt;span style=&quot;font-family: verdana,geneva,sans-serif;&quot;&gt;&lt;span style=&quot;color: rgb(0, 0, 0); line-height: 18px;&quot;&gt;By entering this site you agree to abide by the terms and conditions of use thereof. The placement of an order online indicates your acceptance of these terms and conditions.&lt;/span&gt;&lt;/span&gt;&lt;/span&gt;&lt;/p&gt;\r\n	&lt;p&gt;\r\n		&lt;span style=&quot;font-size: 11px;&quot;&gt;&lt;span style=&quot;font-family: verdana,geneva,sans-serif;&quot;&gt;&lt;span style=&quot;color: rgb(0, 0, 0); line-height: 18px;&quot;&gt;&lt;strong&gt;Making a Purchase&lt;/strong&gt;&lt;br /&gt;\r\n		Making a purchase could not be easier. Just browse our online boutique, and add any items that you wish to buy into \'My Bag\'. By submitting your order you are offering to buy goods and allowing us to use your personal details for the purpose of supplying those goods. We will only pass your details onto the people who we may subcontract out to do the delivery. All online orders are confirmed by email. We will contact you by email or telephone regarding any delivery delays or payment issues.&lt;/span&gt;&lt;/span&gt;&lt;/span&gt;&lt;/p&gt;\r\n	&lt;p&gt;\r\n		&lt;span style=&quot;font-size: 11px;&quot;&gt;&lt;span style=&quot;font-family: verdana,geneva,sans-serif;&quot;&gt;&lt;span style=&quot;color: rgb(0, 0, 0); line-height: 18px;&quot;&gt;Offers are valid for the time period stated, and if specified for single use and or your first order only.&lt;/span&gt;&lt;/span&gt;&lt;/span&gt;&lt;/p&gt;\r\n	&lt;p&gt;\r\n		&lt;span style=&quot;font-size: 11px;&quot;&gt;&lt;span style=&quot;font-family: verdana,geneva,sans-serif;&quot;&gt;&lt;span style=&quot;color: rgb(0, 0, 0); line-height: 18px;&quot;&gt;&lt;strong&gt;Asquith London Terms&lt;/strong&gt;&lt;/span&gt;&lt;/span&gt;&lt;/span&gt;&lt;/p&gt;\r\n	&lt;p&gt;\r\n		&lt;span style=&quot;font-size: 11px;&quot;&gt;&lt;span style=&quot;font-family: verdana,geneva,sans-serif;&quot;&gt;&lt;span style=&quot;color: rgb(0, 0, 0); line-height: 18px;&quot;&gt;Welcome to the &lt;a href=&quot;http://www.asquithlondon.com&quot;&gt;www.asquithlondon.com&lt;/a&gt; website Terms and Conditions. Asquith London provides the services available on the Website. Your use of this Website is governed by these Terms and Conditions set out below. By using any part of this Website, completing your customer registration with us and/or placing an order on the Website you agree to be bound by the Terms and Conditions.&lt;/span&gt;&lt;/span&gt;&lt;/span&gt;&lt;/p&gt;\r\n	&lt;p&gt;\r\n		&lt;span style=&quot;font-size: 11px;&quot;&gt;&lt;span style=&quot;font-family: verdana,geneva,sans-serif;&quot;&gt;&lt;span style=&quot;color: rgb(0, 0, 0); line-height: 18px;&quot;&gt;&lt;strong&gt;About Asquith London&lt;/strong&gt;&lt;br /&gt;\r\n		Asquith Ltd is the supplier of the goods to Asquith London and our company address is 7 Leamington Road Villas, London, W11 1HS&amp;nbsp;&amp;nbsp;&amp;nbsp;&amp;nbsp;&lt;/span&gt;&lt;/span&gt;&lt;/span&gt;&lt;/p&gt;\r\n	&lt;p&gt;\r\n		&lt;span style=&quot;font-size: 11px;&quot;&gt;&lt;span style=&quot;font-family: verdana,geneva,sans-serif;&quot;&gt;&lt;span style=&quot;color: rgb(0, 0, 0); line-height: 18px;&quot;&gt;&lt;strong&gt;Eligibility&lt;/strong&gt;&lt;br /&gt;\r\n		To be eligible to purchase goods on this Website and to lawfully enter into and form contracts on this Website under English law you must:&lt;br /&gt;\r\n		A) provide accurate and correct information&lt;br /&gt;\r\n		B) be the holder of a valid debit/credit card.&lt;br /&gt;\r\n		You warrant that the personal information which you are required to provide when you register as a customer is true, accurate and current in all respects. If your personal information changes then please notify us immediately by contacting us on the following number (open 10.00am to 5pm, Monday to Friday) Tel 020 7792 9414 or email &lt;a href=&quot;mailto:contact@asquithlondon.com&quot;&gt;contact@asquithlondon.com&lt;/a&gt; Alternatively if you are a registered customer you can update your details through the &quot;register/sign in&quot; page.&lt;br /&gt;\r\n		You agree not to impersonate any other person or entity or to use a false name or a name that you are not authorised to use.&amp;nbsp;&amp;nbsp;&lt;/span&gt;&lt;/span&gt;&lt;/span&gt;&lt;/p&gt;\r\n	&lt;p&gt;\r\n		&lt;span style=&quot;font-size: 11px;&quot;&gt;&lt;span style=&quot;font-family: verdana,geneva,sans-serif;&quot;&gt;&lt;span style=&quot;color: rgb(0, 0, 0); line-height: 18px;&quot;&gt;&lt;strong&gt;Language&lt;/strong&gt;&lt;br /&gt;\r\n		This contract shall be concluded in English.&amp;nbsp;&amp;nbsp;&lt;/span&gt;&lt;/span&gt;&lt;/span&gt;&lt;/p&gt;\r\n	&lt;p&gt;\r\n		&lt;span style=&quot;font-size: 11px;&quot;&gt;&lt;span style=&quot;font-family: verdana,geneva,sans-serif;&quot;&gt;&lt;span style=&quot;color: rgb(0, 0, 0); line-height: 18px;&quot;&gt;&lt;strong&gt;Placing an order and order acceptance&lt;/strong&gt;&lt;br /&gt;\r\n		You place your order request for goods from the Website by clicking on the confirm order button at the end of the on-line order process. You will be guided through the process of placing an order by a series of simple instructions on the Website. Once you have placed your order, we will send to you an acknowledgement providing you with a payment reference and the value of your order which has been debited to your credit/debit card. This is not an order confirmation or order acceptance from Asquith Ltd.&lt;br /&gt;\r\n		Unless we have notified you that we do not accept your order or you have cancelled your order in accordance with the Cancellation section of the Site, our acceptance of your order and the completion of the contract between you and us will take place when we have dispatched the goods ordered by you. To cancel your order after it has been dispatched to you, you will need to follow the Returns Policy &amp;amp; Procedure. If you do require any information regarding your order(s) please contact us on the following number (open 10am to 5pm, Monday to Friday) Tel 020 7792 9414 or email &lt;a href=&quot;mailto:contact@asquithlondon.com&quot;&gt;contact@asquithlondon.com&lt;/a&gt;&lt;br /&gt;\r\n		We may not accept your order if an item you have ordered is out of stock, we are unable to obtain authorisation for your payment or if we identify a product or pricing error. We reserve the right to reject any offer to purchase by you at any time. If we are unable to fulfil your order following our order acknowledgement, we will contact you by email or telephone advising you of this. See Cancellation and Returns procedure set out in Section 10 below.&amp;nbsp;&amp;nbsp;&lt;/span&gt;&lt;/span&gt;&lt;/span&gt;You will automatically be signed up to our mailing list on completion of your order. You can be removed from the mailing list by emailing us &lt;a href=&quot;mailto:katherine@asquithlondon.com?subject=Please%20remove%20me%20from%20your%20mailing%20list&quot;&gt;katherine@asquithlondon.com&lt;/a&gt;&lt;/p&gt;\r\n	&lt;p&gt;\r\n		&amp;nbsp;&lt;/p&gt;\r\n	&lt;p&gt;\r\n		&lt;span style=&quot;font-size: 11px;&quot;&gt;&lt;span style=&quot;font-family: verdana,geneva,sans-serif;&quot;&gt;&lt;span style=&quot;color: rgb(0, 0, 0); line-height: 18px;&quot;&gt;&lt;strong&gt;Your account&lt;/strong&gt;&lt;br /&gt;\r\n		By using the Website, you agree to keep your password and account details confidential, and to take all reasonable measures to prevent unauthorised access to your account. You are responsible for all actions that occur in relation to your account. If you have reason to believe that your password has become known to somebody else, or is likely to be used in any way that is unauthorised by you, you should contact us immediately. If you forget your password we will reset it upon your request and send it to the email address you registered with. All the Personal Information that you provide will be held in accordance with the Privacy Policy.&lt;br /&gt;\r\n		Your account can be cancelled at any time by contacting us on the following number (open 10am to 5pm, Monday to Friday) Tel 020 7792 9414 or email us at &lt;a href=&quot;mailto:contact@asquithlondon.com&quot;&gt;contact@asquithlondon.com&lt;/a&gt;&lt;/span&gt;&lt;/span&gt;&lt;/span&gt;&lt;/p&gt;\r\n	&lt;p&gt;\r\n		&lt;span style=&quot;font-size: 11px;&quot;&gt;&lt;span style=&quot;font-family: verdana,geneva,sans-serif;&quot;&gt;&lt;span style=&quot;color: rgb(0, 0, 0); line-height: 18px;&quot;&gt;&lt;strong&gt;Description of products&lt;/strong&gt;&lt;br /&gt;\r\n		We will take all reasonable care to ensure that all details, descriptions, colours and prices of products appearing on the Website are correct and as accurate as possible at the time when the relevant information was entered onto the system. Although we aim to keep the Website as up to date as possible, the information including product descriptions and colours appearing on this Website at a particular time may not always reflect the position exactly at the moment you place an order. We cannot confirm the price of a product until your order is accepted in accordance with our order acceptance policy. (See 2. above.)&amp;nbsp;&amp;nbsp;&lt;/span&gt;&lt;/span&gt;&lt;/span&gt;&lt;/p&gt;\r\n	&lt;p&gt;\r\n		&lt;span style=&quot;font-size: 11px;&quot;&gt;&lt;span style=&quot;font-family: verdana,geneva,sans-serif;&quot;&gt;&lt;span style=&quot;color: rgb(0, 0, 0); line-height: 18px;&quot;&gt;&lt;strong&gt;Payment&lt;/strong&gt;&lt;br /&gt;\r\n		All prices indicated for products available via the Website are inclusive of VAT (where applicable) at the current rates and are exclusive of delivery charges. The total cost of your order is the price of the products ordered plus VAT and delivery charges as set out in the Delivery section of the Website. Payment can be made by any of the methods specified in the Payment section of this Website and payment will be debited and cleared from your account as set out in the Order Payment section of this Website. The payment service provider used is Sage. This is a secure payment method. You confirm that the credit or debit card that is being used is yours. All credit/debit cardholders are subject to validation checks and authorisation by the card issuer. If the issuer of your payment card refuses to, or subsequently refuses to, or does not, for any reason, authorise payment to us, we will not be liable for any delay or non-delivery.&amp;nbsp;&amp;nbsp;&lt;/span&gt;&lt;/span&gt;&lt;/span&gt;&lt;/p&gt;\r\n	&lt;p&gt;\r\n		&lt;span style=&quot;font-size: 11px;&quot;&gt;&lt;span style=&quot;font-family: verdana,geneva,sans-serif;&quot;&gt;&lt;span style=&quot;color: rgb(0, 0, 0); line-height: 18px;&quot;&gt;&lt;strong&gt;Passing of property&lt;/strong&gt;&lt;br /&gt;\r\n		We will retain the legal ownership of the goods until full payment has been made by you and such payment has been received by us. Legal ownership of the goods will immediately revert to us if we refund any such payment to you.&amp;nbsp;&amp;nbsp;&lt;/span&gt;&lt;/span&gt;&lt;/span&gt;&lt;/p&gt;\r\n	&lt;p&gt;\r\n		&lt;span style=&quot;font-size: 11px;&quot;&gt;&lt;span style=&quot;font-family: verdana,geneva,sans-serif;&quot;&gt;&lt;span style=&quot;color: rgb(0, 0, 0); line-height: 18px;&quot;&gt;&lt;strong&gt;Risk&lt;/strong&gt;&lt;br /&gt;\r\n		Risk in the goods will pass to you on delivery to you.&amp;nbsp;&amp;nbsp;&lt;/span&gt;&lt;/span&gt;&lt;/span&gt;&lt;/p&gt;\r\n	&lt;p&gt;\r\n		&lt;span style=&quot;font-size: 11px;&quot;&gt;&lt;span style=&quot;font-family: verdana,geneva,sans-serif;&quot;&gt;&lt;span style=&quot;color: rgb(0, 0, 0); line-height: 18px;&quot;&gt;&lt;strong&gt;Delivery&lt;/strong&gt;&lt;br /&gt;\r\n		We will deliver the goods in accordance with the delivery option selected by you during the order process. Please visit the Delivery section of the website to see our current delivery options. Any delivery timescales quoted to you are indicative only. Orders may be delivered in one or more delivery.&lt;br /&gt;\r\n		Asquith Ltd does not accept any liability whatsoever for delayed delivery caused by any third party. As soon as you have received the goods, you will assume all risk in the goods. Upon delivery of the goods to you, we will also provide you with sufficient details to enable you to:&lt;br /&gt;\r\n		a) exercise your right of cancellation; and&lt;br /&gt;\r\n		b) address any intended cancellation or complaints to the correct place of business.&amp;nbsp;&amp;nbsp;&lt;/span&gt;&lt;/span&gt;&lt;/span&gt;&lt;/p&gt;\r\n	&lt;p&gt;\r\n		&lt;span style=&quot;font-size: 11px;&quot;&gt;&lt;span style=&quot;font-family: verdana,geneva,sans-serif;&quot;&gt;&lt;span style=&quot;color: rgb(0, 0, 0); line-height: 18px;&quot;&gt;&lt;strong&gt;Acceptance&lt;/strong&gt;&lt;br /&gt;\r\n		Upon receipt of the goods you must inspect the goods and you will be deemed to have accepted the goods unless you notify us that you have cancelled the order and/or you return the goods in accordance with the Returns Policy. If no such action is taken, we shall not be obliged to accept any rejection of the goods at a later date. Your statutory rights are not affected. If you have not received the entire order as detailed in the order confirmation email sent to you when an order is received, please contact Customer Services us on the following number (open 10am to 5pm, Monday to Friday) Tel 020 7792 9414 or email &lt;a href=&quot;mailto:contact@asquithlondon.com&quot;&gt;contact@asquithlondon.com&lt;/a&gt;&lt;/span&gt;&lt;/span&gt;&lt;/span&gt;&lt;/p&gt;\r\n	&lt;p&gt;\r\n		&lt;span style=&quot;font-size: 11px;&quot;&gt;&lt;span style=&quot;font-family: verdana,geneva,sans-serif;&quot;&gt;&lt;span style=&quot;color: rgb(0, 0, 0); line-height: 18px;&quot;&gt;&lt;strong&gt;Cancellations and returns procedures&lt;/strong&gt;&lt;br /&gt;\r\n		Please note that you may cancel this contract if you give us notice by telephone or by email at any time before the expiry of a period of 7 working days beginning with the day after the day of delivery of the goods. Your statutory rights are not affected.&amp;nbsp;&amp;nbsp;&lt;/span&gt;&lt;/span&gt;&lt;/span&gt;&lt;/p&gt;\r\n	&lt;p&gt;\r\n		&lt;span style=&quot;font-size: 11px;&quot;&gt;&lt;span style=&quot;font-family: verdana,geneva,sans-serif;&quot;&gt;&lt;span style=&quot;color: rgb(0, 0, 0); line-height: 18px;&quot;&gt;&lt;strong&gt;Complaints&lt;/strong&gt;&lt;br /&gt;\r\n		If you wish to complain about any matter in respect of the goods please contact us on &lt;a href=&quot;mailto:contact@asquithlondon.com&quot;&gt;contact@asquithlondon.com&lt;/a&gt;&amp;nbsp; or on the following number (open 10am to 5pm, Monday to Friday) Tel 020 7792 9414&amp;nbsp;&amp;nbsp;&amp;nbsp;&amp;nbsp;&lt;/span&gt;&lt;/span&gt;&lt;/span&gt;&lt;/p&gt;\r\n	&lt;p&gt;\r\n		&lt;span style=&quot;font-size: 11px;&quot;&gt;&lt;span style=&quot;font-family: verdana,geneva,sans-serif;&quot;&gt;&lt;span style=&quot;color: rgb(0, 0, 0); line-height: 18px;&quot;&gt;&lt;strong&gt;Accuracy of information&lt;/strong&gt;&lt;br /&gt;\r\n		We attempt to be as accurate as possible when describing products on the Website; however, to the extent permitted by applicable law, we do not warrant that product descriptions, colours or other content available on the Website are accurate, complete, reliable, current, or error-free.&amp;nbsp;&lt;/span&gt;&lt;/span&gt;&lt;/span&gt;&lt;/p&gt;\r\n	&lt;p&gt;\r\n		&lt;span style=&quot;font-size: 11px;&quot;&gt;&lt;span style=&quot;font-family: verdana,geneva,sans-serif;&quot;&gt;&lt;span style=&quot;color: rgb(0, 0, 0); line-height: 18px;&quot;&gt;&lt;strong&gt;Samples&lt;/strong&gt;&lt;br /&gt;\r\n		Any products and services, and any samples thereof, we may provide to you are for personal use only. You may not sell or re-sell any of the products or services, and any samples thereof, you receive from us.&amp;nbsp;&amp;nbsp;&lt;/span&gt;&lt;/span&gt;&lt;/span&gt;&lt;/p&gt;\r\n	&lt;p&gt;\r\n		&lt;span style=&quot;font-size: 11px;&quot;&gt;&lt;span style=&quot;font-family: verdana,geneva,sans-serif;&quot;&gt;&lt;span style=&quot;color: rgb(0, 0, 0); line-height: 18px;&quot;&gt;&lt;strong&gt;Intellectual property&lt;/strong&gt;&lt;br /&gt;\r\n		All content available on the Website, including, but not limited to, text, graphics, logos, button icons, images, audio clips, data compilations, and software, and the compilation thereof (the &quot;Content&quot;) is the property of Asquith Ltd and is protected by UK and international copyright laws.&lt;br /&gt;\r\n		The trade marks, logos, and service marks displayed on the Website (collectively, the &quot;Trade Marks&quot;) are the registered marks of Asquith Ltd and protected by UK and international trade mark laws. All other Trade Marks not owned by us, our affiliates, our partners or our licensors that appear on the Website are the property of their respective owners, who may or may not be affiliated with, connected to, or sponsored by us.&lt;br /&gt;\r\n		Except as set forth in the limited licence in Section 15 below, or as required under applicable law, neither the Content, the Trade Marks, nor any other portion of the Website may be used, reproduced, duplicated, copied, sold, resold, accessed, modified, or otherwise exploited, in full or in part, for any purpose without our prior written consent.&amp;nbsp;&amp;nbsp;&lt;/span&gt;&lt;/span&gt;&lt;/span&gt;&lt;/p&gt;\r\n	&lt;p&gt;\r\n		&lt;span style=&quot;font-size: 11px;&quot;&gt;&lt;span style=&quot;font-family: verdana,geneva,sans-serif;&quot;&gt;&lt;span style=&quot;color: rgb(0, 0, 0); line-height: 18px;&quot;&gt;&lt;strong&gt;Limited Licence&lt;/strong&gt;&lt;br /&gt;\r\n		We grant you a limited, revocable, and non-exclusive licence to access and make personal use of the Website. Please note that you may not frame or utilise framing techniques to enclose the Website or any portion thereof without our prior written consent.&lt;br /&gt;\r\n		The limited licence set forth in this Section 15 does not include the right to:&lt;br /&gt;\r\n		modify or download the Website or its contents (except caching or as necessary to view content);&lt;br /&gt;\r\n		make any use of the Website or its Content other than personal use;&lt;br /&gt;\r\n		create any derivative work based upon either the Website or its Content;&lt;br /&gt;\r\n		collect account information for the benefit of another party;&lt;br /&gt;\r\n		use any meta tags or any other &quot;hidden text&quot; utilising our name or the Trade Marks without our express written consent; or&lt;br /&gt;\r\n		use software robots, spiders, crawlers, or similar data gathering and extraction tools, or take any other action that may impose an unreasonable burden or load on our infrastructure.&lt;br /&gt;\r\n		You are granted a limited, revocable, and non-exclusive right to create a hyperlink to the home page of the Website for personal, non-commercial use only. A website that links to our Website may:&lt;br /&gt;\r\n		a) link to, but not replicate, our Content;&lt;br /&gt;\r\n		b) not imply that we are endorsing such website or its services or products;&lt;br /&gt;\r\n		c) not misrepresent its relationship with us;&lt;br /&gt;\r\n		d) not contain content that could be construed as distasteful, obscene, offensive or controversial, and may contain only content appropriate for all ages;&lt;br /&gt;\r\n		e) not portray us or our products or services, in a false, misleading, derogatory, or otherwise offensive or objectionable manner, or associate us with undesirable products, services, or opinions;&lt;br /&gt;\r\n		f) not use any trade mark without express written permission; and&lt;br /&gt;\r\n		g) not link to any page of the Website other than the home page. We may, in our sole discretion, request that you remove any link to the Website, and upon receipt of such request, you shall immediately remove such link.&lt;br /&gt;\r\n		Any unauthorised use by you of the Website terminates the limited licence set forth in this Section 15 without prejudice to any other remedy provided by applicable law.&amp;nbsp;&amp;nbsp;&lt;/span&gt;&lt;/span&gt;&lt;/span&gt;&lt;/p&gt;\r\n	&lt;p&gt;\r\n		&lt;span style=&quot;font-size: 11px;&quot;&gt;&lt;span style=&quot;font-family: verdana,geneva,sans-serif;&quot;&gt;&lt;span style=&quot;color: rgb(0, 0, 0); line-height: 18px;&quot;&gt;&lt;strong&gt;Third party links&lt;/strong&gt;&lt;br /&gt;\r\n		We are not responsible for the content of any off-Website pages or any other websites linked to or from the Website. Links appearing on the Website are for convenience only and are not an endorsement by us, our affiliates or our partners of the referenced content, product, service, or supplier. Your linking to or from any off-Website pages or other websites is at your own risk. We are in no way responsible for examining or evaluating, and we do not warrant the offerings of, off-Website pages or any other websites linked to or from the Website, nor do we assume any responsibility or liability for the actions, content, products, or services of such pages and websites, including, without limitation, their privacy statements and terms and conditions. You should carefully review the terms and conditions and privacy policies of all off-Website pages and other websites that you visit.&amp;nbsp;&amp;nbsp;&lt;/span&gt;&lt;/span&gt;&lt;/span&gt;&lt;/p&gt;\r\n	&lt;p&gt;\r\n		&lt;span style=&quot;font-size: 11px;&quot;&gt;&lt;span style=&quot;font-family: verdana,geneva,sans-serif;&quot;&gt;&lt;span style=&quot;color: rgb(0, 0, 0); line-height: 18px;&quot;&gt;&lt;strong&gt;Submissions/Enquiries/feedback&lt;/strong&gt;&lt;br /&gt;\r\n		We welcome inquiries or feedback on the products you use or might like to purchase; however, it is our policy to decline unsolicited suggestions and ideas. Notwithstanding our policy with regard to unsolicited suggestions and ideas, any inquiries, feedback, suggestions, ideas or other information you provide us (collectively, &quot;Submissions&quot;) will be treated as non-proprietary and non-confidential. Subject to the terms of our Privacy Policy, by transmitting or posting any Submission, you hereby grant us a non-exclusive, royalty-free, transferable, and fully sub-licensable right to use, reproduce, modify, adapt, publish, sell, assign, translate, create derivative works from, distribute, and display any Submission in any form, media, or technology, whether now known or hereafter developed, alone or as part of other works. You also acknowledge that your Submission may not be returned and we may use your Submission, and any ideas, concept or know-how contained therein, for any purpose including, without limitation, developing, manufacturing, distributing and marketing products. If you make a Submission, you represent and warrant that you own or otherwise control the rights to your Submission. You further represent and warrant that such Submission does not constitute or contain software viruses, commercial solicitation, chain letters, mass mailings, or any form of &quot;spam&quot;. You may not use a false email address, impersonate any person or entity, or otherwise mislead us as to the origin of any Submission. You agree to indemnify us for all claims arising from your claims to any rights in any Submission.&amp;nbsp;&amp;nbsp;&lt;/span&gt;&lt;/span&gt;&lt;/span&gt;&lt;/p&gt;\r\n	&lt;p&gt;\r\n		&lt;span style=&quot;font-size: 11px;&quot;&gt;&lt;span style=&quot;font-family: verdana,geneva,sans-serif;&quot;&gt;&lt;span style=&quot;color: rgb(0, 0, 0); line-height: 18px;&quot;&gt;&lt;strong&gt;Representations and warranties: limitation of liability&lt;/strong&gt;&lt;br /&gt;\r\n		The Website is presented &quot;as is&quot;. We make no representations or warranties of any kind whatsoever, express or implied, in connection with these terms or the Website, including but not limited to warranties of satisfactory quality, non-infringement or fitness for a particular purpose, except to the extent such representations and warranties are not legally excludable.&lt;br /&gt;\r\n		You agree that, to the fullest extent permitted by applicable law, we will not be responsible or liable (whether in contract, tort or otherwise), under any circumstances, for any&lt;br /&gt;\r\n		a) interruption of business;&lt;br /&gt;\r\n		b) access delays or access interruptions to the Website;&lt;br /&gt;\r\n		c) data non-delivery, misdelivery, corruption, destruction or other modification;&lt;br /&gt;\r\n		d) loss or damages of any sort incurred as a result of dealings with or the presence of off-Website links on the Website;&lt;br /&gt;\r\n		e) computer viruses, system failure or malfunction which may occur in connection with your use of the Website, including during hyperlink to or from third party websites;&lt;br /&gt;\r\n		f) any inaccuracies, omissions or misleading, false or deceptive statement in the content; or&lt;br /&gt;\r\n		g) events beyond our reasonable control.&lt;br /&gt;\r\n		Further, to the fullest extent permitted by law we will not be liable for any direct, indirect, special, incidental, or consequential damages of any kind (including lost profits) related to the Website regardless of the form of action whether in contract, tort (including negligence), or otherwise, even if we have been advised of the possibility of such damages. In no event shall our maximum aggregate liability exceed one hundred pounds (£100.00). Because some countries do not allow the exclusion or limitation of liability for consequential or incidental damages, in such countries, our liability is limited to the maximum extent permitted by applicable law.&amp;nbsp;&amp;nbsp;&lt;/span&gt;&lt;/span&gt;&lt;/span&gt;&lt;/p&gt;\r\n	&lt;p&gt;\r\n		&lt;span style=&quot;font-size: 11px;&quot;&gt;&lt;span style=&quot;font-family: verdana,geneva,sans-serif;&quot;&gt;&lt;span style=&quot;color: rgb(0, 0, 0); line-height: 18px;&quot;&gt;&lt;strong&gt;Indemnification&lt;/strong&gt;&lt;br /&gt;\r\n		You agree to defend, indemnify and hold us harmless for any loss, damages or costs, including reasonable legal fees, resulting from any third party claim, action, or demand resulting from your use of the Website. You also agree to indemnify us for any loss, damages, or costs, including reasonable legal fees, resulting from your use of software robots, spiders, crawlers, or similar data gathering and extraction tools, or any other action you take that imposes an unreasonable burden or load on our infrastructure.&amp;nbsp;&amp;nbsp;&lt;/span&gt;&lt;/span&gt;&lt;/span&gt;&lt;/p&gt;\r\n	&lt;p&gt;\r\n		&lt;span style=&quot;font-size: 11px;&quot;&gt;&lt;span style=&quot;font-family: verdana,geneva,sans-serif;&quot;&gt;&lt;span style=&quot;color: rgb(0, 0, 0); line-height: 18px;&quot;&gt;&lt;strong&gt;Disputes&lt;/strong&gt;&lt;br /&gt;\r\n		To the fullest extent permitted by applicable law, any dispute relating in any way to your visit to the Website and any purchase by you of any goods from Asquith Ltd shall be submitted to confidential arbitration in London, except that, to the extent you have in any manner violated or threatened to violate our intellectual property rights, we may seek injunctive or other appropriate relief in the English Courts, and you consent to exclusive jurisdiction and venue in such courts. Arbitration under this agreement shall be conducted under the rules then prevailing of the International Chamber of Commerce. The arbitrator\'s award shall be binding and may be entered as a judgement in any court of competent jurisdiction. To the fullest extent permitted by applicable law, no arbitration under this Agreement shall be joined to an arbitration involving any other party subject to this Agreement, whether through class arbitration proceedings or otherwise. To the extent arbitration is not permitted by applicable law, any dispute relating in any way to your visit to the Website shall be submitted to an appropriate court or other judicial body in London, and all applicable provisions of this Section 20 shall apply.&amp;nbsp;&amp;nbsp;&lt;/span&gt;&lt;/span&gt;&lt;/span&gt;&lt;/p&gt;\r\n	&lt;p&gt;\r\n		&lt;span style=&quot;font-size: 11px;&quot;&gt;&lt;span style=&quot;font-family: verdana,geneva,sans-serif;&quot;&gt;&lt;span style=&quot;color: rgb(0, 0, 0); line-height: 18px;&quot;&gt;&lt;strong&gt;General&lt;/strong&gt;&lt;br /&gt;\r\n		You acknowledge and agree that these Terms and Conditions, together with our Privacy Policy, constitute the complete and exclusive agreement between us concerning your use of the Website and any purchase by you of any goods from Asquith Ltd, and supersede and govern all prior proposals, agreements, or other communications.&lt;br /&gt;\r\n		If any provision of these Terms and Conditions is held to be illegal, invalid or unenforceable in whole or in part, then these Terms and Conditions shall continue to be valid as to the other provisions and the remainder of the affected provision. Any waiver of any of the provisions of these Terms and Conditions by Asquith Ltd shall not be deemed a waiver of any subsequent breach or default and shall in no way affect the other provisions of these Terms and Conditions. No failure to exercise and no delay on the part of either party in exercising any right, remedy, power or privilege of that party under these Terms and Conditions and no course of dealing between the parties shall be construed or operate as a waiver thereof, nor shall any single or partial exercise of any right, remedy, power or privilege preclude any other or further exercise thereof or the exercise of any other right, remedy, power or privilege. The rights and remedies provided by these Terms and Conditions are cumulative and are not exclusive of any rights or remedies provided by law. Time shall not be of the essence of these Terms and Conditions as regards any of the times, dates and/or periods mentioned herein. Nothing contained in these Terms and Conditions shall be construed as creating any agency, partnership, or other form of joint enterprise between us.&lt;br /&gt;\r\n		We reserve the right to change these Terms and Conditions at any time and we encourage you to revisit these Terms and Conditions periodically to ensure that you are at all times fully aware of our Terms and Conditions. Any changes are effective immediately upon posting to the Website. Your continued use of the Website constitutes your agreement to all such Terms and Conditions.&lt;br /&gt;\r\n		We may, with or without prior notice, terminate any of the rights granted by these Terms and Conditions. You shall comply immediately with any termination or other notice, including, as applicable, by ceasing all use of the Website. We reserve the right to refuse to supply goods to any person for any reason whatsoever, to withdraw any goods from the Website at any time and/or remove or edit any materials or content on the Website. We will not be liable to you or any third party by reason of our withdrawing of any goods from this Website whether or not such goods have been sold; removing or editing content on the Website; refusing to process a transaction or unwinding or suspending any transaction after processing has begun.&lt;/span&gt;&lt;/span&gt;&lt;/span&gt;&lt;/p&gt;\r\n	&lt;p&gt;\r\n		&lt;span style=&quot;font-size: 11px;&quot;&gt;&lt;span style=&quot;font-family: verdana,geneva,sans-serif;&quot;&gt;&lt;span style=&quot;color: rgb(0, 0, 0); line-height: 18px;&quot;&gt;If you have any questions regarding these Terms and Conditions, please contact us by email at &lt;a href=&quot;mailto:contact@asquithlondon.com&quot;&gt;contact@asquithlondon.com&lt;/a&gt;&lt;/span&gt;&lt;/span&gt;&lt;/span&gt;&lt;/p&gt;\r\n	&lt;p&gt;\r\n		&lt;span style=&quot;font-size: 11px;&quot;&gt;&lt;span style=&quot;font-family: verdana,geneva,sans-serif;&quot;&gt;&lt;span style=&quot;color: rgb(0, 0, 0); line-height: 18px;&quot;&gt;&lt;strong&gt;Governing law&amp;nbsp;&lt;/strong&gt;&lt;br /&gt;\r\n		Your use of this Website and any purchase by you of any goods from Asquith Ltd shall be governed by English law and the parties hereto submit to the exclusive jurisdiction of the English courts.&lt;/span&gt;&lt;/span&gt;&lt;/span&gt;&lt;/p&gt;\r\n	&lt;p&gt;\r\n		&lt;span style=&quot;font-size: 11px;&quot;&gt;&lt;span style=&quot;font-family: verdana,geneva,sans-serif;&quot;&gt;&lt;span style=&quot;color: rgb(0, 0, 0); line-height: 18px;&quot;&gt;&lt;strong&gt;Country of Origin&lt;/strong&gt;&lt;br /&gt;\r\n		All Asquith London clothing is exclusively designed in London, England. Our clothing has been made to the highest standards in Portugal and Turkey. We visit the majority of factories we use to ensure that they are high quality, safe places and that they adhere to high ethical standards.&lt;/span&gt;&lt;/span&gt;&lt;/span&gt;&lt;/p&gt;\r\n	&lt;p&gt;\r\n		&lt;span style=&quot;font-size: 11px;&quot;&gt;&lt;span style=&quot;font-family: verdana,geneva,sans-serif;&quot;&gt;&lt;span style=&quot;color: rgb(0, 0, 0); line-height: 18px;&quot;&gt;&lt;strong&gt;Company information&lt;/strong&gt;&lt;br /&gt;\r\n		Asquith London is the trading name of Asquith Limited, company number 4110730. We operate under UK law.&lt;br /&gt;\r\n		Asquith Ltd is a limited company Registered in England. VAT number - 777 9312 80&lt;br /&gt;\r\n		Registered Office Address - Hazlems Fenton, Palladium House, 1-4 Argyll Street, London W1F 7LD&lt;/span&gt;&lt;/span&gt;&lt;/span&gt;&lt;/p&gt;\r\n&lt;/div&gt;\r\n&lt;p&gt;\r\n	&amp;nbsp;&lt;/p&gt;\r\n'),(23,1,'Security &amp; Privacy','&lt;div id=&quot;column-left&quot;&gt;\r\n	&lt;div class=&quot;box&quot;&gt;\r\n		&lt;div class=&quot;box-heading&quot;&gt;\r\n			&lt;a href=&quot;index.php?route=information/information&amp;amp;information_id=18&quot;&gt;Customer Service&lt;/a&gt;&lt;/div&gt;\r\n		&lt;div class=&quot;box-content&quot;&gt;\r\n			&lt;p&gt;\r\n				&lt;a href=&quot;index.php?route=information/information&amp;amp;information_id=19&quot;&gt;Delivery &amp;amp; Postage&lt;/a&gt;&lt;/p&gt;\r\n			&lt;p&gt;\r\n				&lt;a href=&quot;index.php?route=information/information&amp;amp;information_id=20&quot;&gt;Refunds &amp;amp; Exchanges&lt;/a&gt;&lt;/p&gt;\r\n			&lt;p&gt;\r\n				&lt;a href=&quot;index.php?route=information/information&amp;amp;information_id=21&quot;&gt;Sizing&lt;/a&gt;&lt;/p&gt;\r\n			&lt;p&gt;\r\n				&lt;a href=&quot;index.php?route=account/voucher&quot;&gt;Gift Vouchers&lt;/a&gt;&lt;/p&gt;\r\n			&lt;p&gt;\r\n				&lt;a href=&quot;index.php?route=product/category&amp;amp;path=73&quot;&gt;Clearance&lt;/a&gt;&lt;/p&gt;\r\n			&lt;p&gt;\r\n				&lt;a href=&quot;index.php?route=information/information&amp;amp;information_id=5&quot;&gt;Terms &amp;amp; Conditions&lt;/a&gt;&lt;/p&gt;\r\n			&lt;p&gt;\r\n				&lt;strong&gt;&lt;a href=&quot;index.php?route=information/information&amp;amp;information_id=23&quot;&gt;Security &amp;amp; Privacy&lt;/a&gt;&lt;/strong&gt;&lt;/p&gt;\r\n		&lt;/div&gt;\r\n	&lt;/div&gt;\r\n&lt;/div&gt;\r\n&lt;div id=&quot;content&quot;&gt;\r\n	&lt;div class=&quot;banner&quot;&gt;\r\n		&lt;img alt=&quot;&quot; src=&quot;http://www.asquithlondon.com/image/data/banners/homepage%20ctas/CUSTOMER-SERVICE.jpg&quot; /&gt;&lt;/div&gt;\r\n	&lt;h1&gt;\r\n		Security &amp;amp; Privacy&lt;/h1&gt;\r\n	&lt;p&gt;\r\n		&lt;strong&gt;Security and Privacy Policy&lt;/strong&gt;&lt;/p&gt;\r\n	&lt;p&gt;\r\n		At Asquith London, all online purchases take place safely, using the latest internet security technology to protect our customers. We accept orders only from web browsers that can use Secure Socket Layer (SSL) technology - this means you cannot inadvertently place an order through an unsecured connection. Most web browsers now support this. No card details are stored or saved on the Asquith London website. The site is thawte assured, which is an independent hallmark and is industry standard security. We use Verified by Visa and Mastercard SecureCode on our website to give you added security when you shop on-line. To find out more about these services&lt;br /&gt;\r\n		&lt;a href=&quot;http://www.visaeurope.com/en/businesses__retailers/retailers_and_merchants/security/handling_visa_payments/card-not-present_sales/verified_by_visa.aspx&quot;&gt;&lt;u&gt;Click here &lt;/u&gt;&lt;/a&gt;to visit Verified by Visa website&lt;br /&gt;\r\n		&lt;a href=&quot;http://www.mastercard.co.uk/securecode.html&quot;&gt;&lt;u&gt;Click here&lt;/u&gt; &lt;/a&gt;to visit Mastercard SecureCode website.&lt;br /&gt;\r\n		If you have questions regarding our credit card security policies, please email us at &lt;a href=&quot;mailto:contact@asquithlondon.com&quot;&gt;contact@asquithlondon.com&lt;/a&gt;&lt;/p&gt;\r\n	&lt;p&gt;\r\n		&lt;strong&gt;Privacy Policy&lt;/strong&gt;&lt;br /&gt;\r\n		At Asquith London we take your privacy seriously. We also want to use this great technology to treat you as real customers in the old fashioned sense of the word. We have drawn up these brief guidelines so that you know your information is secure. However, Internet technologies are rapidly evolving so these guidelines are subject to change&lt;/p&gt;\r\n	&lt;p&gt;\r\n		Asquith London is a registered user under the Data Protection Act.&lt;br /&gt;\r\n		Registration Number:Z9923088.&lt;br /&gt;\r\n		Security Number: 10682394&lt;/p&gt;\r\n	&lt;p&gt;\r\n		&lt;strong&gt;We ask you to supply the following information during the ordering process:&lt;/strong&gt;&lt;br /&gt;\r\n		- name&lt;br /&gt;\r\n		- delivery address address&lt;br /&gt;\r\n		- email address&lt;br /&gt;\r\n		- password&lt;br /&gt;\r\n		- telephone number&lt;br /&gt;\r\n		- credit card details&lt;br /&gt;\r\n		- we may ask for some demographic information for user profiling in aggregate form.&lt;/p&gt;\r\n	&lt;p&gt;\r\n		&lt;strong&gt;We use this information for the following purposes:&lt;/strong&gt;&lt;br /&gt;\r\n		- to send you the product that you have bought.&lt;br /&gt;\r\n		- to send email or conventional mail to you, after you have purchased a product.&lt;br /&gt;\r\n		- to text you with details about your order, or to call you (only) if we have a problem with your order.&lt;/p&gt;\r\n	&lt;p&gt;\r\n		&lt;strong&gt;Data Collection and Protection&lt;/strong&gt;&lt;br /&gt;\r\n		Any personal information you provide to us is maintained on secure servers. We collect information when you register online or update your account, log-in, place an order, communicate online with our customer service representatives, opt-in to receive our emails, shop online, request a catalogue, participate in a sweepstakes, contest, promotion or survey, or join our social networking sites. We may also collect information from you through our catalogues or other marketing material. This information may include, but is not limited to, your contact information (for example, your name, email address, billing and shipping addresses and phone number). If you create an online account, you also have the option of providing your product preferences or interests.&lt;/p&gt;\r\n	&lt;p&gt;\r\n		&lt;strong&gt;There are limited circumstances where we may share some of your data with others and they are as follows:&lt;/strong&gt;&lt;br /&gt;\r\n		With agents (including credit reference agencies, credit card clearing agencies (Barclays Merchant Services in UK), fraud prevention and detection agencies) that we use to process the orders you place with us or who assist us in the service we provide to you. In these instances, we provide them with only the information they need to perform their function. In the unlikely event that our business assets are ever sold to or purchased by another company, Asquith London may disclose your personal information to a purchaser that agrees to abide by the terms and conditions of this privacy policy. You should also be aware that we may disclose specific information about you if required to do so by law, governmental request, process or court order or based on our good faith belief that it is necessary to conform or comply with such law, request or court order or to protect the users of our websites or the public. To outside research companies whom we may ask to contact you directly for your opinions on our products and services (in which case we provide them with only the information they need to perform their function). We do occasionally make names and addresses (but never email addresses) available to companies whose products we think may interest you, unless you have told us not to. If you do not wish to receive such offers please email us at &lt;a href=&quot;mailto:contact@asquithlondon.com&quot;&gt;contact@asquithlondon.com&lt;/a&gt;&lt;/p&gt;\r\n	&lt;p&gt;\r\n		For more information on the Data Protection Act and the Information Commissioner please &lt;a href=&quot;http://www.ico.gov.uk/&quot;&gt;&lt;u&gt;click here&lt;/u&gt;&lt;/a&gt;&lt;/p&gt;\r\n	&lt;p&gt;\r\n		&lt;strong&gt;Any Questions&lt;/strong&gt;&lt;br /&gt;\r\n		If you have questions about your personal data or our privacy policy, please contact us at &lt;a href=&quot;mailto:contact@asquithlondon.com&quot;&gt;contact@asquithlondon.com&lt;/a&gt;&lt;/p&gt;\r\n	&lt;p&gt;\r\n		&lt;strong&gt;Cookies and Web Beacons&lt;/strong&gt;&lt;br /&gt;\r\n		Cookies are small text files that websites send to your computer. A cookie can be thought of as an Internet user\'s identification card. They let the website know when the user has returned. This lets the site bring up information relevant to that user, for example your name, past orders, etc. Cookies make the interaction between users and websites faster and easier. Without cookies, it would be very difficult for a website to allow a visitor to fill up a shopping basket or to remember the user\'s preferences or registration details for a future visit. The Asquith London website uses cookies to allow customers to move from one part of the web site to another and to add items to the shopping basket without having to login repeatedly.&lt;/p&gt;\r\n	&lt;p&gt;\r\n		We also use cookies to track visitors\' interest in our products. We may use this to understand what most appeals to our customers so we can make our offers as appropriate as possible. Browsing behaviour is also used to create relevant banner advertising with product recommendations that we believe best relate to the items you viewed on our website. These banners are then served across other websites that you may visit, typically news sites, video sites and blogs. This process is called behavioural advertising and although the adverts are individually tailored to each visitor, all cookie data is anonymised and stored temporarily. Additionally, all banners of this type feature an &quot;i&quot; icon that provides more information from each advertising network and instructions on how to opt out. We also use the browsing behavior data to create personal product recommendations on our website, our marketing emails and in our printed catalogue.&lt;/p&gt;\r\n	&lt;p&gt;\r\n		Cookies are not computer programs, and can\'t read other information saved on your hard drive. They cannot be used to disseminate viruses, or get a user\'s email address etc. They only contain and transfer to the website as much information as the users themselves have disclosed to that website. It is possible to opt out of cookies via your browser’s cookie settings, but if you do this you will not be able to shop from the Asquith London website as the functions of the website are dependent on cookies. Please note that cookies are computer specific, so if you log on to any site from a different computer, the cookie settings on that computer will apply.&lt;/p&gt;\r\n	&lt;p&gt;\r\n		For further information about managing and disabling cookies on your computer see &lt;a href=&quot;http://www.allaboutcookies.org/manage-cookies&quot;&gt;www.allaboutcookies.org/manage-cookies.&lt;/a&gt; By using our websites, you consent to our placement of cookies on your computer. You may occasionally get cookies from our business partners or other third parties. We have no access to or control over these cookies. Most internet browsers automatically accept cookies, but if you do not wish to have cookies on your system, you can set your browser preferences to refuse them or to alert you when cookies are being sent. In order to disable cookies, please consult your browser\'s &quot;help&quot; section for instructions. Additionally, if you have an Adobe Flash player installed on your computer, your Flash player can be set to reject or delete Flash cookies. If you choose to decline cookies, you may not be able to fully experience the features of our websites. Web beacons are small strings of code that are placed in a web page or in an email message. They are sometimes called &quot;clear GIFs&quot; (Graphics Interchange Format) or &quot;pixel tags&quot;. Web beacons are most often used in conjunction with cookies to track activity on our websites. When you visit a particular web page, web beacons notify us of your visit. Since web beacons are used in combination with cookies, if you disable cookies the web beacons will only detect an anonymous website visit. When used in an email, Web beacons enable us to know whether you have received the email.&lt;/p&gt;\r\n	&lt;p&gt;\r\n		&lt;strong&gt;Data over the Internet&lt;/strong&gt;&lt;br /&gt;\r\n		We use reputable third-party service providers who perform services on our behalf. Sometimes these service providers need information about our customers in order to do their jobs, such as fulfil orders and promotions, maintain and manage our customer database and report on customer behaviour and/or preferences. When Asquith London allows these service providers access to your information, we require them to maintain your information in the strictest confidence and we do not permit them to use it in any way other than to help us provide you with better service.&lt;/p&gt;\r\n	&lt;p&gt;\r\n		We currently use the services of a few carefully selected companies to help manage and optimize our Internet business and communications. These companies help us to measure the effectiveness of our advertising and better understand how visitors use our sites. To do this, cookies are placed on computer browsers and web beacons are placed on our websites on our behalf. The type of information collected in this manner includes pages visited, products viewed and products placed in your shopping cart. By supplementing our records, this information helps us to identify what pages are most attractive to our visitors, which of our products most interest our customers and what kinds of offers our customers like to see.&lt;/p&gt;\r\n	&lt;p&gt;\r\n		If you would like more information about this practice and to know your choices about not having this information used by our third party service provider, please contact us at: &lt;a href=&quot;mailto:contact@asquithlondon.com&quot;&gt;contact@asquithlondon.com&lt;/a&gt;&lt;/p&gt;\r\n&lt;/div&gt;\r\n&lt;p&gt;\r\n	&amp;nbsp;&lt;/p&gt;\r\n'),(18,1,'Customer Service','&lt;div id=&quot;column-left&quot;&gt;\r\n&lt;div class=&quot;box&quot;&gt;\r\n            &lt;div class=&quot;box-heading&quot;&gt;\r\n                &lt;a href=&quot;index.php?route=information/information&amp;information_id=18&quot;&gt;Customer Service&lt;/a&gt;\r\n            &lt;/div&gt;\r\n            &lt;div class=&quot;box-content&quot;&gt;\r\n                &lt;p&gt;&lt;a href=&quot;index.php?route=information/information&amp;information_id=19&quot;&gt;Delivery &amp;amp; Postage&lt;/a&gt;&lt;/p&gt;\r\n\r\n        &lt;p&gt;&lt;a href=&quot;index.php?route=information/information&amp;information_id=20&quot;&gt;Refunds &amp;amp; Exchanges&lt;/a&gt;&lt;/p&gt;\r\n\r\n        &lt;p&gt;&lt;a href=&quot;index.php?route=information/information&amp;information_id=21&quot;&gt;Sizing&lt;/a&gt;&lt;/p&gt;\r\n\r\n        &lt;p&gt;&lt;a href=&quot;index.php?route=account/voucher&quot;&gt;Gift Vouchers&lt;/a&gt;&lt;/p&gt;\r\n\r\n        &lt;p&gt;&lt;a href=&quot;index.php?route=product/category&amp;path=73&quot;&gt;Clearance&lt;/a&gt;&lt;/p&gt;\r\n\r\n        &lt;p&gt;&lt;a href=&quot;index.php?route=information/information&amp;information_id=5&quot;&gt;Terms &amp;amp; Conditions&lt;/a&gt;&lt;/p&gt;\r\n\r\n        &lt;p&gt;&lt;a href=&quot;index.php?route=information/information&amp;information_id=23&quot;&gt;Security &amp;amp; Privacy&lt;/a&gt;&lt;/p&gt;\r\n            &lt;/div&gt;\r\n        &lt;/div&gt;\r\n&lt;/div&gt;\r\n&lt;div id=&quot;content&quot;&gt;\r\n	&lt;div class=&quot;banner&quot;&gt;\r\n		&lt;img alt=&quot;&quot; src=&quot;http://www.asquithlondon.com/image/data/banners/homepage%20ctas/CUSTOMER-SERVICE.jpg&quot; /&gt;&lt;/div&gt;\r\n	&lt;h1&gt;\r\n		Customer Service&lt;/h1&gt;\r\n	&lt;p&gt;\r\n		&amp;nbsp;&lt;/p&gt;\r\n&lt;/div&gt;\r\n&lt;p&gt;\r\n	&amp;nbsp;&lt;/p&gt;\r\n'),(24,1,'Community','&lt;div id=&quot;column-left&quot;&gt;\r\n&lt;div class=&quot;box&quot;&gt;\r\n            &lt;div class=&quot;box-heading&quot;&gt;\r\n                &lt;a href=&quot;index.php?route=information/information&amp;information_id=4&quot;&gt;About Us&lt;/a&gt;\r\n            &lt;/div&gt;\r\n            &lt;div class=&quot;box-content&quot;&gt;\r\n                &lt;p&gt;&lt;a href=&quot;index.php?route=information/information&amp;information_id=13&quot;&gt;Our Ethics&lt;/a&gt;&lt;/p&gt;\r\n	 &lt;p&gt;&lt;a href=&quot;index.php?route=information/information&amp;information_id=14&quot;&gt;Our Fabrics&lt;/a&gt;&lt;/p&gt;\r\n	 &lt;p&gt;&lt;a href=&quot;index.php?route=information/information&amp;information_id=15&quot;&gt;Our Style&lt;/a&gt;&lt;/p&gt;\r\n	 &lt;p&gt;&lt;a href=&quot;index.php?route=information/information&amp;information_id=16&quot;&gt;Meet Alice&lt;/a&gt;&lt;/p&gt;\r\n	 &lt;p&gt;&lt;a href=&quot;index.php?route=news/ncategory&amp;ncat=60&quot;&gt;In The Press&lt;/a&gt;&lt;/p&gt;\r\n	 &lt;p&gt;&lt;a href=&quot;index.php?route=information/information&amp;information_id=11&quot;&gt;Stockists&lt;/a&gt;&lt;/p&gt;\r\n            &lt;/div&gt;\r\n        &lt;/div&gt;\r\n&lt;/div&gt;\r\n&lt;div id=&quot;content&quot;&gt;\r\n	&lt;div class=&quot;banner&quot;&gt;\r\n		&lt;img alt=&quot;&quot; src=&quot;http://www.asquithlondon.com/image/data/banners/homepage%20ctas/COMMUNITY.jpg&quot; /&gt;&lt;/div&gt;\r\n	&lt;h1&gt;\r\n		Community&lt;/h1&gt;\r\n	&lt;p&gt;\r\n		We like to think of all our customers - the wonderful yoga and Pilates teachers, massage therapists and people who enjoy Asquith\'s organic cotton and bamboo clothing for simply living in - as an extended community.&lt;/p&gt;\r\n	&lt;p&gt;\r\n		As a community, we are interested in hearing your ideas for keeping involved with the continued success of Asquith London.&lt;/p&gt;\r\n	&lt;p&gt;\r\n		We have an active &lt;a href=&quot;http://www.facebook.com/asquithlondon&quot; target=&quot;_blank&quot;&gt;community page on Facebook&lt;/a&gt;&amp;nbsp;where we share regular health, yoga and well being tips and insights from yoga and Pilates teachers, life coaches and homeopaths, as well as great offers and compeitions.&amp;nbsp;&lt;/p&gt;\r\n	&lt;p&gt;\r\n		If you are interested in sharing yoga, Pilates or well being tips with our Facebook community or would like to be a guest blogger on our website - please &lt;a href=&quot;mailto:claire@asquithlondon.com?subject=sharing%20tips%20on%20Facebook&quot;&gt;get in touch&lt;/a&gt;.&amp;nbsp;&lt;/p&gt;\r\n	&lt;p&gt;\r\n		We also have a newly launched affiliate scheme - Friends of Asquith London, which is open to yoga and Pilates teachers with their own website and e-mailing list.&lt;/p&gt;\r\n	&lt;p&gt;\r\n		For more information on &lt;a href=&quot;http://www.asquithlondon.com/index.php?route=information/information&amp;amp;information_id=22&quot; target=&quot;_blank&quot;&gt;Asquith\'s affiliate scheme, click here,&lt;/a&gt; or &lt;a href=&quot;mailto:katherine@k-a-s.co.uk?subject=Friends%20of%20Asquith%20London&quot;&gt;email Katherine&lt;/a&gt; for an application form.&lt;/p&gt;\r\n&lt;/div&gt;\r\n&lt;p&gt;\r\n	&amp;nbsp;&lt;/p&gt;\r\n'),(14,1,'Our Fabrics','&lt;div id=&quot;column-left&quot;&gt;\r\n	&lt;div class=&quot;box&quot;&gt;\r\n		&lt;div class=&quot;box-heading&quot;&gt;\r\n			&lt;a href=&quot;index.php?route=information/information&amp;amp;information_id=4&quot;&gt;About Us&lt;/a&gt;&lt;/div&gt;\r\n		&lt;div class=&quot;box-content&quot;&gt;\r\n			&lt;p&gt;\r\n				&lt;a href=&quot;index.php?route=information/information&amp;amp;information_id=13&quot;&gt;Our Ethics&lt;/a&gt;&lt;/p&gt;\r\n			&lt;p&gt;\r\n				&lt;strong&gt;&lt;a href=&quot;index.php?route=information/information&amp;amp;information_id=14&quot;&gt;Our Fabrics&lt;/a&gt;&lt;/strong&gt;&lt;/p&gt;\r\n			&lt;p&gt;\r\n				&lt;a href=&quot;index.php?route=information/information&amp;amp;information_id=15&quot;&gt;Our Style&lt;/a&gt;&lt;/p&gt;\r\n			&lt;p&gt;\r\n				&lt;a href=&quot;index.php?route=information/information&amp;amp;information_id=16&quot;&gt;Meet Alice&lt;/a&gt;&lt;/p&gt;\r\n			&lt;p&gt;\r\n				&lt;a href=&quot;index.php?route=news/ncategory&amp;amp;ncat=60&quot;&gt;In The Press&lt;/a&gt;&lt;/p&gt;\r\n			&lt;p&gt;\r\n				&lt;a href=&quot;index.php?route=information/information&amp;amp;information_id=11&quot;&gt;Stockists&lt;/a&gt;&lt;/p&gt;\r\n		&lt;/div&gt;\r\n	&lt;/div&gt;\r\n&lt;/div&gt;\r\n&lt;div id=&quot;content&quot;&gt;\r\n	&lt;div class=&quot;banner&quot;&gt;\r\n		&lt;img alt=&quot;&quot; src=&quot;http://www.asquithlondon.com/image/data/banners/homepage%20ctas/COMMUNITY.jpg&quot; /&gt;&lt;/div&gt;\r\n	&lt;h1&gt;\r\n		Our Fabrics&lt;/h1&gt;\r\n	&lt;p&gt;\r\n		&amp;nbsp;&lt;/p&gt;\r\n	&lt;div&gt;\r\n		&lt;img alt=&quot;&quot; src=&quot;http://daffodill.totallyboundless.com/image/data/BAMBOO.jpg&quot; style=&quot;float: left; width: 250px; height: 375px; &quot; /&gt;WHY NOT USE CONVENTIONAL COTTON?&lt;/div&gt;\r\n	&lt;div&gt;\r\n		 - Conventional cotton represents 10% of world agriculture and uses 25% of the world\'s pesticides.  &lt;/div&gt;\r\n	&lt;div&gt;\r\n		&amp;nbsp;&lt;/div&gt;\r\n	&lt;div&gt;\r\n		-100 million conventional cotton farmers live in conditions of abject poverty and near starvation.  &lt;/div&gt;\r\n	&lt;div&gt;\r\n		&amp;nbsp;&lt;/div&gt;\r\n	&lt;div&gt;\r\n		-The World Health Organisation attributes 20,000 deaths in developing countries each year to poisoning by agricultural pesticides used on crops, of which many, due to their relative toxicity, can be attributed to cotton. -Pesticides and insecticides harm natural habitats.  &lt;/div&gt;\r\n	&lt;div&gt;\r\n		&amp;nbsp;&lt;/div&gt;\r\n	&lt;div&gt;\r\n		-In some areas, the cost of chemicals is now reaching 60% of the farmer\'s production costs, often causing huge debts for millions of poor farmers.   &lt;/div&gt;\r\n	&lt;div&gt;\r\n		&amp;nbsp;&lt;/div&gt;\r\n	&lt;div&gt;\r\n		WHY THE ASQUITH LONDON COLLECTION IS MADE FROM ORGANIC COTTON  &lt;/div&gt;\r\n	&lt;div&gt;\r\n		&amp;nbsp;&lt;/div&gt;\r\n	&lt;div&gt;\r\n		- When Cotton is organically farmed, it doesn’t use chemicals, artificial fertilisers or pesticides.  &lt;/div&gt;\r\n	&lt;div&gt;\r\n		&amp;nbsp;&lt;/div&gt;\r\n	&lt;div&gt;\r\n		- Organic cotton earns its label by being grown in soil where the use of pesticides has been restricted for at least 3 years.  &lt;/div&gt;\r\n	&lt;div&gt;\r\n		&amp;nbsp;&lt;/div&gt;\r\n	&lt;div&gt;\r\n		- Organic farmers fertilise their fields by rotating their crops, using composted manure and planting crops that naturally feed nitrogen into the soil.  &lt;/div&gt;\r\n	&lt;div&gt;\r\n		&amp;nbsp;&lt;/div&gt;\r\n	&lt;div&gt;\r\n		- There is no need for pesticides in Organic fields as they attract more insects, wild animals and wild plants. Together these work to keep the environment alive and sustainable. It also means that the soil is healthier and more fertile, and that our waters are cleaner and less polluted.  &lt;/div&gt;\r\n	&lt;div&gt;\r\n		&amp;nbsp;&lt;/div&gt;\r\n	&lt;div&gt;\r\n		- By choosing Organic Cotton, the farmers and soil are also not exposed to chemicals, the clothes are therefore chemical free, kinder to skin and therefore better for our health.  &lt;/div&gt;\r\n	&lt;div&gt;\r\n		&amp;nbsp;&lt;/div&gt;\r\n	&lt;div&gt;\r\n		- Without nasty chemicals, organic cotton products are more biodegradable too.  &lt;/div&gt;\r\n	&lt;div&gt;\r\n		&amp;nbsp;&lt;/div&gt;\r\n	&lt;div&gt;\r\n		- Organic cotton actually feels softer than regular cotton products.  &lt;/div&gt;\r\n	&lt;div&gt;\r\n		&amp;nbsp;&lt;/div&gt;\r\n	&lt;div&gt;\r\n		- Without nasty chemicals, organic cotton products are more biodegradable too.  &lt;/div&gt;\r\n	&lt;div&gt;\r\n		&amp;nbsp;&lt;/div&gt;\r\n	&lt;div&gt;\r\n		- Organic cotton farmers are not permitted to grow genetically modified crops. Much of the cotton grown today is genetically engineered - reaping havoc to the ecology and environment with long-term effects.  &lt;/div&gt;\r\n	&lt;div&gt;\r\n		- Only low impact dyes and natural vegetable dyes can be used in certified organic cotton production, unlike dyes which conventional cotton manufacturers use.    &lt;/div&gt;\r\n	&lt;div&gt;\r\n		&amp;nbsp;&lt;/div&gt;\r\n	&lt;div&gt;\r\n		(Source: Pesticide Action Network UK)&lt;/div&gt;\r\n	&lt;div&gt;\r\n		&amp;nbsp;&lt;/div&gt;\r\n	&lt;div&gt;\r\n		&amp;nbsp;&lt;/div&gt;\r\n	&lt;div&gt;\r\n		BAMBOO FABRIC&lt;/div&gt;\r\n	&lt;div&gt;\r\n		&amp;nbsp;&lt;/div&gt;\r\n	&lt;div&gt;\r\n		Why Bamboo? &amp;nbsp;&lt;/div&gt;\r\n	&lt;div&gt;\r\n		- Bamboo is better for the environment&lt;/div&gt;\r\n	&lt;div&gt;\r\n		- Bamboo gets you drier faster&lt;/div&gt;\r\n	&lt;div&gt;\r\n		- Bamboo has temperature control properties&lt;/div&gt;\r\n	&lt;div&gt;\r\n		- Bamboo offers an anti-bacterial function&lt;/div&gt;\r\n	&lt;div&gt;\r\n		- Bamboo is strong and durable&amp;nbsp;&lt;/div&gt;\r\n	&lt;div&gt;\r\n		- The fabric used in bamboo clothing is incredibly soft, smooth and luxuriously comfortable&lt;/div&gt;\r\n	&lt;div&gt;\r\n		&amp;nbsp;&lt;/div&gt;\r\n	&lt;div&gt;\r\n		Bamboo is better for the environment&lt;/div&gt;\r\n	&lt;div&gt;\r\n		&amp;nbsp;&lt;/div&gt;\r\n	&lt;div&gt;\r\n		- Bamboo plays a big part in our ecosystem. It is the fastest growing plant on the planet, mainly because it has extraordinary water absorbency, which helps it to grow fast and produces 35% more oxygen than the same area of trees.&amp;nbsp;&lt;/div&gt;\r\n	&lt;div&gt;\r\n		&amp;nbsp;&lt;/div&gt;\r\n	&lt;div&gt;\r\n		- Bamboo does not need any sprays or chemicals to grow and is ideal for protection against soil erosion. - Bamboo also has the ability to grow in areas of both high and low rainfall.&lt;/div&gt;\r\n	&lt;div&gt;\r\n		&amp;nbsp;&lt;/div&gt;\r\n	&lt;div&gt;\r\n		- Bamboo fibre is 100% biodegradable&lt;/div&gt;\r\n	&lt;div&gt;\r\n		&amp;nbsp;&lt;/div&gt;\r\n	&lt;div&gt;\r\n		- As the fastest growing plant in the world, bamboo grows to its maximum height in about 3 months and reaches maturity in 3-4 years. It spreads rapidly across large areas. Because of this, bamboo is known to improve soil quality in degraded and eroded areas of land.&lt;/div&gt;\r\n	&lt;div&gt;\r\n		&amp;nbsp;&lt;/div&gt;\r\n	&lt;div&gt;\r\n		- As a grass, bamboo is cut, not uprooted, also helping soil stability. Bamboo can also grow on hill slopes where nothing else is viable.&lt;/div&gt;\r\n	&lt;div&gt;\r\n		&amp;nbsp;&lt;/div&gt;\r\n	&lt;div&gt;\r\n		- The yield you get from an acre of bamboo is 10 times greater than the yield you get from cotton. In an age where land use is under enormous pressure, this is huge.&lt;/div&gt;\r\n	&lt;div&gt;\r\n		&amp;nbsp;&lt;/div&gt;\r\n	&lt;div&gt;\r\n		- The water requirement for bamboo is minute, mainly just from what falls. Conversely, the cotton used in your ordinary towels, is an enormously water, pesticide and labour intensive crop.&lt;/div&gt;\r\n	&lt;div&gt;\r\n		&amp;nbsp;&lt;/div&gt;\r\n	&lt;div&gt;\r\n		- Bamboo is 3-4 times more absorbent than cotton. It \'wicks\' away moisture from the body, which then evaporates, keeping you - naturally - drier and more comfortable.&amp;nbsp;&lt;/div&gt;\r\n	&lt;div&gt;\r\n		&amp;nbsp;&lt;/div&gt;\r\n	&lt;div&gt;\r\n		- Bamboo is remarkably breathable; it keeps you more comfortable in all temperatures. In the heat, bamboo is naturally cool to the touch. The cross-section of the bamboo fibre is filled with various micro-gaps and micro-holes. It has much better moisture absorption and ventilation. It\'s also warm in cold weather, because of the same microstructure; as a base layer, warm air gets trapped next to the skin.&lt;/div&gt;\r\n	&lt;div&gt;\r\n		&amp;nbsp;&lt;/div&gt;\r\n	&lt;div&gt;\r\n		- Bamboo is antibacterial, antifungal and anti-static.&amp;nbsp;&lt;/div&gt;\r\n	&lt;div&gt;\r\n		&amp;nbsp;&lt;/div&gt;\r\n	&lt;div&gt;\r\n		In the wild, bamboo thrives naturally without using any pesticides or fertilisers. It is seldom eaten by pests or infected by pathogens. Why? Scientists found that bamboo owns a unique anti-bacteria and bacteriostasis bio-agent named &quot;bamboo kun&quot;. This substance bonds tightly with bamboo cellulose molecules during the normal process of bamboo fibre growth.&amp;nbsp;&lt;/div&gt;\r\n	&lt;div&gt;\r\n		Therefore bamboo products are odour resistant, staying fresher for longer, because the fabric - naturally - stops bacteria from spreading. As a result, they\'re also healthier and more hygienic.&lt;/div&gt;\r\n	&lt;div&gt;\r\n		&amp;nbsp;&lt;/div&gt;\r\n	&lt;div&gt;\r\n		Bamboo has a natural anti-bacterial function that differs greatly from that of man-made chemical antimicrobial fabrics, which often tend to cause skin problems - bamboo helps to reduce things like body odour and skin irritation.&lt;/div&gt;\r\n	&lt;div&gt;\r\n		&amp;nbsp;&lt;/div&gt;\r\n	&lt;div&gt;\r\n		Bamboo is strong and durable. Repeated tests show that bamboo fibre has a high abrasion-proof capacity and also tenacity. The same bamboo used for scaffolding to build skyscrapers in Hong Kong was always going to be strong!&lt;/div&gt;\r\n	&lt;div&gt;\r\n		&amp;nbsp;&lt;/div&gt;\r\n	&lt;div&gt;\r\n		Q. HOW IS BAMBOO FIBRE MADE?&lt;/div&gt;\r\n	&lt;div&gt;\r\n		. The Bamboo is harvested and pulped. The pulp is refined through a process of hydrolysis-alkalization and multi-phase bleaching and is then processed into a fibre and then spun into thread and weaved into cloth.&lt;/div&gt;\r\n	&lt;div&gt;\r\n		&amp;nbsp;&lt;/div&gt;\r\n	&lt;div&gt;\r\n		Q. HOW FAST DOES IT GROW?&lt;/div&gt;\r\n	&lt;div&gt;\r\n		. Bamboo is actually a grass and unlike wood it matures in 5 years compared to 60 years for a tree and therefore is putting oxygen back into the atmosphere within weeks of being cut.&lt;/div&gt;\r\n	&lt;div&gt;\r\n		&amp;nbsp;&lt;/div&gt;\r\n	&lt;div&gt;\r\n		Q. DO YOU HAVE TO REPLANT AFTER CUTTING?&lt;/div&gt;\r\n	&lt;div&gt;\r\n		. No because Bamboo is self generating growing from the base shoots, so you don\'t have to kill it to harvest it unlike trees.&lt;/div&gt;\r\n	&lt;div&gt;\r\n		&amp;nbsp;&lt;/div&gt;\r\n	&lt;div&gt;\r\n		Q. DOES HARVESTING BAMBOO POSE ANY THREAT TO ENDANGERED SPECIES LIKE THE PANDA?&lt;/div&gt;\r\n	&lt;div&gt;\r\n		. No because only MOSO (Phyllostachys Pubescens) species are used to produce Bamboo fibre and this comes from the eastern provinces of China on the lower slopes of hill country. Nearly all of the remaining 700-1000 wild Giant Pandas live in the high mountain areas of western China and live well above any possible harvesting areas and are vigorously protected by the Chinese government.&lt;/div&gt;\r\n	&lt;div&gt;\r\n		At a microscopic level, bamboo fibre has a round surface. Because of this, it\'s very smooth and sits perfectly next to the skin. Petrol based synthetic fibres can sometimes irritate the skin and they also start to smell really quickly. Bamboo does not.&lt;/div&gt;\r\n	&lt;div&gt;\r\n		&amp;nbsp;&lt;/div&gt;\r\n&lt;/div&gt;\r\n&lt;p&gt;\r\n	&amp;nbsp;&lt;/p&gt;\r\n'),(25,1,'Whisky Tasting Experiences','&lt;h2&gt;\r\n	Whisky Tasting Experiences&lt;/h2&gt;\r\n&lt;div class=&quot;content clear-block&quot;&gt;\r\n	&lt;p&gt;\r\n		Tastings can be booked for 1 to 5 people&lt;/p&gt;\r\n	&lt;p&gt;\r\n		&lt;strong&gt;The whisky tasting will feature:&lt;/strong&gt;&lt;/p&gt;\r\n	&lt;ul&gt;\r\n		&lt;li&gt;\r\n			Six whiskies (6x10ml) from across the regions of Scotland&lt;/li&gt;\r\n		&lt;li&gt;\r\n			Different types of cask maturation&lt;/li&gt;\r\n		&lt;li&gt;\r\n			A brief history of whisky and how it is made&lt;/li&gt;\r\n		&lt;li&gt;\r\n			Information on each distillery included in the tasting&lt;/li&gt;\r\n	&lt;/ul&gt;\r\n	&lt;p&gt;\r\n		Tasting can be adjusted to your specific interests - &lt;cite&gt;subject to availability&lt;/cite&gt;&lt;/p&gt;\r\n	&lt;p&gt;\r\n		All in an intimate and informal setting.&lt;/p&gt;\r\n	&lt;p&gt;\r\n		Tastings last 30 - 45 minutes and cost just £18.50 per person&lt;/p&gt;\r\n	&lt;p&gt;\r\n		&lt;em&gt;&lt;strong&gt;Available by reservation only&lt;/strong&gt;&lt;/em&gt;&lt;br /&gt;\r\n		&lt;em&gt;&lt;strong&gt;Whisky Tasting Experiences&lt;/strong&gt; can be booked from Monday to Saturday, the first appointment at 11:00 and the last at 17:00&lt;/em&gt;&lt;/p&gt;\r\n	&lt;p&gt;\r\n		Whisky tasting vouchers for individual tastings can be purchased in the shop for a unique gift or posted, extra cost of 65p .&lt;/p&gt;\r\n	&lt;p&gt;\r\n		&lt;strong&gt;Private Group Tastings&lt;/strong&gt;&lt;br /&gt;\r\n		&lt;em&gt;&lt;a href=&quot;http://www.whiskytastingroom.com/corporate-group-whisky-tastings&quot;&gt;Private Group Tastings&lt;/a&gt; can be arranged on Tuesdays, Wednesdays and Thursdays for groups of 6 to 12 people, please &lt;a href=&quot;http://www.whiskytastingroom.com/contact&quot;&gt;contact us&lt;/a&gt; for further information or to book.&lt;/em&gt;&lt;/p&gt;\r\n&lt;/div&gt;\r\n&lt;p&gt;\r\n	&amp;nbsp;&lt;/p&gt;\r\n'),(26,1,'Private Group Whisky Tastings','&lt;h2&gt;\r\n	Private Group Whisky Tastings&lt;/h2&gt;\r\n&lt;div class=&quot;content clear-block&quot;&gt;\r\n	&lt;div class=&quot;image-attach-body&quot; style=&quot;width: 300px&quot;&gt;\r\n		&lt;a href=&quot;http://www.whiskytastingroom.com/tasting-room-0&quot;&gt;&lt;img alt=&quot;Tasting Room&quot; class=&quot;image image-preview &quot; height=&quot;220&quot; src=&quot;http://www.whiskytastingroom.com/sites/whiskytastingroom.com/files/images/TastingRoom01.preview.jpg&quot; title=&quot;Tasting Room&quot; width=&quot;300&quot; /&gt;&lt;/a&gt;&lt;/div&gt;\r\n	&lt;p&gt;\r\n		&lt;strong&gt;Private Group Tastings&lt;/strong&gt; can be booked at our &lt;a href=&quot;http://www.whiskytastingroom.com/location&quot; target=&quot;_blank&quot;&gt;London Tasting Room&lt;/a&gt;, for groups of 6 to 15 people.&lt;/p&gt;\r\n	&lt;p&gt;\r\n		&lt;strong&gt;All of our Whisky tastings feature:&lt;/strong&gt;&lt;/p&gt;\r\n	&lt;ul&gt;\r\n		&lt;li&gt;\r\n			Six whiskies from across the regions of Scotland&lt;/li&gt;\r\n		&lt;li&gt;\r\n			Different types of cask maturation&lt;/li&gt;\r\n		&lt;li&gt;\r\n			A brief history of whisky and how it is made&lt;/li&gt;\r\n		&lt;li&gt;\r\n			Information on each distillery included in the tasting&lt;/li&gt;\r\n		&lt;li&gt;\r\n			All the Whiskies tasted will be offered at a discounted price&lt;/li&gt;\r\n	&lt;/ul&gt;\r\n	&lt;p&gt;\r\n		All in the intimate and informal setting of our dedicated Tasting Room.&lt;/p&gt;\r\n	&lt;p&gt;\r\n		Tastings last 1 hour and cost just £25.00 per person.&lt;/p&gt;\r\n	&lt;p&gt;\r\n		Private Tastings can be arranged on Tuesdays, Wednesdays and Thursdays for groups of 6 to 15 people, please &lt;a href=&quot;http://www.whiskytastingroom.com/contact&quot;&gt;contact us&lt;/a&gt; for further information or to book.&lt;/p&gt;\r\n	&lt;p&gt;\r\n		&lt;strong&gt;Whisky Tasting For Private Groups on Saturdays 6 - 15 people&lt;/strong&gt;&lt;br /&gt;\r\n		Six whiskies from across the regions of Scotland&lt;br /&gt;\r\n		Different types of caskmaturation&lt;br /&gt;\r\n		A brief history of whisky and how it is made including a slide show. Information on each distillery included in the tasting&lt;br /&gt;\r\n		All in the intimate and informal setting of our dedicated Tasting Room.&lt;br /&gt;\r\n		Tastings can be held from 12pm first tasting, last tasting 5.00pm&lt;br /&gt;\r\n		Time: 1 Hour&lt;br /&gt;\r\n		Cost £25.00 per person&lt;/p&gt;\r\n	&lt;p&gt;\r\n		&lt;strong&gt;Less than 6 people?&lt;/strong&gt;&lt;br /&gt;\r\n		&lt;em&gt;Don\'t worry if you cannot find enough people to book a Private Tasting, we hold regular &lt;a href=&quot;http://www.whiskytastingroom.com/whisky-tasting&quot;&gt;Whisky Tastings&lt;/a&gt; which you could attend.&lt;/em&gt;&lt;/p&gt;\r\n	&lt;p&gt;\r\n		&lt;strong&gt;Off Site Whisky Tasting&lt;/strong&gt;&lt;br /&gt;\r\n		&lt;em&gt;If you have a larger group then 15 people we can also arrange for tastings at other locations. For instance, local restaurants like &lt;a href=&quot;http://www.hardys-w1.com/index.php&quot;&gt;Hardy\'s&lt;/a&gt; can accommodate larger groups. Please &lt;a href=&quot;http://www.whiskytastingroom.com/contact&quot;&gt;contact us&lt;/a&gt; for further information or to book.&lt;/em&gt;&lt;/p&gt;\r\n	&lt;p&gt;\r\n		&lt;a href=&quot;http://www.whiskytastingroom.com/event&quot;&gt;View our calendar&lt;/a&gt; if you would like to to find out when we are holding tastings or &lt;a href=&quot;http://www.whiskytastingroom.com/contact&quot;&gt;contact us&lt;/a&gt; for further information.&lt;/p&gt;\r\n	&lt;p&gt;\r\n		Or alternatively, why not book a &lt;strong&gt;Whisky Tasting Experience&lt;/strong&gt;&lt;br /&gt;\r\n		&lt;em&gt;A &lt;a href=&quot;http://www.whiskytastingroom.com/private-group-whisky-tastings?q=whisky-tasting-experiences&quot;&gt;Whisky Tasting Experience&lt;/a&gt; can be arranged for groups between 1 to 5 people, please &lt;a href=&quot;http://www.whiskytastingroom.com/contact&quot;&gt;contact us&lt;/a&gt; for further information or to book.&lt;/em&gt;&lt;/p&gt;\r\n&lt;/div&gt;\r\n&lt;p&gt;\r\n	&amp;nbsp;&lt;/p&gt;\r\n'),(27,1,'What to Wear','&lt;div id=&quot;column-left&quot;&gt;\r\n	&lt;div class=&quot;box&quot;&gt;\r\n		&lt;div class=&quot;box-heading&quot;&gt;\r\n			&lt;a href=&quot;index.php?route=information/information&amp;amp;information_id=24&quot;&gt;Community&lt;/a&gt;&lt;/div&gt;\r\n		&lt;div class=&quot;box-content&quot;&gt;\r\n			&lt;p&gt;&lt;a href=&quot;index.php?route=account/newsletter&quot;&gt;Newsletter&lt;/a&gt;&lt;/p&gt;\r\n\r\n        &lt;p&gt;&lt;a href=&quot;index.php?route=news/ncategory&amp;ncat=59&quot;&gt;Blog&lt;/a&gt;&lt;/p&gt;\r\n\r\n        &lt;p&gt;&lt;strong&gt;&lt;a href=&quot;index.php?route=information/information&amp;information_id=27&quot;&gt;What to wear&lt;/a&gt;&lt;/strong&gt;&lt;/p&gt;\r\n\r\n        &lt;p&gt;&lt;a href=&quot;index.php?route=information/information&amp;information_id=28&quot;&gt;Testimonials&lt;/a&gt;&lt;/p&gt;\r\n\r\n        &lt;p&gt;&lt;a href=&quot;index.php?route=information/information&amp;information_id=29&quot;&gt;Links&lt;/a&gt;&lt;/p&gt;\r\n\r\n        &lt;p&gt;&lt;a href=&quot;index.php?route=information/information&amp;information_id=30&quot;&gt;Affiliates&lt;/a&gt;&lt;/p&gt;\r\n        \r\n        &lt;p&gt;&lt;a href=&quot;https://plus.google.com/102388213141542496784/posts&quot; target=&quot;_blank&quot;&gt;Google Plus&lt;/a&gt;&lt;/p&gt;\r\n\r\n        &lt;p&gt;&lt;a href=&quot;https://www.facebook.com/pages/Asquith-London-Organic-Cotton-Bamboo-Lifestyle-and-Yoga-Clothing/170293469708750?sk=wall&quot; target=&quot;_blank&quot;&gt;Facebook&lt;/a&gt;&lt;/p&gt;\r\n\r\n        &lt;p&gt;&lt;a href=&quot;http://twitter.com/AsquithLondon&quot; target=&quot;_blank&quot;&gt;Twitter&lt;/a&gt;&lt;/p&gt;\r\n\r\n        &lt;p&gt;&lt;a href=&quot;http://pinterest.com/asquithlondon/&quot; target=&quot;_blank&quot;&quot;&gt;Pinterest&lt;/a&gt;&lt;/p&gt;\r\n		&lt;/div&gt;\r\n	&lt;/div&gt;\r\n&lt;/div&gt;\r\n&lt;div id=&quot;content&quot;&gt;\r\n	&lt;div class=&quot;banner&quot;&gt;\r\n		&lt;img alt=&quot;&quot; src=&quot;http://www.asquithlondon.com/image/data/banners/homepage%20ctas/COMMUNITY.jpg&quot; /&gt;&lt;/div&gt;\r\n	&lt;h1&gt;\r\n		What to wear&lt;/h1&gt;\r\n	&lt;p&gt;\r\n		&lt;strong&gt;What to wear for Yoga &amp;amp; Pilates&lt;/strong&gt;&lt;/p&gt;\r\n	&lt;p&gt;\r\n		The Asquith range includes signature styles that can be layered and worn in different ways to suit your shape and lifestyle.&lt;/p&gt;\r\n	&lt;p&gt;\r\n		We choose highest quality natural and organic, breathable, chemical free fabrics; not only because they’re kinder to the environment, but because they feel smooth and soft against the skin and they’re great for sensitive skin. We use brushed, certified organic cotton and drapey bamboo jersey. Quality pieces, that won’t shrink, fade, bobble or stretch.&lt;/p&gt;\r\n	&lt;p&gt;\r\n		Asquith London - for yoga, Pilates and living in&lt;/p&gt;\r\n	&lt;p&gt;\r\n		Asquith London offers the perfect selection of clothing designed specifically for yoga and Pilates but also great for today’s busy lifestyle;&amp;nbsp; for loungewear, for travel, for mixing with your everyday wardrobe; coordinating pieces in contrasting tones with flattering styling so you can create your own individual ‘look’.&lt;/p&gt;\r\n	&lt;p&gt;\r\n		Designed for easy freedom of movement, and firm built-in support, our yoga clothing styles ensure pure comfort at all times, leaving the wearer to focus on her yoga (or Pilates) practice. Asquith clothes are designed to move through poses with the body and will not be restrictive.&lt;/p&gt;\r\n	&lt;p&gt;\r\n		Our main inspiration for our styling is…yoga and Pilates teachers! We are constantly talking to yoga and Pilates teachers about what styles they want – what’s best to practice in...they’re our biggest customers! And they should know; because of the rigours that teachers put the clothes through – numerous washes and so much hard wear, our clothes are designed to last, not fade or bobble and always look good. Hence loved by so many teachers.&lt;/p&gt;\r\n	&lt;p&gt;\r\n		&lt;strong&gt;Asquith London Tops&lt;/strong&gt;&lt;/p&gt;\r\n	&lt;p&gt;\r\n		Asquith London tops are made from natural fabrics and are designed to be long enough and not too low cut so that you are comfortable when doing stretches and they won’t ride up. And not to expose bare tummies so the wearer can relax.&lt;/p&gt;\r\n	&lt;p&gt;\r\n		&lt;strong&gt;Asquith London Trousers&lt;/strong&gt;&lt;/p&gt;\r\n	&lt;p&gt;\r\n		We offer a number of trouser styles suitable for all types of practice – loose or fitted, but always keeping in mind that our yoga clothing will not restrict your movement; it’ll stay in place, won’t dig in…and you won’t show your knickers!&lt;/p&gt;\r\n	&lt;p&gt;\r\n		&lt;strong&gt;What should I wear?&lt;/strong&gt;&lt;br /&gt;\r\n		A typical yoga outfit composes of a fitted top or loose top (depending on your preference), a trouser and a loose fit layering top as a cover up.&lt;/p&gt;\r\n	&lt;p&gt;\r\n		1.&amp;nbsp;A fitted, elasticated waistband on trousers helps them to stay in place during inverted postures – eg our Bamboo Tie Pants.&lt;br /&gt;\r\n		2.&amp;nbsp;We don’t use buttons, belts and underwire which&amp;nbsp; can cause discomfort in certain poses, particularly those which involve lying out on your mat.&lt;br /&gt;\r\n		3.&amp;nbsp;An additional layer for Savasana (end of practice relaxation) or until you warm up, is always useful – either a Wrap cardigan, the Box T or a long sleeve T work as good cover ups.&lt;br /&gt;\r\n		4.&amp;nbsp;Our Bamboo Scarves are great as a cover up. You can wear them to and from class…and they double up as Savasana blankets, this will help raise body temperature to loosen muscles at the start of practice and prevents chills at the end of practice&lt;br /&gt;\r\n		5.&amp;nbsp;For high intensity forms of yoga such as Power or Vinyasa flow – we suggest more fitted garments – a Crop Pant, a Bamboo tie pant a Bootleg pant.&lt;br /&gt;\r\n		6.&amp;nbsp;Bamboo is ideal for Bikram yoga, practiced in a heated room at 40 degrees, because it wicks away the moisture. The less clothing you wear the better! We suggest the Crop Pants and the Sleeveless T or the Bamboo Cami.&lt;br /&gt;\r\n		7.&amp;nbsp;For Pilates we suggest more fitted garments if you’re using machines, so that ties/fabric don’t get in the way.&lt;br /&gt;\r\n		8.&amp;nbsp;For Pilates we also suggest a more fitted trouser so that the teacher has clear visibility of knees and ankles. Eg a Capri pants, Bootlegs, Crop Pants or our new Lean Leg Pants.&lt;br /&gt;\r\n		9.&amp;nbsp;For slower paced forms of yoga such as Hatha, look for looser styles, eg our Foldover Pants, Bamboo Palazzo pants.&lt;br /&gt;\r\n		10.&amp;nbsp;Pregnancy – our range is also great for pregnancy and pregnancy yoga because our yoga trousers can be worn wherever you want to at your waist – making them flexible, breathable and comfortable. Our Foldover Pants, Palazzo Pants, Drawstring Pants and Leggings are the best for Pregnancy.&lt;/p&gt;\r\n	&lt;p&gt;\r\n		&lt;strong&gt;Fabrics&lt;/strong&gt;&lt;/p&gt;\r\n	&lt;p&gt;\r\n		Our fabrics are designed for yoga and Pilates; for your comfort.&lt;/p&gt;\r\n	&lt;p&gt;\r\n		Cotton is a natural fabric good for sensitive skin or those allergic to synthetics. Fabrics with elements of Lycra improve the stretch of clothes, important when flowing through postures. Our organic cotton is blended with elastane so that the fabric doesn’t get baggy at the knees and all garments retain their shape.&lt;/p&gt;\r\n	&lt;p&gt;\r\n		Bamboo is ideal as not only is it super soft, it has natural anti-bacterial properties for odour resistance.  &lt;/p&gt;\r\n	&lt;p&gt;\r\n		For more information on the fabrics do visit the ‘Fabrics’ page or email us at:-&lt;/p&gt;\r\n	&lt;p&gt;\r\n		&lt;a href=&quot;mailto:alice@asquithlondon.com&quot;&gt;alice@asquithlondon.com&lt;/a&gt;&lt;/p&gt;\r\n	&lt;p&gt;\r\n		&amp;nbsp;&lt;/p&gt;\r\n&lt;/div&gt;\r\n&lt;p&gt;\r\n	&amp;nbsp;&lt;/p&gt;\r\n'),(28,1,'Testimonial','&lt;div id=&quot;column-left&quot;&gt;\r\n	&lt;div class=&quot;box&quot;&gt;\r\n		&lt;div class=&quot;box-heading&quot;&gt;\r\n			&lt;a href=&quot;index.php?route=information/information&amp;amp;information_id=24&quot;&gt;Community&lt;/a&gt;&lt;/div&gt;\r\n		&lt;div class=&quot;box-content&quot;&gt;\r\n			&lt;p&gt;&lt;a href=&quot;index.php?route=account/newsletter&quot;&gt;Newsletter&lt;/a&gt;&lt;/p&gt;\r\n\r\n        &lt;p&gt;&lt;a href=&quot;index.php?route=news/ncategory&amp;ncat=59&quot;&gt;Blog&lt;/a&gt;&lt;/p&gt;\r\n\r\n        &lt;p&gt;&lt;a href=&quot;index.php?route=information/information&amp;information_id=27&quot;&gt;What to wear&lt;/a&gt;&lt;/p&gt;\r\n\r\n        &lt;p&gt;&lt;strong&gt;&lt;a href=&quot;index.php?route=information/information&amp;information_id=28&quot;&gt;Testimonials&lt;/a&gt;&lt;/strong&gt;&lt;/p&gt;\r\n\r\n        &lt;p&gt;&lt;a href=&quot;index.php?route=information/information&amp;information_id=29&quot;&gt;Links&lt;/a&gt;&lt;/p&gt;\r\n\r\n        &lt;p&gt;&lt;a href=&quot;index.php?route=information/information&amp;information_id=30&quot;&gt;Affiliates&lt;/a&gt;&lt;/p&gt;\r\n        \r\n        &lt;p&gt;&lt;a href=&quot;https://plus.google.com/102388213141542496784/posts&quot; target=&quot;_blank&quot;&gt;Google Plus&lt;/a&gt;&lt;/p&gt;\r\n\r\n        &lt;p&gt;&lt;a href=&quot;https://www.facebook.com/pages/Asquith-London-Organic-Cotton-Bamboo-Lifestyle-and-Yoga-Clothing/170293469708750?sk=wall&quot; target=&quot;_blank&quot;&gt;Facebook&lt;/a&gt;&lt;/p&gt;\r\n\r\n        &lt;p&gt;&lt;a href=&quot;http://twitter.com/AsquithLondon&quot; target=&quot;_blank&quot;&gt;Twitter&lt;/a&gt;&lt;/p&gt;\r\n\r\n        &lt;p&gt;&lt;a href=&quot;http://pinterest.com/asquithlondon/&quot; target=&quot;_blank&quot;&quot;&gt;Pinterest&lt;/a&gt;&lt;/p&gt;\r\n		&lt;/div&gt;\r\n	&lt;/div&gt;\r\n&lt;/div&gt;\r\n&lt;div id=&quot;content&quot;&gt;\r\n	&lt;div class=&quot;banner&quot;&gt;\r\n		&lt;img alt=&quot;&quot; src=&quot;http://www.asquithlondon.com/image/data/banners/homepage%20ctas/COMMUNITY.jpg&quot; /&gt;&lt;/div&gt;\r\n	&lt;h1&gt;\r\n		Testimonials&lt;/h1&gt;\r\n	&lt;p&gt;\r\n		I love asquith yoga wear, as it is made from super soft bamboo fabric, and constructed to a high standard, washes superbly, and can also double for use as casual wear for general relaxation. There is something about changing into your yoga wear that seems to prepare one mentally and emotionally for the physical practice. I love the completely unrestricted movement that is possible through great designed yoga wear such as Asquith. Each item comes embellished with an eye catching row of Swarovski crystals, which is the Asquith signature!&lt;/p&gt;\r\n	&lt;p&gt;\r\n		&amp;nbsp;&lt;/p&gt;\r\n	&lt;p&gt;\r\n		Thank you for the gorgeous clothes. They are so comfortable, I have just had&lt;br /&gt;\r\n		my baby and wearing them all the time.&lt;br /&gt;\r\n		I hope you are well&lt;/p&gt;\r\n	&lt;p&gt;\r\n		Lots of love, Amy Xxx!&lt;/p&gt;\r\n	&lt;p&gt;\r\n		&amp;nbsp;&lt;/p&gt;\r\n	&lt;p&gt;\r\n		Yoga Attire&lt;/p&gt;\r\n	&lt;p&gt;\r\n		I just want to say &quot; thank you&quot; for the speedy service &amp;amp; the excellent clothing! I will definitely be using your services in the future!&lt;/p&gt;\r\n	&lt;p&gt;\r\n		With very best wishes,&lt;/p&gt;\r\n	&lt;p&gt;\r\n		Leila&lt;/p&gt;\r\n	&lt;p&gt;\r\n		&amp;nbsp;&lt;/p&gt;\r\n	&lt;p&gt;\r\n		Am loving my gear still…have absolutely lived in my Palazzo pants (of which I now have 2 pairs), skirt (when it\'s warm) and scarf!! Ah to be comfy all of the time, that\'s what I wish for everyone :)&lt;/p&gt;\r\n	&lt;div&gt;\r\n		Kay&lt;/div&gt;\r\n	&lt;div&gt;\r\n		&amp;nbsp;&lt;/div&gt;\r\n	&lt;div&gt;\r\n		&amp;nbsp;&lt;/div&gt;\r\n	&lt;div&gt;\r\n		Hi Alice,&lt;/div&gt;\r\n	&lt;div&gt;\r\n		I ordered 2 pairs of your leggings, the material is amazingly soft and the cut is spot on. What a treat! Thank you so much for that.&amp;nbsp;&lt;/div&gt;\r\n	&lt;div&gt;\r\n		&amp;nbsp;&lt;/div&gt;\r\n	&lt;div&gt;\r\n		All the best, Maren x&lt;/div&gt;\r\n	&lt;div&gt;\r\n		&amp;nbsp;&lt;/div&gt;\r\n	&lt;div&gt;\r\n		&amp;nbsp;&lt;/div&gt;\r\n	&lt;div&gt;\r\n		Hello Katherine, My order arrived yesterday and I just wanted to say how thrilled I am with the skirt, it\'s just right for covering up on my way to and from classes - but I plan to use it throughout the summer too. The top and trousers too.&lt;/div&gt;\r\n	&lt;div&gt;\r\n		Thank you for your help with the order, I\'m so glad to have these items.&lt;/div&gt;\r\n	&lt;div&gt;\r\n		Best wishes,&lt;/div&gt;\r\n	&lt;div&gt;\r\n		&amp;nbsp;&lt;/div&gt;\r\n	&lt;div&gt;\r\n		Susan&lt;/div&gt;\r\n	&lt;div&gt;\r\n		&amp;nbsp;&lt;/div&gt;\r\n	&lt;div&gt;\r\n		&amp;nbsp;&lt;/div&gt;\r\n	&lt;div&gt;\r\n		I came across Asquith London while searching online for ethical yoga clothing. The company and products seemed to be exactly what I was looking for. I was amazed and delighted when they arrived this morning. Both pairs of trousers fit well and are extremely comfortable. I love the little touch of bling in your \'signature\'! Thank you once again for a great product and super service.&lt;/div&gt;\r\n	&lt;div&gt;\r\n		&amp;nbsp;&lt;/div&gt;\r\n	&lt;div&gt;\r\n		Catherine&lt;/div&gt;\r\n	&lt;div&gt;\r\n		&amp;nbsp;&lt;/div&gt;\r\n	&lt;div&gt;\r\n		&amp;nbsp;&lt;/div&gt;\r\n	&lt;div&gt;\r\n		I love wearing my bamboo drawstring pants and racer back top, the feel and fit are fabulous. I wear mine while working out and lounging. They quality of the material was just as good after a good few washes. I would highly recommend Asquith London clothing.&lt;/div&gt;\r\n	&lt;div&gt;\r\n		Rochelle, Manager, Pilates Foundation&lt;/div&gt;\r\n	&lt;div&gt;\r\n		I absolutely love the bamboo stuff, I\'ve got foldover pants and the short cardi with long tie point front, which is just so comfortable and warm at the right times and light, it\'s like vegetarian cashmere!&amp;nbsp;&lt;/div&gt;\r\n	&lt;div&gt;\r\n		&amp;nbsp;&lt;/div&gt;\r\n	&lt;div&gt;\r\n		Julia&lt;/div&gt;\r\n	&lt;div&gt;\r\n		&amp;nbsp;&lt;/div&gt;\r\n	&lt;div&gt;\r\n		&amp;nbsp;&lt;/div&gt;\r\n	&lt;div&gt;\r\n		Hi Alice &amp;amp; Catherine&lt;/div&gt;\r\n	&lt;div&gt;\r\n		&amp;nbsp;&lt;/div&gt;\r\n	&lt;div&gt;\r\n		I have received my clothes today &amp;amp; I am amazed at your swift service-I ordered one lot yesterday &amp;amp; the other the day before. I love them to bits &amp;amp; will take pics to send to you at some stage. keep up the good work-well done.&lt;/div&gt;\r\n	&lt;div&gt;\r\n		&amp;nbsp;&lt;/div&gt;\r\n	&lt;div&gt;\r\n		Julia&lt;/div&gt;\r\n	&lt;div&gt;\r\n		&amp;nbsp;&lt;/div&gt;\r\n	&lt;div&gt;\r\n		&amp;nbsp;&lt;/div&gt;\r\n	&lt;div&gt;\r\n		At last comfortable and beautiful clothing that I can work in! I especially love wearing the Bamboo Palazzo pant and Twist front Cardi when seeing clients and teaching (they never fail to comment on how great it looks). The fabrics&lt;/div&gt;\r\n	&lt;div&gt;\r\n		are so soft and comfortable and I no longer get super-hot when I\'m working because they breathe so well, and move with me. And I can throw them in the washing machine. Asquith is a godsend!&lt;/div&gt;\r\n	&lt;div&gt;\r\n		&amp;nbsp;&lt;/div&gt;\r\n	&lt;div&gt;\r\n		Kay Wesley, Homeopath &amp;amp; Shamanic Healer.&lt;/div&gt;\r\n	&lt;div&gt;\r\n		&amp;nbsp;&lt;/div&gt;\r\n	&lt;div&gt;\r\n		&amp;nbsp;&lt;/div&gt;\r\n	&lt;div&gt;\r\n		I just wanted to say how much I love wearing your clothes when I teach my classes.&amp;nbsp;&lt;/div&gt;\r\n	&lt;div&gt;\r\n		They are a delight to wear, feminine, comfortable, and, dare I say it, stylish - being a yogini! I feel great wearing what I have bought recently and am spreading the word. Many thanks&lt;/div&gt;\r\n	&lt;div&gt;\r\n		&amp;nbsp;&lt;/div&gt;\r\n	&lt;div&gt;\r\n		Sona&amp;nbsp;&lt;/div&gt;\r\n	&lt;div&gt;\r\n		&amp;nbsp;&lt;/div&gt;\r\n	&lt;div&gt;\r\n		&amp;nbsp;&lt;/div&gt;\r\n	&lt;div&gt;\r\n		Yoga Tuition&lt;/div&gt;\r\n	&lt;div&gt;\r\n		just nipped home for lunch and theres a post office card saying a parcels waiting for me at the depot..so I guess it\'s from you..what excellent service..thank you soo much..got a class tonight so I shall look forward to wearing my new gear!&lt;/div&gt;\r\n	&lt;div&gt;\r\n		&amp;nbsp;&lt;/div&gt;\r\n	&lt;div&gt;\r\n		Elaine&lt;/div&gt;\r\n	&lt;div&gt;\r\n		&amp;nbsp;&lt;/div&gt;\r\n	&lt;div&gt;\r\n		&amp;nbsp;&lt;/div&gt;\r\n	&lt;div&gt;\r\n		I shall pass your fabulous designs and website onto my students, I just love your collection!&lt;/div&gt;\r\n	&lt;div&gt;\r\n		&amp;nbsp;&lt;/div&gt;\r\n	&lt;div&gt;\r\n		Jaz&lt;/div&gt;\r\n	&lt;div&gt;\r\n		&amp;nbsp;&lt;/div&gt;\r\n	&lt;div&gt;\r\n		&amp;nbsp;&lt;/div&gt;\r\n	&lt;div&gt;\r\n		My items arrived yesterday and they really are beautiful. I\'m so delighted with them. The trousers are good enough to wear out in the evening.....never mind for yoga. I love them. And the wrap is sublime, soft and I just want to dance wearing it. THANK YOU very much.&lt;/div&gt;\r\n	&lt;div&gt;\r\n		&amp;nbsp;&lt;/div&gt;\r\n	&lt;div&gt;\r\n		I will be ordering again and recommending you to my friends.&lt;/div&gt;\r\n	&lt;div&gt;\r\n		&amp;nbsp;&lt;/div&gt;\r\n	&lt;div&gt;\r\n		Shona&lt;/div&gt;\r\n	&lt;div&gt;\r\n		&amp;nbsp;&lt;/div&gt;\r\n	&lt;div&gt;\r\n		&amp;nbsp;&lt;/div&gt;\r\n	&lt;div&gt;\r\n		I love the asquith garments because they are so comfortable to wear especially the bamboo range. Easy to use website and ordering and delivery is effcient and quick. Excellent service.&lt;/div&gt;\r\n	&lt;div&gt;\r\n		&amp;nbsp;&lt;/div&gt;\r\n	&lt;div&gt;\r\n		Penelope, YOGA 121&lt;/div&gt;\r\n	&lt;div&gt;\r\n		&amp;nbsp;&lt;/div&gt;\r\n	&lt;div&gt;\r\n		&amp;nbsp;&lt;/div&gt;\r\n	&lt;div&gt;\r\n		Just thought I\'d let you know, the Bamboo Tie pants are fantastic. Been wearing them all morning and don\'t want to take them off! They\'re super soft and fit well through the waist and hips. They\'re even good length-wise (which is hard for me because I have short legs), and I like the option to tie them up! Thanks so much!!&lt;/div&gt;\r\n	&lt;div&gt;\r\n		&amp;nbsp;&lt;/div&gt;\r\n	&lt;div&gt;\r\n		xx&lt;/div&gt;\r\n	&lt;div&gt;\r\n		Mimi&lt;/div&gt;\r\n	&lt;div&gt;\r\n		(yoga teacher)&lt;/div&gt;\r\n	&lt;div&gt;\r\n		&amp;nbsp;&lt;/div&gt;\r\n	&lt;div&gt;\r\n		&amp;nbsp;&lt;/div&gt;\r\n	&lt;div&gt;\r\n		Those tie pants - I didn\'t want to take them off. I want to wear them to yoga and to bed! So incredibly comfortable, and the XS is the perfect fit.&amp;nbsp;&lt;/div&gt;\r\n	&lt;div&gt;\r\n		Thanks&amp;nbsp;&lt;/div&gt;\r\n	&lt;div&gt;\r\n		Lisa&lt;/div&gt;\r\n	&lt;div&gt;\r\n		(yoga teacher)&lt;/div&gt;\r\n	&lt;div&gt;\r\n		&amp;nbsp;&lt;/div&gt;\r\n	&lt;div&gt;\r\n		&amp;nbsp;&lt;/div&gt;\r\n	&lt;div&gt;\r\n		Have to say am super impressed with Asquith\'s customer service. One of the best I\'ve come across - well done! I shall tell everyone in my yoga class.&lt;/div&gt;\r\n	&lt;div&gt;\r\n		&amp;nbsp;&lt;/div&gt;\r\n	&lt;div&gt;\r\n		Amanda&lt;/div&gt;\r\n	&lt;div&gt;\r\n		&amp;nbsp;&lt;/div&gt;\r\n	&lt;div&gt;\r\n		&amp;nbsp;&lt;/div&gt;\r\n	&lt;div&gt;\r\n		I really love the yoga clothes that I ordered, which have all turned out to be a wonderful fit. Being a pear-shape I usually find it hard to get a good fit especially in bottoms. In your organic cotton bottoms, I’d say you have achieved a perfect combination of stretch and support, and the fabric is both light and cosy. As well as my own practice, I am training to be a yoga teacher, and I want to make sure I have some well-fitting clothing in stock! I love the colours you are offering at the moment , but the important factors for me are the fit, feel and suitability for my yoga practice. Thank you very much!&lt;/div&gt;\r\n	&lt;div&gt;\r\n		&amp;nbsp;&lt;/div&gt;\r\n	&lt;div&gt;\r\n		Best wishes&lt;/div&gt;\r\n	&lt;div&gt;\r\n		Sarah&lt;/div&gt;\r\n	&lt;div&gt;\r\n		&amp;nbsp;&lt;/div&gt;\r\n	&lt;div&gt;\r\n		&amp;nbsp;&lt;/div&gt;\r\n	&lt;div&gt;\r\n		I would just like to say that your order service is excellent as I originally bought strap top and foldover pants set at the Yoga show but because you offered the mail order service I actually ended up buying another pair of foldover pants in different colour and racer back vest and wrap over bamboo top too!&lt;/div&gt;\r\n	&lt;div&gt;\r\n		&amp;nbsp;&lt;/div&gt;\r\n	&lt;div&gt;\r\n		I would definitely buy Asquith again.&lt;/div&gt;\r\n	&lt;div&gt;\r\n		&amp;nbsp;&lt;/div&gt;\r\n	&lt;div&gt;\r\n		Regards&lt;/div&gt;\r\n	&lt;div&gt;\r\n		Dianne&lt;/div&gt;\r\n	&lt;div&gt;\r\n		&amp;nbsp;&lt;/div&gt;\r\n	&lt;div&gt;\r\n		&amp;nbsp;&lt;/div&gt;\r\n	&lt;div&gt;\r\n		Hi Alice,&lt;/div&gt;\r\n	&lt;div&gt;\r\n		&amp;nbsp;&lt;/div&gt;\r\n	&lt;div&gt;\r\n		Wanted to say that I wear Asquith clothes all the time and everywhere: at home, for my work (as a yoga teacher). And bamboo leggings with ankle boots are gorgeous when going out! I also get extra hugs from my colleagues thanks to the super soft material (Funnel Neck Top &amp;amp; Wrap Cardigan).&lt;/div&gt;\r\n	&lt;div&gt;\r\n		Thank you very much!&lt;/div&gt;\r\n	&lt;div&gt;\r\n		&amp;nbsp;&lt;/div&gt;\r\n	&lt;div&gt;\r\n		Maya&lt;/div&gt;\r\n	&lt;div&gt;\r\n		&amp;nbsp;&lt;/div&gt;\r\n	&lt;div&gt;\r\n		&amp;nbsp;&lt;/div&gt;\r\n	&lt;div&gt;\r\n		Dear Alice,&lt;/div&gt;\r\n	&lt;div&gt;\r\n		&amp;nbsp;&lt;/div&gt;\r\n	&lt;div&gt;\r\n		Many thanks for your prompt service. As requested here is my feedback.&lt;/div&gt;\r\n	&lt;div&gt;\r\n		&amp;nbsp;&lt;/div&gt;\r\n	&lt;div&gt;\r\n		I must say I am absolutely delighted with the trousers - very comfy, fantastic fit and well made, good quality to withstand the constant washing required of them when worn by a pilates teacher!!&lt;/div&gt;\r\n	&lt;div&gt;\r\n		&amp;nbsp;&lt;/div&gt;\r\n	&lt;div&gt;\r\n		I will be recommending the trousers to all my clients. The organic white t-shirt is also faultless, and I really like wearing the wrap top - the raspberry colour is gorgeous and very in vogue this season. All my clients comment on how smart I look now (!) and they also notice the diamante.&lt;/div&gt;\r\n	&lt;div&gt;\r\n		&amp;nbsp;&lt;/div&gt;\r\n	&lt;div&gt;\r\n		They are absolutely gorgeous clothes, and I will be buying more! I am very impressed with the service and delighted with my new clothes.&lt;/div&gt;\r\n	&lt;div&gt;\r\n		Kindest Regards,&lt;/div&gt;\r\n	&lt;div&gt;\r\n		&amp;nbsp;&lt;/div&gt;\r\n	&lt;div&gt;\r\n		Hannah&lt;/div&gt;\r\n	&lt;div&gt;\r\n		&amp;nbsp;&lt;/div&gt;\r\n	&lt;div&gt;\r\n		&amp;nbsp;&lt;/div&gt;\r\n	&lt;div&gt;\r\n		Dear Alice&lt;/div&gt;\r\n	&lt;div&gt;\r\n		&amp;nbsp;&lt;/div&gt;\r\n	&lt;div&gt;\r\n		Got my new clothes today and absolutely LOVE them, comfortable and functional with lovely detailing (adore the \'bling!) which makes them more special than the usual sports kit on the market.&lt;/div&gt;\r\n	&lt;div&gt;\r\n		&amp;nbsp;&lt;/div&gt;\r\n	&lt;div&gt;\r\n		I will definitely order from you again, please can we have lots more styles of capri pants and longer length tops as the latter are virtually impossible to find (ordered my last lot from Australia!!!)&lt;/div&gt;\r\n	&lt;div&gt;\r\n		&amp;nbsp;&lt;/div&gt;\r\n	&lt;div&gt;\r\n		You were recommended to me by a fellow Pilates teacher and I will definitely spread the word.&lt;/div&gt;\r\n	&lt;div&gt;\r\n		&amp;nbsp;&lt;/div&gt;\r\n	&lt;div&gt;\r\n		Kind regards,&amp;nbsp;&lt;/div&gt;\r\n	&lt;div&gt;\r\n		Claire&lt;/div&gt;\r\n	&lt;div&gt;\r\n		&amp;nbsp;&lt;/div&gt;\r\n	&lt;div&gt;\r\n		&amp;nbsp;&lt;/div&gt;\r\n	&lt;div&gt;\r\n		Your clothes are something really special...&lt;/div&gt;\r\n	&lt;div&gt;\r\n		Kathryn&lt;/div&gt;\r\n	&lt;div&gt;\r\n		&amp;nbsp;&lt;/div&gt;\r\n	&lt;div&gt;\r\n		Thank you so much for the 2 lovely tops, wrap round and trousers I sent for recently and also the speedy return of an exchange item. I wore the outfit for a meal out yesterday with friends as my husband thought the clothes were too glamorous for Yoga alone and they were much admired and are extremely comfortable.&amp;nbsp;&lt;/div&gt;\r\n	&lt;div&gt;\r\n		&amp;nbsp;&lt;/div&gt;\r\n	&lt;div&gt;\r\n		Best Wishes&lt;/div&gt;\r\n	&lt;div&gt;\r\n		Kathy&lt;/div&gt;\r\n	&lt;div&gt;\r\n		&amp;nbsp;&lt;/div&gt;\r\n	&lt;div&gt;\r\n		&amp;nbsp;&lt;/div&gt;\r\n	&lt;div&gt;\r\n		Thank you very much for your swift and efficient service. My order arrived the very next day and the trousers are lovely. Very soft, comfortable and fit beautifully.&lt;/div&gt;\r\n	&lt;div&gt;\r\n		I will be shopping with you again.&lt;/div&gt;\r\n	&lt;div&gt;\r\n		&amp;nbsp;&lt;/div&gt;\r\n	&lt;div&gt;\r\n		Lorraine&lt;/div&gt;\r\n	&lt;div&gt;\r\n		&amp;nbsp;&lt;/div&gt;\r\n	&lt;div&gt;\r\n		&amp;nbsp;&lt;/div&gt;\r\n	&lt;div&gt;\r\n		I am so glad the bamboo tie pants are back in stock! I just ordered both colours.&lt;/div&gt;\r\n	&lt;div&gt;\r\n		I love all the clothes I have bought from you, all so comfortable and stylish.&lt;/div&gt;\r\n	&lt;div&gt;\r\n		&amp;nbsp;&lt;/div&gt;\r\n	&lt;div&gt;\r\n		All the best,&amp;nbsp;&lt;/div&gt;\r\n	&lt;div&gt;\r\n		Marianne&lt;/div&gt;\r\n	&lt;div&gt;\r\n		&amp;nbsp;&lt;/div&gt;\r\n	&lt;div&gt;\r\n		&amp;nbsp;&lt;/div&gt;\r\n	&lt;div&gt;\r\n		I received the Twist Top on Saturday and it is lovely! The neckline is actually much better than I thought in that it does not gape when you Roll Down, and the colour is a lovely shade of blue and beautiful fabric. I can see this with Jeans let alone my Pilates Classes.&lt;/div&gt;\r\n	&lt;div&gt;\r\n		&amp;nbsp;&lt;/div&gt;\r\n	&lt;div&gt;\r\n		Christine&lt;/div&gt;\r\n	&lt;div&gt;\r\n		&amp;nbsp;&lt;/div&gt;\r\n	&lt;div&gt;\r\n		&amp;nbsp;&lt;/div&gt;\r\n	&lt;div&gt;\r\n		It seemed like a breath of fresh air shopping on your site. Simple and easy which is what shoppers want. Your clear and gentle energy shines through your work. Well done to you.&lt;/div&gt;\r\n	&lt;div&gt;\r\n		&amp;nbsp;&lt;/div&gt;\r\n	&lt;div&gt;\r\n		Love&lt;/div&gt;\r\n	&lt;div&gt;\r\n		Lisa&lt;/div&gt;\r\n	&lt;div&gt;\r\n		&amp;nbsp;&lt;/div&gt;\r\n	&lt;div&gt;\r\n		&amp;nbsp;&lt;/div&gt;\r\n	&lt;div&gt;\r\n		I really love all your garments and they truly are of the best quality.&lt;/div&gt;\r\n	&lt;div&gt;\r\n		&amp;nbsp;&lt;/div&gt;\r\n	&lt;div&gt;\r\n		Ilze, Latvia&lt;/div&gt;\r\n	&lt;div&gt;\r\n		&amp;nbsp;&lt;/div&gt;\r\n	&lt;div&gt;\r\n		&amp;nbsp;&lt;/div&gt;\r\n	&lt;div&gt;\r\n		The clothing is fantastic. Each item that I’ve received so far has fitted well, been comfortable to wear and has always washed well. My favourite is the Twist Top and is my favourite short sleeved top that I have. It always looks so smart and is so comfortable to wear and I’ve just ordered another one in Sky Blue!&lt;/div&gt;\r\n	&lt;div&gt;\r\n		&amp;nbsp;&lt;/div&gt;\r\n	&lt;div&gt;\r\n		Christine&lt;/div&gt;\r\n	&lt;div&gt;\r\n		&amp;nbsp;&lt;/div&gt;\r\n	&lt;div&gt;\r\n		&amp;nbsp;&lt;/div&gt;\r\n	&lt;div&gt;\r\n		I just wanted to say how pleased I am with my purchases. It is hard to find good yoga gear, and I love the soft material and great fit of the bamboo trousers I bought. Thanks again&lt;/div&gt;\r\n	&lt;div&gt;\r\n		&amp;nbsp;&lt;/div&gt;\r\n	&lt;div&gt;\r\n		Janine, Ireland&lt;/div&gt;\r\n	&lt;div&gt;\r\n		&amp;nbsp;&lt;/div&gt;\r\n	&lt;div&gt;\r\n		&amp;nbsp;&lt;/div&gt;\r\n	&lt;div&gt;\r\n		I love the new colours and the feel of the fabric, it’s very soft and warm and very flattering!!&amp;nbsp;&lt;/div&gt;\r\n	&lt;div&gt;\r\n		&amp;nbsp;&lt;/div&gt;\r\n	&lt;div&gt;\r\n		Zena&lt;/div&gt;\r\n	&lt;div&gt;\r\n		(yoga teacher)&lt;/div&gt;\r\n	&lt;div&gt;\r\n		&amp;nbsp;&lt;/div&gt;\r\n	&lt;div&gt;\r\n		&amp;nbsp;&lt;/div&gt;\r\n	&lt;div&gt;\r\n		I LOVE MY NEW OUTFIT!! ....the scoop top and vest look fab together. And the trousers are perfect – I particularly like the way they hold you in around the tummy. A great design.&lt;/div&gt;\r\n	&lt;div&gt;\r\n		&amp;nbsp;&lt;/div&gt;\r\n	&lt;div&gt;\r\n		Jess, London&lt;/div&gt;\r\n	&lt;div&gt;\r\n		&amp;nbsp;&lt;/div&gt;\r\n	&lt;div&gt;\r\n		&amp;nbsp;&lt;/div&gt;\r\n	&lt;div&gt;\r\n		Hello Alice!&amp;nbsp;&lt;/div&gt;\r\n	&lt;div&gt;\r\n		Just wanted to thank you -- again -- for the lovely stuff. The 2 long-sleeved t\'s (on sale) and the wonderful twisty cardigan arrived, compliments already garnered. And we\'re finally have a bit of autumn here so the cardigan is perfect.&amp;nbsp;&lt;/div&gt;\r\n	&lt;div&gt;\r\n		Keep up the good work!&lt;/div&gt;\r\n	&lt;div&gt;\r\n		&amp;nbsp;&lt;/div&gt;\r\n	&lt;div&gt;\r\n		Cheers,&lt;/div&gt;\r\n	&lt;div&gt;\r\n		Moira Egan&lt;/div&gt;\r\n	&lt;div&gt;\r\n		&amp;nbsp;&lt;/div&gt;\r\n	&lt;div&gt;\r\n		&amp;nbsp;&lt;/div&gt;\r\n	&lt;div&gt;\r\n		Asquith London has all the elements which make clothes both gorgeous and wearable: divinely soft fabrics, stunning colours, comfortable, flattering, elegant and chic designs.&amp;nbsp;&lt;/div&gt;\r\n	&lt;div&gt;\r\n		&amp;nbsp;&lt;/div&gt;\r\n	&lt;div&gt;\r\n		First time I’ve bought from your site – saw your details in You Magazine – and I am enormously impressed with customer service.&lt;/div&gt;\r\n	&lt;div&gt;\r\n		&amp;nbsp;&lt;/div&gt;\r\n	&lt;div&gt;\r\n		It’s interesting that even in these straitened economic times, we would still rather pay a little bit more and receive good service.&amp;nbsp;&lt;/div&gt;\r\n	&lt;div&gt;\r\n		&amp;nbsp;&lt;/div&gt;\r\n	&lt;div&gt;\r\n		Susie&lt;/div&gt;\r\n	&lt;div&gt;\r\n		&amp;nbsp;&lt;/div&gt;\r\n	&lt;div&gt;\r\n		&amp;nbsp;&lt;/div&gt;\r\n	&lt;div&gt;\r\n		Thank you so much for making a pregnant lady very happy with your super soft, unbelievably comfortable &amp;amp; stylish drawstring trousers!&amp;nbsp;&lt;/div&gt;\r\n	&lt;div&gt;\r\n		&amp;nbsp;&lt;/div&gt;\r\n	&lt;div&gt;\r\n		Faye xx&lt;/div&gt;\r\n&lt;/div&gt;\r\n&lt;p&gt;\r\n	&amp;nbsp;&lt;/p&gt;\r\n'),(29,1,'Links','&lt;div id=&quot;column-left&quot;&gt;\r\n	&lt;div class=&quot;box&quot;&gt;\r\n		&lt;div class=&quot;box-heading&quot;&gt;\r\n			&lt;a href=&quot;index.php?route=information/information&amp;amp;information_id=24&quot;&gt;Community&lt;/a&gt;&lt;/div&gt;\r\n		&lt;div class=&quot;box-content&quot;&gt;\r\n			&lt;p&gt;&lt;a href=&quot;index.php?route=account/newsletter&quot;&gt;Newsletter&lt;/a&gt;&lt;/p&gt;\r\n\r\n        &lt;p&gt;&lt;a href=&quot;index.php?route=news/ncategory&amp;ncat=59&quot;&gt;Blog&lt;/a&gt;&lt;/p&gt;\r\n\r\n        &lt;p&gt;&lt;a href=&quot;index.php?route=information/information&amp;information_id=27&quot;&gt;What to wear&lt;/a&gt;&lt;/p&gt;\r\n\r\n        &lt;p&gt;&lt;a href=&quot;index.php?route=information/information&amp;information_id=28&quot;&gt;Testimonials&lt;/a&gt;&lt;/p&gt;\r\n\r\n        &lt;p&gt;&lt;strong&gt;&lt;a href=&quot;index.php?route=information/information&amp;information_id=29&quot;&gt;Links&lt;/a&gt;&lt;/strong&gt;&lt;/p&gt;\r\n\r\n        &lt;p&gt;&lt;a href=&quot;index.php?route=information/information&amp;information_id=30&quot;&gt;Affiliates&lt;/a&gt;&lt;/p&gt;\r\n        \r\n        &lt;p&gt;&lt;a href=&quot;https://plus.google.com/102388213141542496784/posts&quot; target=&quot;_blank&quot;&gt;Google Plus&lt;/a&gt;&lt;/p&gt;\r\n\r\n        &lt;p&gt;&lt;a href=&quot;https://www.facebook.com/pages/Asquith-London-Organic-Cotton-Bamboo-Lifestyle-and-Yoga-Clothing/170293469708750?sk=wall&quot; target=&quot;_blank&quot;&gt;Facebook&lt;/a&gt;&lt;/p&gt;\r\n\r\n        &lt;p&gt;&lt;a href=&quot;http://twitter.com/AsquithLondon&quot; target=&quot;_blank&quot;&gt;Twitter&lt;/a&gt;&lt;/p&gt;\r\n\r\n        &lt;p&gt;&lt;a href=&quot;http://pinterest.com/asquithlondon/&quot; target=&quot;_blank&quot;&quot;&gt;Pinterest&lt;/a&gt;&lt;/p&gt;\r\n		&lt;/div&gt;\r\n	&lt;/div&gt;\r\n&lt;/div&gt;\r\n&lt;div id=&quot;content&quot;&gt;\r\n	&lt;div class=&quot;banner&quot;&gt;\r\n		&lt;img alt=&quot;&quot; src=&quot;http://www.asquithlondon.com/image/data/banners/homepage%20ctas/COMMUNITY.jpg&quot; /&gt;&lt;/div&gt;\r\n	&lt;h1&gt;\r\n		Links&lt;/h1&gt;\r\n	&lt;table border=&quot;1&quot; cellpadding=&quot;1&quot; cellspacing=&quot;1&quot; style=&quot;width: 750px;&quot;&gt;\r\n		&lt;thead&gt;\r\n			&lt;tr&gt;\r\n				&lt;th scope=&quot;col&quot; style=&quot;text-align: center;&quot;&gt;\r\n					Yoga and Pilates Studios, UK&lt;/th&gt;\r\n				&lt;th scope=&quot;col&quot;&gt;\r\n					&lt;div style=&quot;text-align: center;&quot;&gt;\r\n						Yoga and Pilates Teachers&lt;/div&gt;\r\n				&lt;/th&gt;\r\n				&lt;th scope=&quot;col&quot; style=&quot;text-align: center;&quot;&gt;\r\n					Yoga Holidays and Spa Holiday&lt;/th&gt;\r\n			&lt;/tr&gt;\r\n		&lt;/thead&gt;\r\n		&lt;tbody&gt;\r\n			&lt;tr&gt;\r\n				&lt;td&gt;\r\n					&lt;p&gt;\r\n						ALCHEMY CENTRE - www.alchemythecentre.co.uk&amp;nbsp;&amp;nbsp;&lt;/p&gt;\r\n					&lt;div&gt;\r\n						BREEZE YOGA - www.breezeyoga.co.uk&lt;/div&gt;\r\n					&lt;div&gt;\r\n						&amp;nbsp;&lt;/div&gt;\r\n					&lt;div&gt;\r\n						DUMFRIES &amp;amp; GALLOWAY YOGA - www.dumfriesandgallowayyoga.org.uk&lt;/div&gt;\r\n					&lt;div&gt;\r\n						&amp;nbsp;&lt;/div&gt;\r\n					&lt;div&gt;\r\n						ENJOYOGA - www.enjoyoga.co.uk&lt;/div&gt;\r\n					&lt;div&gt;\r\n						&amp;nbsp;&lt;/div&gt;\r\n					&lt;div&gt;\r\n						GO-YOGA - www.go-yoga.co.uk&lt;/div&gt;\r\n					&lt;div&gt;\r\n						&amp;nbsp;&lt;/div&gt;\r\n					&lt;div&gt;\r\n						HUMMING BEE - www.hummingbee.co.uk&lt;/div&gt;\r\n					&lt;div&gt;\r\n						&amp;nbsp;&lt;/div&gt;\r\n					&lt;div&gt;\r\n						JB YOGA FIT - www.jbyogafit.com/&lt;/div&gt;\r\n					&lt;div&gt;\r\n						&amp;nbsp;&lt;/div&gt;\r\n					&lt;div&gt;\r\n						KINESIS STUDIOS - WWW.KINESIS-STUDIOS.COM&lt;/div&gt;\r\n					&lt;div&gt;\r\n						&amp;nbsp;&lt;/div&gt;\r\n					&lt;div&gt;\r\n						LOTUS GARDEN YOGA - www.lotusgarden.org.uk&lt;/div&gt;\r\n					&lt;div&gt;\r\n						&amp;nbsp;&lt;/div&gt;\r\n					&lt;div&gt;\r\n						PILATES PLUS - www.pilates-plus.co.uk&lt;/div&gt;\r\n					&lt;div&gt;\r\n						&amp;nbsp;&lt;/div&gt;\r\n					&lt;div&gt;\r\n						SPECIAL YOGA CENTRE, KENSAL RISE, LONDON - www.specialyoga.org.uk&lt;/div&gt;\r\n					&lt;div&gt;\r\n						&amp;nbsp;&lt;/div&gt;\r\n					&lt;div&gt;\r\n						THE LIFE CENTRE, NOTTING HILL - www.thelifecentre.com&lt;/div&gt;\r\n					&lt;div&gt;\r\n						&amp;nbsp;&lt;/div&gt;\r\n					&lt;div&gt;\r\n						TRIYOGA - www.triyoga.co.uk&lt;/div&gt;\r\n					&lt;div&gt;\r\n						&amp;nbsp;&lt;/div&gt;\r\n					&lt;div&gt;\r\n						YOGA WITH DIVYA - www.yogawithdivya.co.uk&lt;/div&gt;\r\n					&lt;div&gt;\r\n						&amp;nbsp;&lt;/div&gt;\r\n					&lt;div&gt;\r\n						I LOVE PILATES - http://www.ilovepilates.org.uk&lt;/div&gt;\r\n					&lt;div&gt;\r\n						&amp;nbsp;&lt;/div&gt;\r\n					&lt;div&gt;\r\n						&amp;nbsp;&lt;/div&gt;\r\n					&lt;div&gt;\r\n						THERAPAY DIRECTORY - &lt;a href=&quot;http://www.therapy-directory.org.uk&quot;&gt;www.therapy-directory.org.uk&lt;/a&gt;&lt;/div&gt;\r\n				&lt;/td&gt;\r\n				&lt;td&gt;\r\n					&lt;div&gt;\r\n						Esther Ekhart - EKHART YOGA&lt;/div&gt;\r\n					&lt;div&gt;\r\n						&amp;nbsp;&lt;/div&gt;\r\n					&lt;div&gt;\r\n						EKHART YOGA - www.facebook.com/EkhartYoga&amp;nbsp;&lt;/div&gt;\r\n					&lt;div&gt;\r\n						&amp;nbsp;&lt;/div&gt;\r\n					&lt;div&gt;\r\n						EKHART YOGA VIDEOS - www.YouTube.com/yogatic&amp;nbsp;&lt;/div&gt;\r\n					&lt;div&gt;\r\n						&amp;nbsp;&lt;/div&gt;\r\n					&lt;div&gt;\r\n						&amp;nbsp;&lt;/div&gt;\r\n					&lt;div&gt;\r\n						Yoga in London&lt;/div&gt;\r\n					&lt;div&gt;\r\n						&amp;nbsp;&lt;/div&gt;\r\n					&lt;div&gt;\r\n						ANNA FIRTH (REDWAY) - www.kindnessyoga.com&lt;/div&gt;\r\n					&lt;div&gt;\r\n						&amp;nbsp;&lt;/div&gt;\r\n					&lt;div&gt;\r\n						ENJOY YOGA - WWW.ENJOYOGA.CO.UK&lt;/div&gt;\r\n					&lt;div&gt;\r\n						&amp;nbsp;&lt;/div&gt;\r\n					&lt;div&gt;\r\n						KATE MCKENZIE - www.katemckenzie.co.uk&lt;/div&gt;\r\n					&lt;div&gt;\r\n						&amp;nbsp;&lt;/div&gt;\r\n					&lt;div&gt;\r\n						KATHRYN MCKUSKER - www.kmyoga.com&lt;/div&gt;\r\n					&lt;div&gt;\r\n						&amp;nbsp;&lt;/div&gt;\r\n					&lt;div&gt;\r\n						LEELA MILLER - www.leelamiller.com&lt;/div&gt;\r\n					&lt;div&gt;\r\n						&amp;nbsp;&lt;/div&gt;\r\n					&lt;div&gt;\r\n						LARA YOGA - www.larayoga.com&lt;/div&gt;\r\n					&lt;div&gt;\r\n						&amp;nbsp;&lt;/div&gt;\r\n					&lt;div&gt;\r\n						MIRANDA GATES - FLEMMING - www.myoga.me.uk&lt;/div&gt;\r\n					&lt;div&gt;\r\n						&amp;nbsp;&lt;/div&gt;\r\n					&lt;div&gt;\r\n						PATRICIA EZECHIE - www.yogasiromani.com&lt;/div&gt;\r\n					&lt;div&gt;\r\n						&amp;nbsp;&lt;/div&gt;\r\n					&lt;div&gt;\r\n						TANJA MICKWITZ - www.yogawithtanja.com&lt;/div&gt;\r\n					&lt;div&gt;\r\n						&amp;nbsp;&lt;/div&gt;\r\n					&lt;div&gt;\r\n						YOGA WITH NORMAN - www.yogawithnorman.co.uk&lt;/div&gt;\r\n					&lt;div&gt;\r\n						&amp;nbsp;&lt;/div&gt;\r\n					&lt;div&gt;\r\n						BREATHE YOGA - www.breatheyoga.co.uk&lt;/div&gt;\r\n					&lt;div&gt;\r\n						&amp;nbsp;&lt;/div&gt;\r\n					&lt;div&gt;\r\n						KATRIN HEUSER - www.yoga-gestalten.co.uk&amp;nbsp;&lt;/div&gt;\r\n					&lt;div&gt;\r\n						&amp;nbsp;&lt;/div&gt;\r\n					&lt;div&gt;\r\n						YOGA TEAM LTD - http://www.yoga-team.co.uk/&lt;/div&gt;\r\n					&lt;div&gt;\r\n						&amp;nbsp;&lt;/div&gt;\r\n					&lt;div&gt;\r\n						&amp;nbsp;&lt;/div&gt;\r\n					&lt;div&gt;\r\n						Pilates in Hertfordshire&lt;/div&gt;\r\n					&lt;div&gt;\r\n						&amp;nbsp;&lt;/div&gt;\r\n					&lt;div&gt;\r\n						Totally Pilates - WWW.TOTALLYPILATES.CO.UK&lt;/div&gt;\r\n					&lt;div&gt;\r\n						&amp;nbsp;&lt;/div&gt;\r\n					&lt;div&gt;\r\n						Joy Pilates - www.joypilates.co.uk&lt;/div&gt;\r\n					&lt;div&gt;\r\n						&amp;nbsp;&lt;/div&gt;\r\n					&lt;div&gt;\r\n						PENNY CORDING PILATES - www.pilatesherts.co.uk&lt;/div&gt;\r\n					&lt;div&gt;\r\n						&amp;nbsp;&lt;/div&gt;\r\n					&lt;div&gt;\r\n						&amp;nbsp;&lt;/div&gt;\r\n					&lt;div&gt;\r\n						Yoga in Kent&lt;/div&gt;\r\n					&lt;div&gt;\r\n						&amp;nbsp;&lt;/div&gt;\r\n					&lt;div&gt;\r\n						SUSAN BARNES - www.susanbarnes.co.uk&lt;/div&gt;\r\n					&lt;div&gt;\r\n						&amp;nbsp;&lt;/div&gt;\r\n					&lt;div&gt;\r\n						&amp;nbsp;&lt;/div&gt;\r\n					&lt;div&gt;\r\n						Yoga in Kingston Upon Thames&lt;/div&gt;\r\n					&lt;div&gt;\r\n						&amp;nbsp;&lt;/div&gt;\r\n					&lt;div&gt;\r\n						MURIEL MUELLER - www.mumuyoga.com&lt;/div&gt;\r\n					&lt;div&gt;\r\n						&amp;nbsp;&lt;/div&gt;\r\n					&lt;div&gt;\r\n						&amp;nbsp;&lt;/div&gt;\r\n					&lt;div&gt;\r\n						Yoga in Staffordshire&lt;/div&gt;\r\n					&lt;div&gt;\r\n						&amp;nbsp;&lt;/div&gt;\r\n					&lt;div&gt;\r\n						TANJA MICKWITZ - www.yogawithtanja.com&lt;/div&gt;\r\n					&lt;div&gt;\r\n						&amp;nbsp;&lt;/div&gt;\r\n					&lt;div&gt;\r\n						&amp;nbsp;&lt;/div&gt;\r\n					&lt;div&gt;\r\n						Yoga in Surrey&lt;/div&gt;\r\n					&lt;div&gt;\r\n						&amp;nbsp;&lt;/div&gt;\r\n					&lt;div&gt;\r\n						LYNNE BOOT - www.chalkpit-yoga.co.uk&lt;/div&gt;\r\n					&lt;div&gt;\r\n						&amp;nbsp;&lt;/div&gt;\r\n					&lt;div&gt;\r\n						SARRA WHICHELOE - www.yogabody.org.uk&lt;/div&gt;\r\n					&lt;div&gt;\r\n						&amp;nbsp;&lt;/div&gt;\r\n					&lt;div&gt;\r\n						&amp;nbsp;&lt;/div&gt;\r\n					&lt;div&gt;\r\n						Pregnancy Yoga &amp;amp; Pilates&lt;/div&gt;\r\n					&lt;div&gt;\r\n						&amp;nbsp;&lt;/div&gt;\r\n					&lt;div&gt;\r\n						BIRTHLIGHT - www.birthlight.com&lt;/div&gt;\r\n					&lt;div&gt;\r\n						&amp;nbsp;&lt;/div&gt;\r\n					&lt;div&gt;\r\n						ANNA FIRTH (REDWAY) - www.kindnessyoga.com&lt;/div&gt;\r\n					&lt;div&gt;\r\n						&amp;nbsp;&lt;/div&gt;\r\n					&lt;div&gt;\r\n						ANGELA JAMESON PREGNANCY PILATES (PHYSICALLY FIT) –&amp;nbsp;&lt;/div&gt;\r\n					&lt;div&gt;\r\n						www.physically-fit.co.uk/&lt;/div&gt;\r\n					&lt;div&gt;\r\n						&amp;nbsp;&lt;/div&gt;\r\n					&lt;div&gt;\r\n						TARA LEE YOGA - www.taraleeyoga.com&lt;/div&gt;\r\n					&lt;div&gt;\r\n						&amp;nbsp;&lt;/div&gt;\r\n					&lt;div&gt;\r\n						&amp;nbsp;&lt;/div&gt;\r\n					&lt;div&gt;\r\n						Pilates in Cheshire&lt;/div&gt;\r\n					&lt;div&gt;\r\n						&amp;nbsp;&lt;/div&gt;\r\n					&lt;div&gt;\r\n						PHYSIOPILATES - www.physiopilates.co.uk&lt;/div&gt;\r\n					&lt;div&gt;\r\n						&amp;nbsp;&lt;/div&gt;\r\n					&lt;div&gt;\r\n						&amp;nbsp;&lt;/div&gt;\r\n					&lt;div&gt;\r\n						Pilates in Surrey&lt;/div&gt;\r\n					&lt;div&gt;\r\n						&amp;nbsp;&lt;/div&gt;\r\n					&lt;div&gt;\r\n						COBHAM PILATES - www.cobhampilates.com&lt;/div&gt;\r\n					&lt;div&gt;\r\n						&amp;nbsp;&lt;/div&gt;\r\n					&lt;div&gt;\r\n						&amp;nbsp;&lt;/div&gt;\r\n					&lt;div&gt;\r\n						Pilates On-Line&lt;/div&gt;\r\n					&lt;div&gt;\r\n						&amp;nbsp;&lt;/div&gt;\r\n					&lt;div&gt;\r\n						IPILATES - www.ipilates.co.uk&lt;/div&gt;\r\n					&lt;div&gt;\r\n						&amp;nbsp;&lt;/div&gt;\r\n					&lt;div&gt;\r\n						Pilates Foundation - www.pilatesfoundation.com/newsite2/index.php&lt;/div&gt;\r\n					&lt;div&gt;\r\n						&amp;nbsp;&lt;/div&gt;\r\n					&lt;div&gt;\r\n						&amp;nbsp;&lt;/div&gt;\r\n					&lt;div&gt;\r\n						Yoga in Ireland&lt;/div&gt;\r\n					&lt;div&gt;\r\n						&amp;nbsp;&lt;/div&gt;\r\n					&lt;div&gt;\r\n						Barbara Gibson - www.barbaragibson.co.uk&lt;/div&gt;\r\n					&lt;div&gt;\r\n						&amp;nbsp;&lt;/div&gt;\r\n					&lt;div&gt;\r\n						&amp;nbsp;&lt;/div&gt;\r\n					&lt;div&gt;\r\n						BREATHE YOGA&lt;/div&gt;\r\n					&lt;div&gt;\r\n						&amp;nbsp;&lt;/div&gt;\r\n					&lt;div&gt;\r\n						Breathe Yoga - www.breatheyoga.co.uk&lt;/div&gt;\r\n					&lt;div&gt;\r\n						&amp;nbsp;&lt;/div&gt;\r\n					&lt;div&gt;\r\n						&amp;nbsp;&lt;/div&gt;\r\n					&lt;div&gt;\r\n						I LOVE PILATES&lt;/div&gt;\r\n					&lt;div&gt;\r\n						&amp;nbsp;&lt;/div&gt;\r\n					&lt;div&gt;\r\n						I love Pilates - www.ilovepilates.org.uk&lt;/div&gt;\r\n					&lt;div&gt;\r\n						&amp;nbsp;&lt;/div&gt;\r\n					&lt;div&gt;\r\n						&amp;nbsp;&lt;/div&gt;\r\n					&lt;div&gt;\r\n						YOGA WELLBEING&lt;/div&gt;\r\n					&lt;div&gt;\r\n						&amp;nbsp;&lt;/div&gt;\r\n					&lt;div&gt;\r\n						YOGA WELLBEING - www.yogawellbeing.co.uk&lt;/div&gt;\r\n					&lt;div&gt;\r\n						&amp;nbsp;&lt;/div&gt;\r\n					&lt;div&gt;\r\n						&amp;nbsp;&lt;/div&gt;\r\n					&lt;div&gt;\r\n						YOGA IN BRISTOL&lt;/div&gt;\r\n					&lt;div&gt;\r\n						&amp;nbsp;&lt;/div&gt;\r\n					&lt;div&gt;\r\n						&amp;nbsp;&lt;/div&gt;\r\n					&lt;div&gt;\r\n						DORY WALKER AT YOGAKUTIR - www.yogakutir.com&lt;/div&gt;\r\n					&lt;div&gt;\r\n						&amp;nbsp;&lt;/div&gt;\r\n					&lt;div&gt;\r\n						&amp;nbsp;&lt;/div&gt;\r\n					&lt;div&gt;\r\n						Pilates in Cambridgeshire&lt;/div&gt;\r\n					&lt;div&gt;\r\n						&amp;nbsp;&lt;/div&gt;\r\n					&lt;div&gt;\r\n						AJM PILATES - www.ajm-pilates.co.uk&lt;/div&gt;\r\n				&lt;/td&gt;\r\n				&lt;td&gt;\r\n					&lt;div&gt;\r\n						THE RETREAT COMPANY - www.theretreatcompany.com&lt;/div&gt;\r\n					&lt;div&gt;\r\n						&amp;nbsp;&lt;/div&gt;\r\n					&lt;div&gt;\r\n						FREE SPIRIT TRAVEL - www.freespirituk.com&lt;/div&gt;\r\n					&lt;div&gt;\r\n						&amp;nbsp;&lt;/div&gt;\r\n					&lt;div&gt;\r\n						WELLBEING ESCAPES - www.wellbeingescapes.co.uk&lt;/div&gt;\r\n					&lt;div&gt;\r\n						&amp;nbsp;&lt;/div&gt;\r\n					&lt;div&gt;\r\n						IN SPA RETREATS - www.inspa-retreats.com&lt;/div&gt;\r\n					&lt;div&gt;\r\n						&amp;nbsp;&lt;/div&gt;\r\n					&lt;div&gt;\r\n						DESTINATION YOGA - www.destinationyoga.co.uk&lt;/div&gt;\r\n					&lt;div&gt;\r\n						&amp;nbsp;&lt;/div&gt;\r\n					&lt;div&gt;\r\n						SPA FINDER - www.spafinder.co.uk&lt;/div&gt;\r\n					&lt;div&gt;\r\n						&amp;nbsp;&lt;/div&gt;\r\n					&lt;div&gt;\r\n						FITSCAPE - www.fitscape.co.uk&lt;/div&gt;\r\n					&lt;div&gt;\r\n						&amp;nbsp;&lt;/div&gt;\r\n					&lt;div&gt;\r\n						YOGA ON A SHOESTRING - www.yogaonashoestring.com&lt;/div&gt;\r\n					&lt;div&gt;\r\n						&amp;nbsp;&lt;/div&gt;\r\n					&lt;div&gt;\r\n						THE SPIRIT OF LIFE -www.thespiritoflife.co.uk&lt;/div&gt;\r\n				&lt;/td&gt;\r\n			&lt;/tr&gt;\r\n		&lt;/tbody&gt;\r\n	&lt;/table&gt;\r\n&lt;/div&gt;\r\n&lt;p&gt;\r\n	&amp;nbsp;&lt;/p&gt;\r\n'),(30,1,'Affiliates','&lt;div id=&quot;column-left&quot;&gt;\r\n	&lt;div class=&quot;box&quot;&gt;\r\n		&lt;div class=&quot;box-heading&quot;&gt;\r\n			&lt;a href=&quot;index.php?route=information/information&amp;amp;information_id=24&quot;&gt;Community&lt;/a&gt;&lt;/div&gt;\r\n		&lt;div class=&quot;box-content&quot;&gt;\r\n			&lt;p&gt;&lt;a href=&quot;index.php?route=account/newsletter&quot;&gt;Newsletter&lt;/a&gt;&lt;/p&gt;\r\n\r\n        &lt;p&gt;&lt;a href=&quot;index.php?route=news/ncategory&amp;ncat=59&quot;&gt;Blog&lt;/a&gt;&lt;/p&gt;\r\n\r\n        &lt;p&gt;&lt;a href=&quot;index.php?route=information/information&amp;information_id=27&quot;&gt;What to wear&lt;/a&gt;&lt;/p&gt;\r\n\r\n        &lt;p&gt;&lt;a href=&quot;index.php?route=information/information&amp;information_id=28&quot;&gt;Testimonials&lt;/a&gt;&lt;/p&gt;\r\n\r\n        &lt;p&gt;&lt;a href=&quot;index.php?route=information/information&amp;information_id=29&quot;&gt;Links&lt;/a&gt;&lt;/p&gt;\r\n\r\n        &lt;p&gt;&lt;strong&gt;&lt;a href=&quot;index.php?route=information/information&amp;information_id=30&quot;&gt;Affiliates&lt;/a&gt;&lt;/strong&gt;&lt;/p&gt;\r\n        \r\n        &lt;p&gt;&lt;a href=&quot;https://plus.google.com/102388213141542496784/posts&quot; target=&quot;_blank&quot;&gt;Google Plus&lt;/a&gt;&lt;/p&gt;\r\n\r\n        &lt;p&gt;&lt;a href=&quot;https://www.facebook.com/pages/Asquith-London-Organic-Cotton-Bamboo-Lifestyle-and-Yoga-Clothing/170293469708750?sk=wall&quot; target=&quot;_blank&quot;&gt;Facebook&lt;/a&gt;&lt;/p&gt;\r\n\r\n        &lt;p&gt;&lt;a href=&quot;http://twitter.com/AsquithLondon&quot; target=&quot;_blank&quot;&gt;Twitter&lt;/a&gt;&lt;/p&gt;\r\n\r\n        &lt;p&gt;&lt;a href=&quot;http://pinterest.com/asquithlondon/&quot; target=&quot;_blank&quot;&quot;&gt;Pinterest&lt;/a&gt;&lt;/p&gt;\r\n		&lt;/div&gt;\r\n	&lt;/div&gt;\r\n&lt;/div&gt;\r\n&lt;div id=&quot;content&quot;&gt;\r\n	&lt;div class=&quot;banner&quot;&gt;\r\n		&lt;img alt=&quot;&quot; src=&quot;http://www.asquithlondon.com/image/data/banners/homepage%20ctas/COMMUNITY.jpg&quot; /&gt;&lt;/div&gt;\r\n	&lt;h1&gt;\r\n		Affiliates - Friends of Asquith London&lt;/h1&gt;\r\n	&lt;p&gt;\r\n		&lt;img alt=&quot;&quot; src=&quot;http://www.asquithlondon.com/image/data/A5-Leaflet1---FRONT-LOW-RES-JPEG.jpg&quot; style=&quot;width: 400px; height: 567px; border-width: 0px; border-style: solid; margin: 6px; float: left; &quot; /&gt;&lt;/p&gt;\r\n	&lt;p&gt;\r\n		&amp;nbsp;&lt;/p&gt;\r\n	&lt;p&gt;\r\n		Join Asquith London\'s affliliate scheme - Friends of Asquith London.&amp;nbsp;A risk free way for you to earn money promoting Asquith\'s yoga clothing and share in&amp;nbsp;our continued success.&lt;/p&gt;\r\n	&lt;p&gt;\r\n		If you have your own website and email database then you’re eligible to become a Friend of Asquith London and earn money by recommending your favourite, quality, ethical yoga and Pilates clothing brand.&lt;/p&gt;\r\n	&lt;div&gt;\r\n		&amp;nbsp;&lt;/div&gt;\r\n	&lt;div&gt;\r\n		&lt;strong&gt;As a Friend of Asquith London you’ll receive:&lt;/strong&gt;&lt;/div&gt;\r\n	&lt;ul&gt;\r\n		&lt;li&gt;\r\n			An exclusive discount code that entitles your friends &amp;amp; students to 15% off&amp;nbsp;&lt;/li&gt;\r\n		&lt;li&gt;\r\n			Flyers with your exclusive discount code – to hand out to students&lt;/li&gt;\r\n		&lt;li&gt;\r\n			15% of all sales (less postage) using your exclusive code (to be paid monthly&amp;nbsp;into your bank account)&amp;nbsp;&lt;/li&gt;\r\n		&lt;li&gt;\r\n			2 complimentary items of Asquith London, following your first promotional&amp;nbsp;email to your database&lt;/li&gt;\r\n		&lt;li&gt;\r\n			A special 30% off teacher discount for you, so that you can buy Asquith&amp;nbsp;clothing at 30% off….whenever you want! (Please note that promotional codes do not work on sale items)&lt;/li&gt;\r\n	&lt;/ul&gt;\r\n	&lt;div&gt;\r\n		&amp;nbsp;&lt;/div&gt;\r\n	&lt;div&gt;\r\n		&lt;strong&gt;As a Friend of Asquith London you agree to:&lt;/strong&gt;&lt;/div&gt;\r\n	&lt;ul&gt;\r\n		&lt;li&gt;\r\n			Promote and link to Asquith London via your website&lt;/li&gt;\r\n		&lt;li&gt;\r\n			Send a minimum of 4 emails/yr promoting Asquith London to your database&lt;/li&gt;\r\n		&lt;li&gt;\r\n			Introduce and promote Asquith London in your classes&lt;/li&gt;\r\n		&lt;li&gt;\r\n			Review your complimentary pieces as www.asquithlondon.com&lt;/li&gt;\r\n	&lt;/ul&gt;\r\n	&lt;div&gt;\r\n		&lt;a href=&quot;mailto:katherine@k-a-s.co.uk?subject=Friends%20of%20Asquith%20London&quot;&gt;Email Katherine&lt;/a&gt; for more information and to request an application form.&lt;/div&gt;\r\n&lt;/div&gt;\r\n&lt;p&gt;\r\n	&amp;nbsp;&lt;/p&gt;\r\n'),(31,1,'Our Store','&lt;table border=&quot;0&quot; style=&quot;width: 1080px;&quot;&gt;\r\n	&lt;tbody&gt;\r\n		&lt;tr&gt;\r\n			&lt;td&gt;\r\n				&lt;img alt=&quot;&quot; src=&quot;http://www.thepapillonshop.co.uk/image/data/Our%20Store/010712-STORE-01.jpg&quot; style=&quot;float: left; width: 716px; height: 537px; &quot; /&gt;&lt;/td&gt;\r\n			&lt;td style=&quot;align:top;&quot;&gt;\r\n				&lt;h2&gt;\r\n					Our Store&lt;/h2&gt;\r\n				&lt;p&gt;\r\n					It all started in the heart of the Brighton Laines. Nestled in the jewellery quarter Papillon was born.&lt;/p&gt;\r\n				&lt;p&gt;\r\n					When the shop moved into a larger space it was able to grow into one of Brightons best loved interior boutiques.&lt;/p&gt;\r\n				&lt;p&gt;\r\n					We have a team of staff all passionate about creating harmonious settings and original rooms within the home who are available to provide advice, ideas and thoughts on how to get the most from your home.&lt;/p&gt;\r\n				&lt;p&gt;\r\n					If you’re ever in Brighton then do pop in for a browse, chat, shopping spree or all three!&lt;/p&gt;\r\n				&lt;br /&gt;\r\n				Address:&lt;br /&gt;\r\n				Papillon&lt;br /&gt;\r\n				8 Union Street&lt;br /&gt;\r\n				Brighton&lt;br /&gt;\r\n				BN1 1HA&lt;br /&gt;\r\n				&lt;br /&gt;\r\n				Opening Hours:&lt;br /&gt;\r\n				Mon - Sat 10am - 6pm&lt;br /&gt;\r\n				Sunday 11am - 5pm&lt;br /&gt;\r\n				&lt;br /&gt;\r\n				Telephone:&lt;br /&gt;\r\n				01273 720 333&lt;/td&gt;\r\n		&lt;/tr&gt;\r\n	&lt;/tbody&gt;\r\n&lt;/table&gt;\r\n&lt;table border=&quot;0&quot; style=&quot;width: 1080px;&quot;&gt;\r\n	&lt;tbody&gt;\r\n		&lt;tr&gt;\r\n			&lt;td&gt;\r\n				&lt;img alt=&quot;&quot; src=&quot;http://www.thepapillonshop.co.uk/image/data/Our%20Store/010712-STORE-02.jpg&quot; style=&quot;float: left; width: 355px; height: 237px; &quot; /&gt;&lt;/td&gt;\r\n			&lt;td&gt;\r\n				&lt;img alt=&quot;&quot; src=&quot;http://www.thepapillonshop.co.uk/image/data/Our%20Store/010712-STORE-03.jpg&quot; style=&quot;float: left; width: 355px; height: 237px; &quot; /&gt;&lt;/td&gt;\r\n			&lt;td&gt;\r\n				&lt;img alt=&quot;&quot; src=&quot;http://www.thepapillonshop.co.uk/image/data/Our%20Store/010712-STORE-04.jpg&quot; style=&quot;float: left; width: 355px; height: 237px; &quot; /&gt;&lt;/td&gt;\r\n		&lt;/tr&gt;\r\n	&lt;/tbody&gt;\r\n&lt;/table&gt;\r\n&lt;p&gt;\r\n	&amp;nbsp;&lt;/p&gt;\r\n'),(32,1,'About Us','&lt;table border=&quot;0&quot; style=&quot;width: 1080px;&quot;&gt;\r\n	&lt;tbody&gt;\r\n		&lt;tr&gt;\r\n			&lt;td style=&quot;width:40px&quot;&gt;\r\n				&amp;nbsp;&lt;/td&gt;\r\n			&lt;td&gt;\r\n				&lt;img alt=&quot;&quot; src=&quot;http://www.thepapillonshop.co.uk/image/data/content%20pages/About%20Us/300612-REIKO-KANEKO-ABOUT.jpg&quot; style=&quot;width: 1000px; height: 414px;&quot; /&gt;&lt;/td&gt;\r\n			&lt;td style=&quot;width:40px&quot;&gt;\r\n				&amp;nbsp;&lt;/td&gt;\r\n		&lt;/tr&gt;\r\n	&lt;/tbody&gt;\r\n&lt;/table&gt;\r\n&lt;table border=&quot;0&quot; style=&quot;width: 1080px;&quot;&gt;\r\n	&lt;tbody&gt;\r\n		&lt;tr&gt;\r\n			&lt;td style=&quot;width:40px&quot;&gt;\r\n				&amp;nbsp;&lt;/td&gt;\r\n			&lt;td&gt;\r\n				&lt;p&gt;\r\n					Papillon was founded the beginning of 2009 with the simple intention of nurturing \'harmonious living\'. Our passion is to lovingly present an inspiring and carefully curated selection of interesting products for the home combined with a range of eclectic gift items, all sourced from around the world.&lt;br /&gt;\r\n					&lt;br /&gt;\r\n					When creating such a diverse range of products our criteria is to provide quality and great design combined with the unusual, whilst ensuring excellent value for money. Above all we hope to imbue a feeling of true service and a wonderful shopping experience.&lt;/p&gt;\r\n			&lt;/td&gt;\r\n			&lt;td style=&quot;width:40px&quot;&gt;\r\n				&amp;nbsp;&lt;/td&gt;\r\n		&lt;/tr&gt;\r\n	&lt;/tbody&gt;\r\n&lt;/table&gt;\r\n&lt;table&gt;\r\n	&lt;tbody&gt;\r\n		&lt;tr&gt;\r\n			&lt;td&gt;\r\n				&lt;img alt=&quot;&quot; src=&quot;http://www.thepapillonshop.co.uk/image/data/content%20pages/About%20Us/300612-ANDREW-MARTIN-ABOUT-01.jpg&quot; style=&quot;width: 355px; height: 473px;&quot; /&gt;&lt;/td&gt;\r\n			&lt;td&gt;\r\n				&lt;img alt=&quot;&quot; src=&quot;http://www.thepapillonshop.co.uk/image/data/content%20pages/About%20Us/300612-ANDREW-MARTIN-ABOUT-02.jpg&quot; style=&quot;width: 355px; height: 473px;&quot; /&gt;&lt;/td&gt;\r\n			&lt;td&gt;\r\n				&lt;img alt=&quot;&quot; src=&quot;http://www.thepapillonshop.co.uk/image/data/content%20pages/About%20Us/300612-ANDREW-MARTIN-ABOUT-03.jpg&quot; style=&quot;width: 355px; height: 473px;&quot; /&gt;&lt;/td&gt;\r\n		&lt;/tr&gt;\r\n	&lt;/tbody&gt;\r\n&lt;/table&gt;\r\n&lt;p&gt;\r\n	&amp;nbsp;&lt;/p&gt;\r\n'),(33,1,'Delivery &amp; Returns','&lt;table border=&quot;0&quot; style=&quot;width: 1080px;&quot;&gt;\r\n	&lt;tbody&gt;\r\n		&lt;tr&gt;\r\n			&lt;td style=&quot;width:600px&quot;&gt;\r\n				&lt;h2&gt;\r\n					Delivery Infromation&lt;/h2&gt;\r\n				&lt;p&gt;\r\n					At Papillon we aim to deliver an efficient service from when we first receive your order.&lt;/p&gt;\r\n				&lt;p&gt;\r\n					All goods are sent via &lt;strong&gt;Interlink Express&lt;/strong&gt; who acts as our main Courier. (Please note that another courier may, at our discretion deliver certain items that are bulky such as furniture.)&lt;/p&gt;\r\n				&lt;p&gt;\r\n					To ensure that you are kept up to date with your delivery time please ensure you give us an email address, Interlink Express will send a confirmation email regarding the hour of your delivery.&lt;/p&gt;\r\n				&lt;p&gt;\r\n					All orders recived will be on next day delivery for UK Mainland.(excludes weekends)&lt;/p&gt;\r\n				&lt;p&gt;\r\n					If an item is sent to an address that you specified when you placed the order and it turns out to be incorrect then we are not liable if this item does not reach you.&lt;/p&gt;\r\n				&lt;p&gt;\r\n					International Orders are welcome and special arrangments can be made by calling us on 01273 720333.&lt;/p&gt;\r\n				&lt;p&gt;\r\n					thepapillonshop.com is not liable for delays that are incurred via transit by Interlink Express&lt;/p&gt;\r\n				&lt;p&gt;\r\n					Any orders placed over the weekend or during a Bank Holiday will be dealt with on the next working day.&lt;/p&gt;\r\n				&lt;p&gt;\r\n					Below details our standard delivery charges...&lt;/p&gt;\r\n			&lt;/td&gt;\r\n			&lt;td&gt;\r\n				&lt;img alt=&quot;&quot; src=&quot;http://www.thepapillonshop.co.uk/image/data/content%20pages/300612-DELIVERY.jpg&quot; style=&quot;width: 418px; height: 361px; float: right;&quot; /&gt;&lt;/td&gt;\r\n		&lt;/tr&gt;\r\n	&lt;/tbody&gt;\r\n&lt;/table&gt;\r\n&lt;table border=&quot;0&quot; style=&quot;width: 1080px;&quot;&gt;\r\n	&lt;tbody&gt;\r\n		&lt;tr&gt;\r\n			&lt;td&gt;\r\n				&lt;h2&gt;\r\n					UK Mainland &amp;amp; Northern Ireland&lt;/h2&gt;\r\n			&lt;/td&gt;\r\n		&lt;/tr&gt;\r\n		&lt;tr&gt;\r\n			&lt;td style=&quot;width: 300px;&quot;&gt;\r\n				Home Accessories &amp;amp; Fragrances etc.&lt;/td&gt;\r\n			&lt;td&gt;\r\n				£6.95 Interlink Delivery Service&lt;/td&gt;\r\n			&lt;td style=&quot;width:300px&quot;&gt;\r\n				&amp;nbsp;&lt;/td&gt;\r\n		&lt;/tr&gt;\r\n		&lt;tr&gt;\r\n			&lt;td style=&quot;width:300px&quot;&gt;\r\n				Cards &amp;amp; Other Small Items&lt;/td&gt;\r\n			&lt;td&gt;\r\n				£1.50 Royal Mail Delivery Service&lt;/td&gt;\r\n			&lt;td style=&quot;width:300px&quot;&gt;\r\n				&amp;nbsp;&lt;/td&gt;\r\n		&lt;/tr&gt;\r\n		&lt;tr&gt;\r\n			&lt;td style=&quot;width:300px&quot;&gt;\r\n				Furniture &amp;amp; Bulky Orders&lt;/td&gt;\r\n			&lt;td&gt;\r\n				£60 Specialist Courier Service&lt;/td&gt;\r\n			&lt;td style=&quot;width:300px&quot;&gt;\r\n				&amp;nbsp;&lt;/td&gt;\r\n		&lt;/tr&gt;\r\n		&lt;tr&gt;\r\n			&lt;td&gt;\r\n				&lt;p&gt;\r\n					&amp;nbsp;&lt;/p&gt;\r\n			&lt;/td&gt;\r\n		&lt;/tr&gt;\r\n	&lt;/tbody&gt;\r\n&lt;/table&gt;\r\n&lt;table border=&quot;0&quot; style=&quot;width: 1080px;&quot;&gt;\r\n	&lt;tbody&gt;\r\n		&lt;tr&gt;\r\n			&lt;td&gt;\r\n				&lt;h2&gt;\r\n					Europe &amp;amp; The Rest Of The World&lt;/h2&gt;\r\n			&lt;/td&gt;\r\n		&lt;/tr&gt;\r\n		&lt;tr&gt;\r\n			&lt;td style=&quot;width: 300px;&quot;&gt;\r\n				Home Accessories &amp;amp; Fragrances etc.&lt;/td&gt;\r\n			&lt;td&gt;\r\n				£25 - £60 Delivery Service*&lt;/td&gt;\r\n			&lt;td style=&quot;width:300px&quot;&gt;\r\n				&amp;nbsp;&lt;/td&gt;\r\n		&lt;/tr&gt;\r\n		&lt;tr&gt;\r\n			&lt;td style=&quot;width:300px&quot;&gt;\r\n				Cards &amp;amp; Other Small Items&lt;/td&gt;\r\n			&lt;td&gt;\r\n				£6.95 Royal Mail Delivery Service&lt;/td&gt;\r\n			&lt;td style=&quot;width:300px&quot;&gt;\r\n				&amp;nbsp;&lt;/td&gt;\r\n		&lt;/tr&gt;\r\n		&lt;tr&gt;\r\n			&lt;td style=&quot;width:300px&quot;&gt;\r\n				Furniture &amp;amp; Bulky Orders&lt;/td&gt;\r\n			&lt;td&gt;\r\n				Contact Us For A Quote&lt;/td&gt;\r\n			&lt;td style=&quot;width:300px&quot;&gt;\r\n				&amp;nbsp;&lt;/td&gt;\r\n		&lt;/tr&gt;\r\n	&lt;/tbody&gt;\r\n&lt;/table&gt;\r\n&lt;p&gt;\r\n	&lt;span style=&quot;font-size:9px;&quot;&gt;*The shipping rate is dependant on the nature of your order and the location of the address it is to be delivered to. Please contact us if you have any questions.&lt;/span&gt;&lt;/p&gt;\r\n&lt;h2&gt;\r\n	Returns Infromation&lt;/h2&gt;\r\n&lt;p&gt;\r\n	In the unlikely event that you are not satisfied with your purchase please return the item to us for a full refund or exchange within 7 days.&lt;/p&gt;\r\n&lt;p&gt;\r\n	We Refund or Exchange to the original payment method on any item that is returned in a resalable condition.&lt;/p&gt;\r\n&lt;p&gt;\r\n	If your item is faulty or damaged then please contact us immediately via email at hello@thepapillonshop.com.&lt;/p&gt;\r\n&lt;p&gt;\r\n	The cost of returning an item to us is your responsibility we will only refund the cost of delivery if it was our mistake or if the goods are damaged.&lt;/p&gt;\r\n&lt;p&gt;\r\n	A returns note is included in all deliveries please complete the form in full and return with your item.&lt;/p&gt;\r\n&lt;p&gt;\r\n	Refunds and exchanges can take up to 10 days to process from date of receipt, the returning item is your responsibility until it reaches us, we are not liable for lost items in transit.&lt;/p&gt;\r\n&lt;p&gt;\r\n	Please note that the Returns policy for online orders is not the same for items purchased instore, details of instore returns policy can be given by either calling 01273 720333 or via email at hello@thepapillonshop.com&lt;/p&gt;\r\n'),(34,1,'Privacy Policy','&lt;table border=&quot;0&quot; style=&quot;width: 1080px;&quot;&gt;\r\n	&lt;tbody&gt;\r\n		&lt;tr&gt;\r\n			&lt;td&gt;\r\n				&lt;p&gt;\r\n					Papillon is committed to protecting your privacy. We will only use information given at the time of ordering or when making an enquiry by whatever means is collected lawfully and in accordance with the Data Protection Act 1998.&lt;br /&gt;\r\n					&lt;br /&gt;\r\n					We do not pass your personal information on to third parties.&lt;br /&gt;\r\n					&lt;br /&gt;\r\n					All transactions that you initiate with Papillon on this web site are confidential. Your name will not be added to any third party mailing lists.&lt;/p&gt;\r\n			&lt;/td&gt;\r\n		&lt;/tr&gt;\r\n		&lt;tr&gt;\r\n			&lt;td&gt;\r\n				&lt;h2&gt;\r\n					The Data Protection Act&lt;/h2&gt;\r\n				&lt;p&gt;\r\n					Under the terms of the Data Protection Act 1998, we have a duty to protect any information we collect from you. It will not be disclosed to any other organisation unless you give explicit permission, or there is a legal obligation to do so. We collect information about you for two main reasons:&lt;/p&gt;\r\n				&lt;p&gt;\r\n					&lt;br /&gt;\r\n					&amp;nbsp;*&amp;nbsp;&amp;nbsp; To process your online order.&lt;br /&gt;\r\n					&amp;nbsp;*&amp;nbsp;&amp;nbsp; To provide you with the most efficient possible service.&lt;br /&gt;\r\n					&lt;br /&gt;\r\n					The information collected will be used to personally keep in touch and let you know of any offers, sales or promotions that Papillon are carrying out (if you have selected to receive these emails/newsletters).&lt;/p&gt;\r\n			&lt;/td&gt;\r\n		&lt;/tr&gt;\r\n		&lt;tr&gt;\r\n			&lt;td&gt;\r\n				&lt;h2&gt;\r\n					Right to request information&lt;/h2&gt;\r\n				&lt;p&gt;\r\n					You have a right to request a copy of any personal data held by Papillon at any time, in order to check its accuracy. If you wish to do this, please write (explaining that your interest is in personal data maintained by Papillon) to: Papillon, 8 Union Street, Brighton, East Sussex, BN1 1HA.&lt;/p&gt;\r\n			&lt;/td&gt;\r\n		&lt;/tr&gt;\r\n		&lt;tr&gt;\r\n			&lt;td&gt;\r\n				&lt;h2&gt;\r\n					Changes to this policy&lt;/h2&gt;\r\n				&lt;p&gt;\r\n					This privacy policy will change from time to time as we develop the range of services on the website. When this privacy policy changes, we will place an updated version on this page. Regularly reviewing this page ensures that you are always aware of what information we collect, how we use it and under what circumstances, if any, we will share it with other parties. You should always check the privacy policy before using this site, even if you have visited it in the past. This ensures that you will be aware of any changes. Changes to our privacy policy do not affect information we already hold about you. This statement was last updated on 4/6/10.&lt;/p&gt;\r\n			&lt;/td&gt;\r\n		&lt;/tr&gt;\r\n	&lt;/tbody&gt;\r\n&lt;/table&gt;\r\n&lt;p&gt;\r\n	&amp;nbsp;&lt;/p&gt;\r\n'),(35,1,'Terms &amp; Conditions','&lt;table border=&quot;0&quot; style=&quot;width: 1080px;&quot;&gt;\r\n	&lt;tbody&gt;\r\n		&lt;tr&gt;\r\n			&lt;td&gt;\r\n				&lt;h2&gt;\r\n					Introduction&lt;/h2&gt;\r\n				&lt;p&gt;\r\n					The Supplier of the goods under your order is Papillon Retail Ltd 8 Union Street Brighton BN1 1HA. All Communication should be made at hello@thepapillonshop.com&lt;/p&gt;\r\n				&lt;p&gt;\r\n					When you place an order we will require the following information:&lt;/p&gt;\r\n				&lt;ul&gt;\r\n					&lt;li&gt;\r\n						Your Name, Address, Telephone Number and a valid email address. You will also be required to give full details of a valid credit/debit card and Expiry date/&lt;/li&gt;\r\n				&lt;/ul&gt;\r\n				&lt;ul&gt;\r\n					&lt;li&gt;\r\n						Once your order is despatched the completion of the contract between Papillon and yourself is complete, should any problems arise prior to despatch we will contact you via email or phone.&lt;/li&gt;\r\n				&lt;/ul&gt;\r\n			&lt;/td&gt;\r\n		&lt;/tr&gt;\r\n		&lt;tr&gt;\r\n			&lt;td&gt;\r\n				&lt;h2&gt;\r\n					Refusal of Transaction&lt;/h2&gt;\r\n				&lt;p&gt;\r\n					We reserve the right to withdraw any product/products from this website at any time or, we may refuse to process any transaction for any reason or refuse service to anyone at any time at our sole discretion.&lt;br /&gt;\r\n					&lt;br /&gt;\r\n					We will not be liable to you or any third party by refusing to process a transaction or unwinding or suspending any transaction after processing has begun.&lt;/p&gt;\r\n			&lt;/td&gt;\r\n		&lt;/tr&gt;\r\n		&lt;tr&gt;\r\n			&lt;td&gt;\r\n				&lt;h2&gt;\r\n					Price and Payment&lt;/h2&gt;\r\n				&lt;p&gt;\r\n					The price for the goods is inclusive of VAT at the national standard rate. The current rates are correct at the time of entering onto our system.&lt;br /&gt;\r\n					&lt;br /&gt;\r\n					You confirm that the credit or debit card that is being used is yours. All credit/debit cardholders are subject to validation checks and authorisation by the card issuer. If the issuer of your payment card does not for any reason authorise payment to us, we will not be liable for any delay or non-delivery.&lt;br /&gt;\r\n					&lt;br /&gt;\r\n					You must pay in full for the goods (including any applicable delivery charges) at the time of placing your order.&lt;br /&gt;\r\n					&lt;br /&gt;\r\n					Ownership of the goods we supply to you will not pass until we have received all sums due and payable by you or in connection with the goods including where applicable delivery charges.&lt;/p&gt;\r\n			&lt;/td&gt;\r\n		&lt;/tr&gt;\r\n		&lt;tr&gt;\r\n			&lt;td&gt;\r\n				&lt;h2&gt;\r\n					Delivery&lt;/h2&gt;\r\n				&lt;p&gt;\r\n					At Papillon we aim to deliver an efficient service from when we first receive your order. All goods are sent via Interlink Express (next day service) who acts as our main Courier. (Please note that another courier may, at our discretion deliver certain items that are bulky such as furniture.)&lt;br /&gt;\r\n					&lt;br /&gt;\r\n					On occasion items may be lost or delayed in the post, due to a policy enforced by Royal Mail we must wait 14 days before we can resend new items or issue a refund.&lt;br /&gt;\r\n					&lt;br /&gt;\r\n					We will not resend any items until this time period elapses.&lt;br /&gt;\r\n					&lt;br /&gt;\r\n					If an item is sent to an address that you specified when you placed the order and it turns out to be incorrect then we are not liable if this item does not reach you.&lt;br /&gt;\r\n					&lt;br /&gt;\r\n					thepapillonshop.com is not liable for delays that are incurred via transit by Royal Mail or any other Courier it chooses to use.&lt;br /&gt;\r\n					Any orders placed over the weekend or during a Bank Holiday will be dealt with on the next working day.&lt;/p&gt;\r\n			&lt;/td&gt;\r\n		&lt;/tr&gt;\r\n		&lt;tr&gt;\r\n			&lt;td&gt;\r\n				&lt;h2&gt;\r\n					International Shipping&lt;/h2&gt;\r\n				&lt;p&gt;\r\n					If your delivery address is not within the United Kingdom, you may be subject to import duties and taxes, which are levied once a shipment reaches your country. Any such additional charges for customs clearance must be borne by you. You should note that customs policies vary widely from country to country; thepapillonshop.com advises each customer to contact their local customs office for further information.&lt;br /&gt;\r\n					&lt;br /&gt;\r\n					You should be aware that cross-border shipments are subject to opening and inspection by customs authorities.&lt;/p&gt;\r\n			&lt;/td&gt;\r\n		&lt;/tr&gt;\r\n		&lt;tr&gt;\r\n			&lt;td&gt;\r\n				&lt;h2&gt;\r\n					Enforcement of Terms and Conditions&lt;/h2&gt;\r\n				&lt;p&gt;\r\n					By accessing and using thepapillonshop.com website you agree that your access to and use of thepapillonshop.com website is subject to these terms and condition, as well as all applicable laws, as governed by and constructed in accordance with English Law. The parties to any such contract agree to submit to the exclusive jurisdiction of the courts of England and Wales.&lt;/p&gt;\r\n			&lt;/td&gt;\r\n		&lt;/tr&gt;\r\n		&lt;tr&gt;\r\n			&lt;td&gt;\r\n				&lt;h2&gt;\r\n					Returns&lt;/h2&gt;\r\n				&lt;p&gt;\r\n					In the unlikely event that you are not satisfied with your purchase please return the item to us for a full refund or exchange within 7 days.&lt;br /&gt;\r\n					&lt;br /&gt;\r\n					We Refund or Exchange to the original payment method on any item that is returned in a resalable condition.&lt;br /&gt;\r\n					&lt;br /&gt;\r\n					If your item is faulty or damaged then please contact us immediately via email at hello@thepapillonshop.com.&lt;br /&gt;\r\n					&lt;br /&gt;\r\n					The cost of returning an item to us is your responsibility we will only refund the cost of delivery if it was our mistake or if the goods are damaged.&lt;br /&gt;\r\n					&lt;br /&gt;\r\n					A returns note is included in all deliveries please complete the form in full and return with your item.&lt;br /&gt;\r\n					&lt;br /&gt;\r\n					Refunds and exchanges can take up to 10 days to process from date of receipt, the returning item is your responsibility until it reaches us, we are not liable for lost items in transit.&lt;br /&gt;\r\n					&lt;br /&gt;\r\n					Please note that Returns policy for instore purchases is not the same as our online policy.&lt;/p&gt;\r\n			&lt;/td&gt;\r\n		&lt;/tr&gt;\r\n	&lt;/tbody&gt;\r\n&lt;/table&gt;\r\n&lt;p&gt;\r\n	&amp;nbsp;&lt;/p&gt;\r\n'),(36,1,'Secure Shopping','&lt;h2&gt;\r\n	Why you can feel secure shopping with us&lt;/h2&gt;\r\n&lt;p&gt;\r\n	When you shop with us, our secure server encrypts all of your personal information, including name, address and credit card information. We use SagePay which are an industry leader in secure internet transactions. SagePay are used by thousands of other UK businesses for transaction security.&lt;/p&gt;\r\n&lt;h2&gt;\r\n	Industry leading transaction security&lt;/h2&gt;\r\n&lt;p&gt;\r\n	All transaction information passed between our website and the SagePay Payment System is encrypted using 128-bit SSL certificates. No cardholder information is ever passed unencrypted and all messages from SagePay are signed using MD5 hashing to prevent tampering. You can be completely secure in the knowledge that nothing passed to SagePay can be examined, used or modified by any third parties attempting to gain access to sensitive information.&lt;/p&gt;\r\n&lt;h2&gt;\r\n	Internationally recognised encryption and data storage&lt;/h2&gt;\r\n&lt;p&gt;\r\n	Once on the SagePay system, all sensitive data is secured using the same internationally recognised 256-bit encryption standards used by, among others, the US Government. The encryption keys are held on state-of-the-art, tamper proof systems in the same family as those used to secure VeriSign\'s Global Root certificate, making them all but impossible to extract. The data they hold is extremely secure and they are regularly audited by the banks and banking authorities to ensure it remains so.&lt;/p&gt;\r\n&lt;h2&gt;\r\n	Private network links to banks&lt;/h2&gt;\r\n&lt;p&gt;\r\n	SagePay has multiple private links into the banking network that are completely separate from the Internet and which do not cross any publicly accessible networks. Any cardholder information sent to the banks and any authorisation message coming back is secure and cannot be tampered with.&lt;/p&gt;\r\n&lt;h2&gt;\r\n	Employee access&lt;/h2&gt;\r\n&lt;p&gt;\r\n	No individuals within our company or SagePay are able to decrypt transaction information or cardholder data. Their systems only allow access to our most senior staff and only in extenuating circumstances (such as investigations of Card Fraud by the Police). Your card information is secure even from their own employees because the systems never display the full card numbers, even on administration screens.&lt;/p&gt;\r\n'),(9,1,'Location','&lt;table align=&quot;top&quot; height=&quot;308&quot; width=&quot;100%&quot;&gt;\r\n	&lt;tbody&gt;\r\n		&lt;tr&gt;\r\n			&lt;td width=&quot;35%&quot;&gt;\r\n				&lt;div class=&quot;content clear-block&quot;&gt;\r\n					&lt;h1&gt;\r\n						Location&lt;/h1&gt;\r\n					&lt;p&gt;\r\n						Cadenhead\'s Whisky Shop &amp;amp; Tasting Room&lt;br /&gt;\r\n						26 Chiltern Street&lt;br /&gt;\r\n						London W1U 7QF&lt;/p&gt;\r\n					&lt;p&gt;\r\n						We will be happy to deal with any enquiries.&lt;br /&gt;\r\n						OPENING HOURS&lt;br /&gt;\r\n						Monday To Friday 10.30am-6.30pm&lt;br /&gt;\r\n						Saturday 10.30am-6.00pm&lt;/p&gt;\r\n				&lt;/div&gt;\r\n				&lt;p&gt;\r\n					&lt;iframe frameborder=&quot;0&quot; height=&quot;350&quot; marginheight=&quot;0&quot; marginwidth=&quot;0&quot; scrolling=&quot;no&quot; src=&quot;http://maps.google.co.uk/maps?f=q&amp;amp;hl=en&amp;amp;geocode=&amp;amp;q=26+Chiltern+Street,+London+W1U+7QF&amp;amp;sll=51.520627,-0.154624&amp;amp;sspn=0.012043,0.027595&amp;amp;g=26+Chiltern+Street,+London+W1U+7QF&amp;amp;ie=UTF8&amp;amp;s=AARTsJqAg_aH-uUznEuDMWawdaCQPECPBQ&amp;amp;ll=51.526421,-0.150375&amp;amp;spn=0.01869,0.036478&amp;amp;z=14&amp;amp;iwloc=addr&amp;amp;output=embed&quot; width=&quot;425&quot;&gt;&lt;/iframe&gt;&lt;br /&gt;\r\n					&lt;small&gt;&lt;a href=&quot;http://maps.google.co.uk/maps?f=q&amp;amp;hl=en&amp;amp;geocode=&amp;amp;q=26+Chiltern+Street,+London+W1U+7QF&amp;amp;sll=51.520627,-0.154624&amp;amp;sspn=0.012043,0.027595&amp;amp;g=26+Chiltern+Street,+London+W1U+7QF&amp;amp;ie=UTF8&amp;amp;ll=51.526421,-0.150375&amp;amp;spn=0.01869,0.036478&amp;amp;z=14&amp;amp;iwloc=addr&amp;amp;source=embed&quot; style=&quot;color:#0000FF;text-align:left&quot;&gt;View Larger Map&lt;/a&gt;&lt;/small&gt;&lt;/p&gt;\r\n			&lt;/td&gt;\r\n			&lt;td valign=&quot;top&quot; width=&quot;45%&quot;&gt;\r\n				&lt;img alt=&quot;&quot; src=&quot;http://boundless-cart.local/image/data/cadenheads/Location_cadenheads.png&quot; style=&quot;width: 382px; height: 240px;&quot; /&gt;&lt;/td&gt;\r\n		&lt;/tr&gt;\r\n	&lt;/tbody&gt;\r\n&lt;/table&gt;\r\n&lt;p&gt;\r\n	&amp;nbsp;&lt;/p&gt;\r\n'),(7,1,'Whisky Tasting','&lt;table align=&quot;top&quot; height=&quot;308&quot; width=&quot;100%&quot;&gt;\r\n	&lt;tbody&gt;\r\n		&lt;tr&gt;\r\n			&lt;td width=&quot;70%&quot;&gt;\r\n				&lt;div class=&quot;content clear-block&quot;&gt;\r\n					&lt;div class=&quot;image-attach-body&quot; style=&quot;width: 300px&quot;&gt;\r\n						&lt;h1&gt;\r\n							Whisky Tasting&lt;/h1&gt;\r\n					&lt;/div&gt;\r\n					&lt;p&gt;\r\n						&lt;strong&gt;Trip Around Scotland&lt;/strong&gt;&lt;br /&gt;\r\n						At our &lt;a href=&quot;http://whisky.local/index.php?route=information/information&amp;amp;information_id=9&quot;&gt;London Tasting Room&lt;/a&gt;, we hold regular Whisky Tastings,&lt;/p&gt;\r\n					&lt;p&gt;\r\n						each tasting is limited to 12 people and demand is usually high.&lt;/p&gt;\r\n					&lt;div class=&quot;image-attach-body&quot; style=&quot;width: 300px&quot;&gt;\r\n						&amp;nbsp;&lt;/div&gt;\r\n					&lt;p&gt;\r\n						&lt;strong&gt;All of our Whisky tastings feature:&lt;/strong&gt;&lt;/p&gt;\r\n					&lt;ul&gt;\r\n						&lt;li&gt;\r\n							Six whiskies from across the regions of Scotland&lt;/li&gt;\r\n						&lt;li&gt;\r\n							Different types of cask maturation&lt;/li&gt;\r\n						&lt;li&gt;\r\n							A brief history of whisky and how it is made&lt;/li&gt;\r\n						&lt;li&gt;\r\n							Information on each distillery included in the tasting&lt;/li&gt;\r\n						&lt;li&gt;\r\n							&lt;a href=&quot;http://www.whiskytastingroom.com/canapes-0&quot;&gt;Canapes&lt;/a&gt;&lt;/li&gt;\r\n					&lt;/ul&gt;\r\n					&lt;p&gt;\r\n						All in the intimate and informal setting of our dedicated Tasting Room.&lt;br /&gt;\r\n						The cost per person is £28.50&lt;/p&gt;\r\n					&lt;p&gt;\r\n						You can &lt;a href=&quot;http://whisky.local/index.php?route=information/event/events&amp;amp;event_id=2&quot;&gt;view our calendar&lt;/a&gt; if you would like to to find out when we are holding tastings or &lt;a href=&quot;http://whisky.local/index.php?route=information/contact&quot;&gt;contact us&lt;/a&gt; for further information.&lt;/p&gt;\r\n					&lt;p&gt;\r\n						&lt;strong&gt;Whisky Tasting Experience&lt;/strong&gt;&lt;br /&gt;\r\n						&lt;em&gt;A &lt;a href=&quot;http://whisky.local/index.php?route=information/information&amp;amp;information_id=25&quot;&gt;Whisky Tasting Experience&lt;/a&gt; can be arranged for groups between 1 to 5 people, please &lt;a href=&quot;http://whisky.local/index.php?route=information/contact&quot;&gt;contact us&lt;/a&gt; for further information or to book. &lt;strong&gt;Whisky Tasting Experiences&lt;/strong&gt; can be booked from Monday to Saturday, the first appointment at 11:00 and the last at 17:00&lt;/em&gt;&lt;br /&gt;\r\n						The cost per person is £18.50&lt;/p&gt;\r\n					&lt;p&gt;\r\n						&lt;strong&gt;Private Group Tastings&lt;/strong&gt;&lt;br /&gt;\r\n						&lt;em&gt;&lt;a href=&quot;http://whisky.local/index.php?route=information/information&amp;amp;information_id=26&quot;&gt;Private Group Tastings&lt;/a&gt; can be arranged on Tuesdays, Wednesdays, Thursdays and Saturdays for groups of 6 to 15 people, please &lt;a href=&quot;http://whisky.local/index.php?route=information/contact&quot;&gt;contact us&lt;/a&gt; for further information or to book.&lt;/em&gt;&lt;/p&gt;\r\n					&lt;p&gt;\r\n						&lt;strong&gt;Off Site Whisky Tasting&lt;/strong&gt;&lt;br /&gt;\r\n						&lt;em&gt;If you have a larger group then 15 people we can also arrange for tastings at other locations. For instance, local restaurants like &lt;a href=&quot;http://www.hardys-w1.com/index.php&quot;&gt;Hardy\'s&lt;/a&gt; can accommodate larger groups. Please &lt;a href=&quot;http://whisky.local/index.php?route=information/contact&quot;&gt;contact us&lt;/a&gt; for further information or to book.&lt;/em&gt;&lt;/p&gt;\r\n					&lt;p&gt;\r\n						&lt;strong&gt;Stay Informed&lt;/strong&gt;&lt;br /&gt;\r\n						&lt;em&gt;&lt;a href=&quot;http://whisky.local/index.php?route=information/contact&quot;&gt;Contact us&lt;/a&gt; if you would like us to keep you informed of Whisky Tastings as we arrange them and we will add you to our mailing list.&lt;/em&gt;&lt;/p&gt;\r\n				&lt;/div&gt;\r\n			&lt;/td&gt;\r\n			&lt;td valign=&quot;top&quot; width=&quot;30%&quot;&gt;\r\n				&lt;img alt=&quot;&quot; src=&quot;http://boundless-cart.local/image/data/cadenheads/whisky tasting_cadenheads.png&quot; style=&quot;width: 246px; height: 575px;&quot; /&gt;&lt;/td&gt;\r\n		&lt;/tr&gt;\r\n	&lt;/tbody&gt;\r\n&lt;/table&gt;\r\n'),(48,1,'Product Care','&lt;div class=&quot;text-info&quot; id=&quot;right&quot;&gt;\r\n	&lt;div class=&quot;copy&quot;&gt;\r\n		&lt;p&gt;\r\n			&amp;nbsp;&lt;/p&gt;\r\n		&lt;p&gt;\r\n			Our waterproof socks and gloves use patented technology, ensuring the ultimate in waterproof and breathable protection for the feet and hands.&lt;/p&gt;\r\n		&lt;p&gt;\r\n			Great in the cold and wet, the waterproof technology keeps you warm and dry. Even when it’s warm, sweat is pulled away from the body and leaves through the highly breathable membrane.&lt;/p&gt;\r\n		&lt;p&gt;\r\n			As a result SealSkinz products ensure your feet, hands and head always remain totally dry. They also reduce the chance of blisters on your feet as the three-layer technology helps to prevent your foot being rubbed against your shoe.&lt;/p&gt;\r\n		&lt;p&gt;\r\n			SealSkinz exceptional technology uses a unique seamless three layer construction – an outer, a waterproof, highly breathable membrane and an inner lining.&lt;/p&gt;\r\n		&lt;div class=&quot;info-technology&quot;&gt;\r\n			&lt;h3&gt;\r\n				How They Work&lt;/h3&gt;\r\n			&lt;div class=&quot;how-they-work first&quot;&gt;\r\n				&lt;h3&gt;\r\n					Inner Layer&lt;/h3&gt;\r\n				&lt;p&gt;\r\n					The inner lining has been specially developed to actively wick moisture away from the skin to increase comfort and warmth and reduce the chance of blisters. It is made from either Coolmax or Merino wool.&lt;/p&gt;\r\n			&lt;/div&gt;\r\n			&lt;div class=&quot;how-they-work middle&quot;&gt;\r\n				&lt;h3&gt;\r\n					Middle Layer&lt;/h3&gt;\r\n				&lt;p&gt;\r\n					The waterproof breathable membrane is inserted using patented technology and allows perspiration, as water vapour to escape whilst preventing water coming in. The membrane typically has a breathability of greater than 65% WVP, making the socks and gloves completely waterproof, highly breathable and windproof.&lt;/p&gt;\r\n			&lt;/div&gt;\r\n			&lt;div class=&quot;how-they-work last&quot;&gt;\r\n				&lt;h3&gt;\r\n					Outer Layer&lt;/h3&gt;\r\n				&lt;p&gt;\r\n					The outer layer is designed for extra durability and abrasion resistance with stretch to fit properties. It is tough and durable designed to stand up to all weather conditions.&lt;/p&gt;\r\n			&lt;/div&gt;\r\n		&lt;/div&gt;\r\n		&lt;img src=&quot;http://www.sealskinz.com/includes/templates/sealskinz/images/technology/technologies-how-they-work.jpg&quot; /&gt; &lt;a name=&quot;product-care&quot;&gt;&lt;/a&gt;\r\n		&lt;h2 style=&quot;color:#000;font-size:20px;padding-left:20px;&quot;&gt;\r\n			Product Care Instructions&lt;/h2&gt;\r\n		&lt;p&gt;\r\n			SealSkinz products can be machine washed up to 40&lt;sup&gt;o&lt;/sup&gt;C and some can be tumble dried. It is advised that you do not iron or dry out on a radiator or other direct heat source.&lt;/p&gt;\r\n		&lt;img src=&quot;http://www.sealskinz.com/includes/templates/sealskinz/images/technology/technologies-care-instructions.gif&quot; /&gt;\r\n		&lt;p&gt;\r\n			These specific instructions relate to our socks, Ultra Grip and Ultra Tough gloves. For all other products please refer to their individual wash care labels.&lt;/p&gt;\r\n	&lt;/div&gt;\r\n&lt;/div&gt;\r\n'),(49,1,'Testimonials','&lt;p&gt;\r\n	&amp;nbsp;&amp;nbsp;&lt;/p&gt;\r\n'),(50,1,'UK Stockist','&lt;p&gt;\r\n	&amp;nbsp;&amp;nbsp;&lt;/p&gt;\r\n'),(51,1,'International','&lt;div class=&quot;text-info&quot; id=&quot;right&quot;&gt;\r\n	&lt;div class=&quot;international&quot; id=&quot;pageDetail&quot;&gt;\r\n		&lt;div class=&quot;international&quot; id=&quot;pageDetail&quot;&gt;\r\n			&lt;div class=&quot;iRow international&quot;&gt;\r\n				&lt;div class=&quot;iBlock&quot;&gt;\r\n					&lt;p&gt;\r\n						&lt;b class=&quot;country&quot;&gt;Australia&lt;/b&gt; &lt;b class=&quot;company&quot;&gt;Sea to Summit&lt;/b&gt; 6-8 Brown Street&lt;br /&gt;\r\n						East Perth&lt;br /&gt;\r\n						Western Australia 6004&lt;br /&gt;\r\n						&lt;br /&gt;\r\n						Phone: +61 8 9221 6617&lt;br /&gt;\r\n						Fax: +61 8 9221 6618&lt;br /&gt;\r\n						&lt;br /&gt;\r\n						&lt;a alt=&quot;Opens in a new window&quot; href=&quot;http://www.seatosummit.com.au/brands.php&quot; target=&quot;_blank&quot;&gt;Website&lt;/a&gt; | &lt;a href=&quot;mailto:enquiries@seatosummit.com.au&quot;&gt;Email&lt;/a&gt;&lt;/p&gt;\r\n				&lt;/div&gt;\r\n				&lt;div class=&quot;iBlock&quot;&gt;\r\n					&lt;p&gt;\r\n						&lt;b class=&quot;country&quot;&gt;Belgium, Netherlands, Luxembourg&lt;/b&gt; &lt;b class=&quot;company&quot;&gt;Wolvenberg n.v.&lt;/b&gt; Heiveldekens 9&lt;br /&gt;\r\n						2550 Kontich&lt;br /&gt;\r\n						Belgium&lt;br /&gt;\r\n						&lt;br /&gt;\r\n						Phone: +32 (0)3 458 71 71&lt;br /&gt;\r\n						Fax: +32 (0)3 458 71 72&lt;br /&gt;\r\n						&lt;br /&gt;\r\n						&lt;a alt=&quot;Opens in a new window&quot; href=&quot;http://www.wolvenberg.be/?id=6&amp;amp;merk=3&quot; target=&quot;_blank&quot;&gt;Website&lt;/a&gt; | &lt;a href=&quot;mailto:SG@wolvenberg.be&quot;&gt;Email&lt;/a&gt;&lt;/p&gt;\r\n				&lt;/div&gt;\r\n				&lt;div class=&quot;iBlock last&quot;&gt;\r\n					&lt;p&gt;\r\n						&lt;b class=&quot;country&quot;&gt;Czech Republic &lt;/b&gt;&lt;b class=&quot;company&quot;&gt;Carosello s.r.o.&lt;/b&gt; 28. íjna 770/6&lt;br /&gt;\r\n						70200 Ostrava&lt;br /&gt;\r\n						Czech Republic&lt;br /&gt;\r\n						&lt;br /&gt;\r\n						tel. +420 596 745 693&lt;br /&gt;\r\n						fax +420 596 745 692&lt;br /&gt;\r\n						&lt;br /&gt;\r\n						&lt;a alt=&quot;Opens in a new window&quot; href=&quot;http://www.maxcursor.cz/&quot; target=&quot;_blank&quot;&gt;Website&lt;/a&gt; | &lt;a href=&quot;mailto:pavla@maxcursor.cz&quot;&gt;Email&lt;/a&gt;&lt;/p&gt;\r\n				&lt;/div&gt;\r\n			&lt;/div&gt;\r\n			&lt;div class=&quot;iRow international&quot;&gt;\r\n				&lt;div class=&quot;iBlock&quot;&gt;\r\n					&lt;p&gt;\r\n						&lt;b class=&quot;country&quot;&gt;Denmark &amp;amp; Greenland&lt;/b&gt; &lt;b class=&quot;company&quot;&gt;ERKI ApS&lt;/b&gt; Svanekevej 10&lt;br /&gt;\r\n						7400 Herning&lt;br /&gt;\r\n						Denmark&lt;br /&gt;\r\n						&lt;br /&gt;\r\n						Phone: +45 972 24111&lt;br /&gt;\r\n						Cell: +45 609 50195&lt;br /&gt;\r\n						&lt;br /&gt;\r\n						&lt;a alt=&quot;Opens in a new window&quot; href=&quot;http://www.erki.dk/&quot; target=&quot;_blank&quot;&gt;Website&lt;/a&gt; | &lt;a href=&quot;mailto:mailto:mail@erki.dk&quot;&gt;Email&lt;/a&gt;&lt;/p&gt;\r\n				&lt;/div&gt;\r\n				&lt;div class=&quot;iBlock&quot;&gt;\r\n					&lt;p&gt;\r\n						&lt;b class=&quot;country&quot;&gt;Germany &amp;amp; Austria&lt;/b&gt; &lt;b class=&quot;company&quot;&gt;GW Sport-Brands GmbH&lt;/b&gt; Hohmannstraße 10&lt;br /&gt;\r\n						97421 Schweinfurt&lt;br /&gt;\r\n						Germany&lt;br /&gt;\r\n						&lt;br /&gt;\r\n						Fon: +49 (0)9721 793 3091&lt;br /&gt;\r\n						Fax: +49 (0)9721 738 6132&lt;br /&gt;\r\n						&lt;br /&gt;\r\n						&lt;a alt=&quot;Opens in a new window&quot; href=&quot;http://www.gwsportbrands.de/&quot; target=&quot;_blank&quot;&gt;Website&lt;/a&gt; | &lt;a href=&quot;mailto:sealskinz@gwsportbrands.de&quot;&gt;Email&lt;/a&gt;&lt;/p&gt;\r\n				&lt;/div&gt;\r\n				&lt;div class=&quot;iBlock last&quot;&gt;\r\n					&lt;p&gt;\r\n						&lt;b class=&quot;country&quot;&gt;France &lt;/b&gt;&lt;b class=&quot;company&quot;&gt;ESM&lt;/b&gt; PA Alpespace&lt;br /&gt;\r\n						66 Voie Jean Mermoz&lt;br /&gt;\r\n						73800 Francin&lt;br /&gt;\r\n						&lt;br /&gt;\r\n						Phone: +33 479 84 36 83&lt;br /&gt;\r\n						Fax: +33 479 84 36 81&lt;br /&gt;\r\n						&lt;br /&gt;\r\n						&lt;a alt=&quot;Opens in a new window&quot; href=&quot;http://www.esm-sport.com/cyclisme_velo_html/sealskinz_vetements_impermeables/sealskinz_index.php&quot; target=&quot;_blank&quot;&gt;Website&lt;/a&gt; | &lt;a href=&quot;mailto:logistique@esm-sport.com&quot;&gt;Email&lt;/a&gt;&lt;/p&gt;\r\n				&lt;/div&gt;\r\n			&lt;/div&gt;\r\n			&lt;div class=&quot;iRow international&quot;&gt;\r\n				&lt;div class=&quot;iBlock&quot;&gt;\r\n					&lt;p&gt;\r\n						&lt;b class=&quot;country&quot;&gt;Italy&lt;/b&gt; &lt;b class=&quot;company&quot;&gt;Montebianco Sport &lt;/b&gt;Localita Chateau 22&lt;br /&gt;\r\n						11015&lt;br /&gt;\r\n						La Salle (AO)&lt;br /&gt;\r\n						Italy&lt;br /&gt;\r\n						&lt;br /&gt;\r\n						Phone:. +39 335 1416 454&lt;br /&gt;\r\n						Fax: +39 0165 861 935&lt;br /&gt;\r\n						&lt;br /&gt;\r\n						&lt;a href=&quot;mailto:acitati@citati.net&quot;&gt;Email&lt;/a&gt; &lt;a alt=&quot;Opens in a new window&quot; href=&quot;http://www.montebiancosport.it/&quot;&gt;Website&lt;/a&gt;&lt;/p&gt;\r\n				&lt;/div&gt;\r\n				&lt;div class=&quot;iBlock&quot;&gt;\r\n&lt;p&gt;\r\n					&lt;b class=&quot;country&quot;&gt;Latvia, Estonia, Lithuania&lt;/b&gt; &lt;b class=&quot;company&quot;&gt;VESSPO LTD&lt;/b&gt; Brivibas str. 155&lt;br /&gt;\r\n					Riga, LV-1012&lt;br /&gt;\r\n					Latvia&lt;br /&gt;\r\n					&lt;br /&gt;\r\n					Phone: +371 67360330&lt;br /&gt;\r\n					Fax: +371 67378427&lt;br /&gt;\r\n					&lt;br /&gt;\r\n					&lt;a alt=&quot;Opens in a new window&quot; href=&quot;http://www.celotajs.com/&quot; target=&quot;_blank&quot;&gt;Website&lt;/a&gt; | &lt;a href=&quot;mailto:vesspo@vesspo.lv&quot;&gt;Email&lt;/a&gt;&lt;/p&gt;&lt;/div&gt;\r\n			&lt;/div&gt;\r\n			&lt;div class=&quot;iRow international&quot;&gt;\r\n				&lt;div class=&quot;iBlock&quot;&gt;\r\n					&lt;p&gt;\r\n						&lt;b class=&quot;country&quot;&gt;Norway &lt;/b&gt;&lt;b class=&quot;company&quot;&gt;Jemco A.S.&lt;/b&gt; Fagertunveien 33 1357 Bekkestua&lt;br /&gt;\r\n						Norway&lt;br /&gt;\r\n						&lt;br /&gt;\r\n						Phone: + 47 6711 8690&lt;br /&gt;\r\n						Fax: +47 6711 8699&lt;br /&gt;\r\n						&lt;br /&gt;\r\n						&lt;a alt=&quot;Opens in a new window&quot; href=&quot;http://www.jemco.no/&quot; target=&quot;_blank&quot;&gt;Website&lt;/a&gt; | &lt;a href=&quot;mailto:ellen@jemco.no&quot;&gt;Email&lt;/a&gt;&lt;/p&gt;\r\n				&lt;/div&gt;\r\n				&lt;div class=&quot;iBlock&quot;&gt;\r\n					&lt;p&gt;\r\n						&lt;b class=&quot;country&quot;&gt;Portugal&lt;/b&gt; &lt;b class=&quot;company&quot;&gt;Lenamotos Lda.&lt;/b&gt; Rua da Ponte Nova&lt;br /&gt;\r\n						Batalha 2440 046&lt;br /&gt;\r\n						Portugal&lt;br /&gt;\r\n						&lt;br /&gt;\r\n						Phone: +351 244 767 471&lt;br /&gt;\r\n						Fax: +351 244 767 310&lt;br /&gt;\r\n						&lt;br /&gt;\r\n						&lt;a alt=&quot;Opens in a new window&quot; href=&quot;http://www.sealskinz.com.pt/&quot; target=&quot;_blank&quot;&gt;Website&lt;/a&gt; | &lt;a href=&quot;mailto:lenamotos@iol.pt&quot;&gt;Email&lt;/a&gt;&lt;/p&gt;\r\n				&lt;/div&gt;\r\n				&lt;div class=&quot;iBlock last&quot;&gt;\r\n					&lt;p&gt;\r\n						&lt;b class=&quot;country&quot;&gt;Spain &lt;/b&gt;&lt;b class=&quot;company&quot;&gt;O.B Terskei S.L&lt;/b&gt; Laguna De Marquesado 30l&lt;br /&gt;\r\n						28021 Madrid&lt;br /&gt;\r\n						Spain&lt;br /&gt;\r\n						&lt;br /&gt;\r\n						Phone: +34 918 284 023&lt;br /&gt;\r\n						Fax: +34 913 179 638&lt;br /&gt;\r\n						&lt;br /&gt;\r\n						&lt;a alt=&quot;Opens in a new window&quot; href=&quot;http://www.terskei.com/products.php?nIDProveedor=1&quot; target=&quot;_blank&quot;&gt;Website&lt;/a&gt; | &lt;a href=&quot;mailto:oscar@terskei.com&quot;&gt;Email&lt;/a&gt;&lt;/p&gt;\r\n				&lt;/div&gt;\r\n			&lt;/div&gt;\r\n			&lt;div class=&quot;iRow international&quot;&gt;\r\n				&lt;div class=&quot;iBlock&quot;&gt;\r\n					&lt;p&gt;\r\n						&lt;b class=&quot;country&quot;&gt;Sweden&lt;/b&gt; &lt;b class=&quot;company&quot;&gt;NORDIC TRADE DG AB &lt;/b&gt;Salvagen 2&lt;br /&gt;\r\n						S-780 67 Salen&lt;br /&gt;\r\n						Sweden&lt;br /&gt;\r\n						&lt;br /&gt;\r\n						Phone: +46 (0) 920 228700&lt;br /&gt;\r\n						Fax: +46 (0)920 254528&lt;br /&gt;\r\n						&lt;br /&gt;\r\n						&lt;a alt=&quot;Opens in a new window&quot; href=&quot;http://www.nordictrade.se/index.php/produkter/sealskinz&quot; target=&quot;_blank&quot;&gt;Website&lt;/a&gt; | &lt;a href=&quot;mailto:fredrik.heikki@nordictrade.se&quot;&gt;Email&lt;/a&gt;&lt;/p&gt;\r\n				&lt;/div&gt;\r\n				&lt;div class=&quot;iBlock&quot;&gt;\r\n					&lt;p&gt;\r\n						&lt;b class=&quot;country&quot;&gt;South Africa&lt;/b&gt; &lt;b class=&quot;company&quot;&gt;MIS Distributors&lt;/b&gt; 65 Albert Luthuli Street&lt;br /&gt;\r\n						Stanger&lt;br /&gt;\r\n						Kwazulu 4450&lt;br /&gt;\r\n						South Africa&lt;br /&gt;\r\n						&lt;br /&gt;\r\n						Phone: +27 834 884 088&lt;br /&gt;\r\n						&lt;br /&gt;\r\n						&lt;a alt=&quot;Opens in a new window&quot; href=&quot;http://www.sealskinz.co.za/&quot; target=&quot;_blank&quot;&gt;Website&lt;/a&gt; | &lt;a href=&quot;mailto:azhar@cellabouttown.co.za&quot;&gt;Email&lt;/a&gt;&lt;/p&gt;\r\n				&lt;/div&gt;\r\n				&lt;div class=&quot;iBlock last&quot;&gt;\r\n					&lt;p&gt;\r\n						&lt;b class=&quot;country&quot;&gt;Malta&lt;/b&gt; &lt;b class=&quot;company&quot;&gt;Surplus &amp;amp; Adventure&lt;/b&gt; Main Street&lt;br /&gt;\r\n						Mosta&lt;br /&gt;\r\n						MST 1010&lt;br /&gt;\r\n						Malta&lt;br /&gt;\r\n						&lt;br /&gt;\r\n						Phone: 00356 21420454&lt;br /&gt;\r\n						&lt;br /&gt;\r\n						&lt;a alt=&quot;Opens in a new window&quot; href=&quot;http://www.surplusadventure.com/surplus/page.aspx?pid=1&quot; target=&quot;_blank&quot;&gt;Website&lt;/a&gt; | &lt;a href=&quot;http://www.sealskinz.com/mancon/info@surplusadventure.com&quot;&gt;Email&lt;/a&gt;&lt;/p&gt;\r\n				&lt;/div&gt;\r\n			&lt;/div&gt;\r\n			&lt;div class=&quot;iRow international&quot;&gt;\r\n				&lt;div class=&quot;iBlock&quot;&gt;\r\n					&lt;p&gt;\r\n						&lt;b class=&quot;country&quot;&gt;Singapore, Indonesia, Malaysia, Philippines&lt;/b&gt; &lt;b class=&quot;company&quot;&gt;YellowStone Sdn Bhd&lt;/b&gt; No.16 (Ground Flr), Jalan Telawi,&lt;br /&gt;\r\n						59100 Bangsar Baru,&lt;br /&gt;\r\n						KL, Malaysia.&lt;br /&gt;\r\n						&lt;br /&gt;\r\n						Tel: 03-2287 1118&lt;br /&gt;\r\n						Fax: 03-2287 1119&lt;br /&gt;\r\n						&lt;br /&gt;\r\n						&lt;a alt=&quot;Opens in a new window&quot; href=&quot;http://www.lafuma.com.my/index.html&quot; target=&quot;_blank&quot;&gt;Website&lt;/a&gt; | &lt;a href=&quot;mailto:hocksoonng@yahoo.com&quot;&gt;Email&lt;/a&gt;&lt;/p&gt;\r\n				&lt;/div&gt;\r\n				&lt;div class=&quot;iBlock&quot;&gt;\r\n					&lt;p&gt;\r\n						&lt;b class=&quot;country&quot;&gt;Slovenia&lt;/b&gt; &lt;b class=&quot;company&quot;&gt;Agencija BM, d.o.o.&lt;/b&gt; Triban 6&lt;br /&gt;\r\n						6000 Koper - Capodistria&lt;br /&gt;\r\n						Slovenia&lt;br /&gt;\r\n						&lt;br /&gt;\r\n						&lt;br /&gt;\r\n						Tel. 0386 5 6398 946&lt;br /&gt;\r\n						Fax. 0386 5 6398 982&lt;br /&gt;\r\n						&lt;br /&gt;\r\n						&lt;a alt=&quot;Opens in a new window&quot; href=&quot;http://www.sportus.si/&quot; target=&quot;_blank&quot;&gt;Website&lt;/a&gt; | &lt;a href=&quot;mailto:info@sportus.si&quot;&gt;Email&lt;/a&gt;&lt;/p&gt;\r\n				&lt;/div&gt;\r\n				&lt;div class=&quot;iBlock last&quot;&gt;\r\n					&lt;p&gt;\r\n						&lt;b class=&quot;country&quot;&gt;Turkey&lt;/b&gt; &lt;b class=&quot;company&quot;&gt;Jasmine Sports&lt;/b&gt; Defterdar Mah&lt;br /&gt;\r\n						Otakcilar Cad No. 54&lt;br /&gt;\r\n						Istanbul, 34050&lt;br /&gt;\r\n						Turkey&lt;br /&gt;\r\n						&lt;br /&gt;\r\n						Tel. 90 212 57656 22&lt;br /&gt;\r\n						Fax. 90 212 5671991&lt;br /&gt;\r\n						&lt;br /&gt;\r\n						&lt;a alt=&quot;Opens in a new window&quot; href=&quot;http://www.yasminsports.com/&quot; target=&quot;_blank&quot;&gt;Website&lt;/a&gt; | &lt;a href=&quot;mailto:izzet@yasminsports.com&quot;&gt;Email&lt;/a&gt;&lt;/p&gt;\r\n				&lt;/div&gt;\r\n			&lt;/div&gt;\r\n			&lt;div class=&quot;iRow international&quot;&gt;\r\n				&lt;div class=&quot;iBlock&quot;&gt;\r\n					&lt;p&gt;\r\n						&lt;b class=&quot;country&quot;&gt;Iceland &lt;/b&gt;&lt;b class=&quot;company&quot;&gt;Jon bondi ehf &lt;/b&gt;Rettahalsi 2&lt;br /&gt;\r\n						110 Reykjavik&lt;br /&gt;\r\n						Iceland&lt;br /&gt;\r\n						&lt;br /&gt;\r\n						&lt;br /&gt;\r\n						Phone: +35 4571 3300&lt;br /&gt;\r\n						Mobile: +354 823 3300&lt;br /&gt;\r\n						&lt;br /&gt;\r\n						&lt;a alt=&quot;Opens in a new window&quot; href=&quot;http://www.jonbondi.is/&quot; target=&quot;_blank&quot;&gt;Website&lt;/a&gt; |&lt;a href=&quot;mailto:jonbondi@jonbondi.is&quot;&gt;Email&lt;/a&gt;&lt;/p&gt;\r\n				&lt;/div&gt;\r\n				&lt;div class=&quot;iBlock&quot;&gt;\r\n					&lt;p&gt;\r\n						&lt;b class=&quot;country&quot;&gt;Korea&lt;/b&gt; &lt;b class=&quot;company&quot;&gt;BNJ Korea&lt;/b&gt; Yongkang-dong 494-21 2 Fl.,&lt;br /&gt;\r\n						Mapo-ku,&lt;br /&gt;\r\n						Seoul&lt;br /&gt;\r\n						Korea&lt;br /&gt;\r\n						&lt;br /&gt;\r\n						Tel: 00822-534-1378&lt;br /&gt;\r\n						Fax: 00822-3476-1378&lt;br /&gt;\r\n						&lt;br /&gt;\r\n						&lt;a alt=&quot;Opens in a new window&quot; href=&quot;http://www.bnjkorea.com/shoplist.php?catnum=002000000&quot; target=&quot;_blank&quot;&gt;Website&lt;/a&gt; | &lt;a href=&quot;mailto:yimcom@hotmail.com&quot;&gt;Email&lt;/a&gt;&lt;/p&gt;\r\n				&lt;/div&gt;\r\n				&lt;div class=&quot;iBlock last&quot;&gt;\r\n					&lt;p&gt;\r\n						&lt;b class=&quot;country&quot;&gt;Romania&lt;/b&gt; &lt;b class=&quot;company&quot;&gt;S.C Rucksack&lt;/b&gt; Brasov&lt;br /&gt;\r\n						str. 15 Noiembrie nr. 84&lt;br /&gt;\r\n						Romania&lt;br /&gt;\r\n						&lt;br /&gt;\r\n						&lt;br /&gt;\r\n						Tel. +40752 348 250&lt;br /&gt;\r\n						Fax. +43 36 81 41 64&lt;br /&gt;\r\n						&lt;br /&gt;\r\n						&lt;a alt=&quot;Opens in a new window&quot; href=&quot;http://magazin.rucksack.ro/index.php?search_string_0=Wild&amp;amp;search_string_1=Country&amp;amp;searchstring=seal+skinz&amp;amp;x=10&amp;amp;y=4&quot; target=&quot;_blank&quot;&gt;Website&lt;/a&gt; | &lt;a href=&quot;mailto:magazin@rucksack.ro&quot;&gt;Email&lt;/a&gt;&lt;/p&gt;\r\n				&lt;/div&gt;\r\n			&lt;/div&gt;\r\n			&lt;div class=&quot;iRow international&quot;&gt;\r\n				&lt;div class=&quot;iBlock&quot;&gt;\r\n					&lt;p&gt;\r\n						&lt;b class=&quot;country&quot;&gt;Poland &lt;/b&gt;&lt;b class=&quot;company&quot;&gt;Sotima SC&lt;/b&gt; 45-593 Opole&lt;br /&gt;\r\n						UL. Wschodnia 4&lt;br /&gt;\r\n						Poland&lt;br /&gt;\r\n						&lt;br /&gt;\r\n						Tel. +77 45 81 696&lt;br /&gt;\r\n						Fax. +77 45 81 696&lt;br /&gt;\r\n						&lt;br /&gt;\r\n						&lt;a alt=&quot;Opens in a new window&quot; href=&quot;http://www.sotima.pl/web.n4?go=27&quot; target=&quot;_blank&quot;&gt;Website&lt;/a&gt; | &lt;a href=&quot;mailto:sotima@sotima.pl&quot;&gt;Email&lt;/a&gt;&lt;/p&gt;\r\n				&lt;/div&gt;\r\n				&lt;div class=&quot;iBlock&quot;&gt;\r\n					&lt;p&gt;\r\n						&lt;b class=&quot;country&quot;&gt;Hungary&lt;/b&gt; &lt;b class=&quot;company&quot;&gt;Evobike&lt;/b&gt; Csepel Öntöde u. 1&lt;br /&gt;\r\n						HU-1211 Budapest&lt;br /&gt;\r\n						Hungary&lt;br /&gt;\r\n						&lt;br /&gt;\r\n						Tel: +36 1 2769255&lt;br /&gt;\r\n						&lt;br /&gt;\r\n						&lt;a alt=&quot;Opens in a new window&quot; href=&quot;http://evobike.hu/termekek/marka[]/31/nev/Seal-Skinz&quot; target=&quot;_blank&quot;&gt;Website&lt;/a&gt; | &lt;a href=&quot;mailto:info@evobike.hu&quot;&gt;Email&lt;/a&gt;&lt;/p&gt;\r\n				&lt;/div&gt;\r\n				&lt;div class=&quot;iBlock last&quot;&gt;\r\n					&lt;p&gt;\r\n						&lt;b class=&quot;country&quot;&gt;Finland&lt;/b&gt; &lt;b class=&quot;company&quot;&gt;Sailclean OY&lt;/b&gt; Solbackantie 17&lt;br /&gt;\r\n						Vantaa&lt;br /&gt;\r\n						Fl-01760&lt;br /&gt;\r\n						Finland&lt;br /&gt;\r\n						&lt;br /&gt;\r\n						Tel. +358 400 706827&lt;br /&gt;\r\n						&lt;br /&gt;\r\n						&lt;a href=&quot;http://www.sailclean.fi/&quot; target=&quot;_blank&quot;&gt;Website&lt;/a&gt;&lt;/p&gt;\r\n				&lt;/div&gt;\r\n			&lt;/div&gt;\r\n			&lt;div class=&quot;iRow international&quot;&gt;\r\n				&lt;div class=&quot;iBlock&quot;&gt;\r\n					&lt;p&gt;\r\n						&lt;b class=&quot;country&quot;&gt;Switzerland&lt;/b&gt; &lt;b class=&quot;company&quot;&gt;F. Blumer &amp;amp; Cie. AG&lt;/b&gt; Windeggstr 16&lt;br /&gt;\r\n						8867 Niederurnen GL&lt;br /&gt;\r\n						Switzerland&lt;br /&gt;\r\n						&lt;br /&gt;\r\n						Fon: (0041) 055 644 11 17&lt;br /&gt;\r\n						Fax: (0041) 055 644 30 40&lt;br /&gt;\r\n						&lt;br /&gt;\r\n						&lt;a alt=&quot;Opens in a new window&quot; href=&quot;http://www.blumer-f.ch/&quot; target=&quot;_blank&quot;&gt;Website&lt;/a&gt; | &lt;a href=&quot;mailto:office@blumer-f.ch&quot;&gt;Email&lt;/a&gt;&lt;/p&gt;\r\n				&lt;/div&gt;\r\n			&lt;/div&gt;\r\n		&lt;/div&gt;\r\n	&lt;/div&gt;\r\n&lt;/div&gt;\r\n&lt;p&gt;\r\n	&amp;nbsp;&lt;/p&gt;\r\n'),(57,1,'Our Tecnhology','&lt;div class=&quot;info-title&quot;&gt;\r\n	&lt;h1&gt;\r\n		What makes SealSkinz unique?&lt;/h1&gt;\r\n&lt;/div&gt;\r\n&lt;div id=&quot;left&quot; style=&quot;min-height: 674px&quot;&gt;\r\n	&lt;div class=&quot;waterproof&quot;&gt;\r\n		&lt;img alt=&quot;Waterproof&quot; src=&quot;catalog/view/theme/sealskinz/image/information/waterproof.png&quot; /&gt;\r\n		&lt;p&gt;\r\n			WATERPROOF&lt;/p&gt;\r\n	&lt;/div&gt;\r\n	&lt;div class=&quot;breathable&quot;&gt;\r\n		&lt;img alt=&quot;Waterproof&quot; src=&quot;catalog/view/theme/sealskinz/image/information/breathable.png&quot; /&gt;\r\n		&lt;p&gt;\r\n			BREATHABLE&lt;/p&gt;\r\n	&lt;/div&gt;\r\n&lt;/div&gt;\r\n&lt;div class=&quot;text-info&quot; id=&quot;right&quot;&gt;\r\n	&lt;h3&gt;\r\n		They are totally waterproof and breathable.&lt;/h3&gt;\r\n	&lt;p&gt;\r\n		We use 3 layer patented technology in our knitted socks and gioves to create seamless and close fitting products that really are waterproof as well as breathable.&lt;/p&gt;\r\n	&lt;span&gt;1. &lt;/span&gt; &lt;span id=&quot;examples&quot;&gt; A tough durable outher fabric.&lt;/span&gt;&lt;br /&gt;\r\n	&lt;span&gt;2. &lt;/span&gt; &lt;span id=&quot;examples&quot;&gt; A waterproof yet breathable membrane.&lt;/span&gt;&lt;br /&gt;\r\n	&lt;span&gt;3. &lt;/span&gt; &lt;span id=&quot;examples&quot;&gt;Merino wool inner liners which have built-in moisture management (high-wicking and anti-microbial) which actively draws sweat and moisture away from the skin.&lt;/span&gt;&lt;br /&gt;\r\n	&lt;br /&gt;\r\n	&lt;p&gt;\r\n		The 3 layer technology also keeps the layer together thus preventing rubbing - so combined with keeping feet dry we can prevent the conditions that cause blisters.&lt;/p&gt;\r\n	&lt;h3&gt;\r\n		They can even keep you warm or cool!&lt;/h3&gt;\r\n	&lt;img alt=&quot;Rating&quot; src=&quot;catalog/view/theme/sealskinz/image/information/rating-img.png&quot; /&gt;&lt;br /&gt;\r\n	&lt;br /&gt;\r\n	&lt;p&gt;\r\n		To help consumer product selection we developed a thermal rating system, on a scale of 1-5. Products marked 1 are lighter weight and/or thinner and suited to warmer conditions or more energetic activities such as running. A rating of 5 is heavier weight and/or thincker for the coldest, most extreme conditions and less energeti, static activities like fishing.&lt;/p&gt;\r\n&lt;/div&gt;\r\n'),(58,1,'Product Registration','&lt;div class=&quot;info-title&quot;&gt;\r\n	&lt;h1&gt;\r\n		Extend your guarantee by another year free&lt;/h1&gt;\r\n&lt;/div&gt;\r\n&lt;div class=&quot;text-info&quot; id=&quot;right&quot; style=&quot;min-height: 657px&quot;&gt;\r\n	&lt;h3&gt;\r\n		Register your product to extend your guarantee!&lt;/h3&gt;\r\n	&lt;p&gt;\r\n		Phasellus in enim rhoncus nunc lobortis sodales quis in felis. Aliquam erat volutpat. Each UK made SealSinz product is individually hand tested for leaks, which is why we are pretty confident in our product. So much so that unlike most other manufactures of waterproof accessories we will guarantee your product will be completely waterproof and fault free for at least 2 years, if used and cared for correctly&lt;/p&gt;\r\n	&lt;p&gt;\r\n		Here are a couple of examples of comon issues which we wouldn\'t cover:&lt;/p&gt;\r\n	&lt;p id=&quot;examples&quot;&gt;\r\n		1. Cutting your toe nails! - Not only is this a good look, it will stop the membrane in your socks being pierced by your talons. This is one of the commonest causes of socks losing their waterproofness.&lt;/p&gt;\r\n	&lt;p id=&quot;examples&quot;&gt;\r\n		2. Lack of care for your product according to the care instrutions they came with, (if you have lost them you can find them here Care Instructions)&lt;/p&gt;\r\n	&lt;p&gt;\r\n		To enact your garantee, just register your purchase using the form below. If you ever need to claim on it, simply ring us up quoting your name and the e-mail address you registered your product to and we will give you further instructions. You will need to register all your products individually if you have multiple items.&lt;/p&gt;\r\n	&lt;p&gt;\r\n		Thank you for registering you product with us we hope you love it and your time in the outdoors, whatever the weather.&lt;/p&gt;\r\n&lt;/div&gt;'),(56,1,'Our History','&lt;div class=&quot;info-title&quot;&gt;\r\n	&lt;h1&gt;\r\n		The History of Sealskinz&lt;/h1&gt;\r\n&lt;/div&gt;\r\n&lt;table&gt;\r\n	&lt;tbody&gt;\r\n		&lt;tr&gt;\r\n			&lt;td id=&quot;info-date&quot;&gt;\r\n				&lt;h2&gt;\r\n					1914&lt;/h2&gt;\r\n			&lt;/td&gt;\r\n			&lt;td id=&quot;info-desc&quot;&gt;\r\n				John Logie Baird ivents a waterproof sock to minimise trench foot for the troops in the Great War. He makes his fortune, retires to the Caribbean and invents TV.&lt;/td&gt;\r\n		&lt;/tr&gt;\r\n		&lt;tr&gt;\r\n			&lt;td id=&quot;info-date&quot;&gt;\r\n				&lt;h2&gt;\r\n					1988&lt;/h2&gt;\r\n			&lt;/td&gt;\r\n			&lt;td id=&quot;info-desc&quot;&gt;\r\n				The ORIGINAL close fitting, waterproof sock by Sealsinz... was created whilist watching TV about John Logie Baird!&lt;/td&gt;\r\n		&lt;/tr&gt;\r\n		&lt;tr&gt;\r\n			&lt;td id=&quot;info-date&quot;&gt;\r\n				&lt;h2&gt;\r\n					1999&lt;/h2&gt;\r\n			&lt;/td&gt;\r\n			&lt;td id=&quot;info-desc&quot;&gt;\r\n				Patent filed for unique production process, initially Porelle Drys and the range grows to three styles of sock. SealSkinz launched in the UK &amp;amp; Europe.&lt;/td&gt;\r\n		&lt;/tr&gt;\r\n		&lt;tr&gt;\r\n			&lt;td id=&quot;info-date&quot;&gt;\r\n				&lt;h2&gt;\r\n					2001&lt;/h2&gt;\r\n			&lt;/td&gt;\r\n			&lt;td id=&quot;info-desc&quot;&gt;\r\n				Waterproof, close fitting, knitted gloves are introduced.&lt;/td&gt;\r\n		&lt;/tr&gt;\r\n		&lt;tr&gt;\r\n			&lt;td id=&quot;info-date&quot;&gt;\r\n				&lt;h2&gt;\r\n					2002&lt;/h2&gt;\r\n			&lt;/td&gt;\r\n			&lt;td id=&quot;info-desc&quot;&gt;\r\n				We sell 10,000 pairs of socks and feel really pleased with ourselves.&lt;/td&gt;\r\n		&lt;/tr&gt;\r\n		&lt;tr&gt;\r\n			&lt;td id=&quot;info-date&quot;&gt;\r\n				&lt;h2&gt;\r\n					2004&lt;/h2&gt;\r\n			&lt;/td&gt;\r\n			&lt;td id=&quot;info-desc&quot;&gt;\r\n				We attend our first trade show and realise just how high we need to climb. We launch our first cut and sew gloves.&lt;/td&gt;\r\n		&lt;/tr&gt;\r\n		&lt;tr&gt;\r\n			&lt;td id=&quot;info-date&quot;&gt;\r\n				&lt;h2&gt;\r\n					2006&lt;/h2&gt;\r\n			&lt;/td&gt;\r\n			&lt;td id=&quot;info-desc&quot;&gt;\r\n				We now have products in over 100 store in the UK&lt;/td&gt;\r\n		&lt;/tr&gt;\r\n		&lt;tr&gt;\r\n			&lt;td id=&quot;info-date&quot;&gt;\r\n				&lt;h2&gt;\r\n					2007&lt;/h2&gt;\r\n			&lt;/td&gt;\r\n			&lt;td id=&quot;info-desc&quot;&gt;\r\n				After a management buyout, SealSkinz becomes a privately owned company with 28 staff and a lot of ambition.&lt;/td&gt;\r\n		&lt;/tr&gt;\r\n		&lt;tr&gt;\r\n			&lt;td id=&quot;info-date&quot;&gt;\r\n				&lt;h2&gt;\r\n					2008&lt;/h2&gt;\r\n			&lt;/td&gt;\r\n			&lt;td id=&quot;info-desc&quot;&gt;\r\n				We introduce additional waterproof gloves and hats into our range, so that it now numbers 22 different styles. We move to our new factory.&lt;/td&gt;\r\n		&lt;/tr&gt;\r\n		&lt;tr&gt;\r\n			&lt;td id=&quot;info-date&quot;&gt;\r\n				&lt;h2&gt;\r\n					2009&lt;/h2&gt;\r\n			&lt;/td&gt;\r\n			&lt;td id=&quot;info-desc&quot;&gt;\r\n				SealSkinz is now avalible in over 1,000 stores in the UK and we\'re developing international markets. We have 45 staff and sell over 150,000 pairs of socks in a year.&lt;br /&gt;\r\n				&lt;br /&gt;\r\n				Ben Fogle and James Cracknell use SealSkinz in their South Pole expedition training.&lt;br /&gt;\r\n				&lt;br /&gt;\r\n				We supply Volvo Telefonica for the Round the World Yachit Race and Colnago Pro-Cycling Team&lt;/td&gt;\r\n		&lt;/tr&gt;\r\n		&lt;tr&gt;\r\n			&lt;td id=&quot;info-date&quot;&gt;\r\n				&lt;h2&gt;\r\n					2010&lt;/h2&gt;\r\n			&lt;/td&gt;\r\n			&lt;td id=&quot;info-desc&quot;&gt;\r\n				We introduce premium performance gloves for Outdoor, Cycling and equestrian markets. Sealskinz goes from strength to strength and is available in all the major high street outdoor and cycle retai chains in the UK, as well as specialist independents. We get a contract with the British Army, distribute in over 25 countries and sales continue to blossom across Europe.&lt;br /&gt;\r\n				&lt;br /&gt;\r\n				&amp;nbsp;&lt;/td&gt;\r\n		&lt;/tr&gt;\r\n		&lt;tr&gt;\r\n			&lt;td id=&quot;info-date&quot;&gt;\r\n				&lt;h2&gt;\r\n					Today&lt;/h2&gt;\r\n			&lt;/td&gt;\r\n			&lt;td id=&quot;info-desc&quot;&gt;\r\n				&lt;p&gt;\r\n					&lt;br /&gt;\r\n					&amp;nbsp;&lt;/p&gt;\r\n				&lt;p&gt;\r\n					&lt;br /&gt;\r\n					&lt;br /&gt;\r\n					&amp;nbsp;&lt;/p&gt;\r\n			&lt;/td&gt;\r\n		&lt;/tr&gt;\r\n	&lt;/tbody&gt;\r\n&lt;/table&gt;\r\n'),(55,1,'Our Factory','&lt;div class=&quot;info-title&quot;&gt;\r\n	&lt;h1&gt;\r\n		SealSkinz - We put them to the test!&lt;/h1&gt;\r\n&lt;/div&gt;\r\n&lt;div class=&quot;text-info&quot; id=&quot;right&quot; style=&quot;min-height: 567px&quot;&gt;\r\n	&lt;h3 class=&quot;hfact&quot;&gt;\r\n		Lorem ipsus sit amet, consectetur adipishing elit. Nullam sagittis sa pien et nisi auctor iaculis eu id elit. Etiam vel est eu quam.&lt;/h3&gt;\r\n	&lt;p&gt;\r\n		Phasellus in enim rhoncus nunc lobortis sodales quis in felis. Aliquam erat volutpat. Curabitur id quam at lacus molestie venenatis. Vestibulum scelerisque consequat commodo. Donec a lorem lacus. Nam eget sapien quam, at sodales eros. Morbi neque nunc, posuere a viverra at dolor. Vestibulum convallis, augue semper fringilla placerat, purus, turpis ullamcorper neque, sit amet tincidunt dui sapien nec lectus. Duis felis turpis, iaculis vitae sagittis id, commodo eget felis. In sagittis adipiscing pretium. Nunc faucibus tempor ero, eu molestie risus ultricies vel.&lt;/p&gt;\r\n	&lt;p&gt;\r\n		Ut uget nisi sed augue ulticies rhoncus. Integer at risus at ante vehicula mollis. Suspendisse feugiat egestas tempor. Suspendisse eu sem non risus elementum venenatis at id augue. Pellentesque vehicula lobortis adipiscing. Suspendisse potenti. Maecenas sed neque nisi, id suscipit diam. Curabitur et urna sit amet arcu luctus blandit. Donec hendrerit, sapien vitae condimentum condimentum, mi liguia gravida libero, eget hendrerit mi ipsum vel mauris. Praesent ligula quam, vulpatate ac auctor at, tristique sed arcu. Vestibulum tempus tempor sem, eu fringilla nisi rhoncus ac. Vivamus malesuada quam ut magna laoreet fringilla onare lorem lacinia. Integer vehicula tempor nisi, ut tincidunt velit egestas eu.&lt;/p&gt;\r\n	&lt;p&gt;\r\n		Donec hendreirt, sapien vitae condimentum condimentum, mi ligula gravida libero, eget hendrerit mi ipsum vel mauris. Praesent ligula quam, vulputate ac auctor at, tristique sed arcu. Vestibulum tempus tempor sem, eu fringilla nisi rhoncus ac. Vivamus malesuada quam ut magna laoreet fringilla ornare lorem lacinia.&lt;/p&gt;\r\n&lt;/div&gt;\r\n'),(44,1,'Privacy Policy','&lt;div class=&quot;text-info&quot; id=&quot;right&quot;&gt;\r\n	&lt;h1&gt;\r\n		Privacy Policy&lt;/h1&gt;\r\n	&lt;h3&gt;\r\n		1. About SEALSKINZ and this Privacy Statement&lt;/h3&gt;\r\n	&lt;p&gt;\r\n		This Privacy Statement outlines how we collect personal information, how we maintain, use, disclose and secure that information and destroy information tha is no longer needed. It also provides some detail about your privacy right along with our general right and obligations and our statement in ralation to the personal information we keep on record.&lt;/p&gt;\r\n	&lt;p&gt;\r\n		The Website provides information about and details of SEALSKINZ products and services, some of which are available for purchase online. Users are required to register their personal details prior to purchasing good from the Website. Acceptance of the SEALSKINZ Terms and Conditions is a pre-requisite to use of the e-commerce componet of the Website.&lt;/p&gt;\r\n	&lt;h3&gt;\r\n		2. Personal Information help by SEALSKINZ&lt;/h3&gt;\r\n	&lt;p&gt;\r\n		Personal information is defined in the Privacy Act as information or an opinion (including information or opionion forming part of a database), whether true or not, and whether recorded in a material form or not, which identifies a person.&lt;/p&gt;\r\n	&lt;p&gt;\r\n		We only collect personal information that is necessary to assist us in providing our services. In most situations the information we collect about you is provided to us directly by you, for the purpose of purchasing SEALSKINZ products from the Website.&lt;/p&gt;\r\n	&lt;p&gt;\r\n		Generally, we keep a record of one or more of the following types of personal information about users of the Website:&lt;/p&gt;\r\n	&lt;p&gt;\r\n		(a) information that identifies them, such as their name, date of birth, address, telephone number, e-mail address, bank account or credit card details and any other information provided by them, as well as any information provided by them about third parties, such as a name and delivery address;&lt;/p&gt;\r\n	&lt;p&gt;\r\n		(b) account transaction information including credit, debits and account details for any purchases made via the Website;&lt;/p&gt;\r\n	&lt;p&gt;\r\n		(c) historical commetary regarding any conversations held between our users and SEALSKINZ.&lt;/p&gt;\r\n	&lt;p&gt;\r\n		All information collected is required and used for our business purposes only.&lt;/p&gt;\r\n	&lt;h3&gt;\r\n		3. Collection of Personal Information&lt;/h3&gt;\r\n	&lt;p&gt;\r\n		SEALSKINZ may collect personal information about you in a number of ways, including, but not limited to:&lt;/p&gt;\r\n	&lt;p&gt;\r\n		(a) directly from you, when you submit information online or provide information by phone or in documents.&lt;/p&gt;\r\n	&lt;p&gt;\r\n		(b) any other form of information submitted to us by you or any other person such as third parties who submit your name and address, as a point of contact and/or delivery address.&lt;/p&gt;\r\n	&lt;p&gt;\r\n		(c) via agents or service providers, via other websites or via lists from other sources both from other companies and from other public documents and via strategic partners.&lt;/p&gt;\r\n	&lt;h3&gt;\r\n		4. Use of Personal Information&lt;/h3&gt;\r\n	&lt;p&gt;\r\n		Unless you object, this information may be used to:&lt;/p&gt;\r\n	&lt;p&gt;\r\n		(a) contact you;&lt;/p&gt;\r\n	&lt;p&gt;\r\n		(b) deliver your purchase orders to you or the nominated delivery address;&lt;/p&gt;\r\n	&lt;p&gt;\r\n		(c) fulfil administrative functions associated with your purchase order, for example billing;&lt;/p&gt;\r\n	&lt;p&gt;\r\n		(d) carry out secondary purposes related to the primary purpose of carrying out our business functions, such as providing products purchased by you to you;&lt;/p&gt;\r\n	&lt;p&gt;\r\n		(e) effectively manage your accounts and carry on our business;&lt;/p&gt;\r\n	&lt;p&gt;\r\n		(f) assess, process and investigate queries and/or complaints made by you;&lt;/p&gt;\r\n	&lt;p&gt;\r\n		(g) update your records;&lt;/p&gt;\r\n	&lt;p&gt;\r\n		(h) send news, information about our activities and general promotional material which we believe may be useful to you;&lt;/p&gt;\r\n	&lt;p&gt;\r\n		(i) monitor who is accessing the Website or using services offered on the Website;&lt;/p&gt;\r\n	&lt;p&gt;\r\n		(j) profile the type of people accessing the Website.&lt;/p&gt;\r\n	&lt;p&gt;\r\n		If you do not wish to have your personal information used in this manner or for any other specific purpose you can e-mail us accordingly.&lt;/p&gt;\r\n	&lt;h3&gt;\r\n		5. Opt-Out&lt;/h3&gt;\r\n	&lt;p&gt;\r\n		We take reasonable steps to protect all personal information we collect or hold about our users from misuse and loss, and from unauthorised access, modification and disclosure to the best of our ability. We have physical, electronic and procedural safeguards to protect your information that is held by us, and this includes among other things, preventing users from accessing information they have no need to access, by employing industry standard techniques such as firewalls, virus scanning tools and encryption; by using secure networks when transmitting electronic data; by practising a ‘clean desk statement’; and by providing secure storage for physical records. Additionally, SEALSKINZ ® may elect not to store credit card or bank account details once the transaction has been processed. However, we cannot guarantee the security of transmission.&lt;/p&gt;\r\n	&lt;p&gt;\r\n		We utilise “cookies” which enable us to monitor traffic patterns and to serve you more efficiently if you revisit the site. A cookie does not identify you personally but it does identify your computer. You can set your browser to notify you when you receive a cookie and this will provide you with an opportunity to either accept or reject it in each instance.&lt;/p&gt;\r\n	&lt;p&gt;\r\n		We will not sell or otherwise provide your personal information to a third party, or make any other use of your personal information, for any purpose which is not incidental to your use of this Website. For the removal of doubt, personal information will not be used for any purpose, which a reasonable person in your position would not expect.&lt;/p&gt;\r\n	&lt;p&gt;\r\n		SEALSKINZ ® uses secure methods to destroy or de-identify any personal information as soon as the law permits, provided the information is no longer needed by us for any purpose.&lt;/p&gt;\r\n	&lt;h3&gt;\r\n		7. Rights to Disclose Personal Information&lt;/h3&gt;\r\n	&lt;p&gt;\r\n		We may need to disclose personal information to various organisations and/or parties (such as delivery service providers, information technology services providers, marketing service providers, market research agents, business partners and affiliate companies of SEALSKINZ ® from time to time to help us to provide and market our goods and services to you. In some instances, we may need to disclose personal information to organisations and/or parties in a foreign country where, for example, this disclosure or transfer of personal information is necessary to enable the performance of our services (such as customs departments and postal services).&lt;/p&gt;\r\n	&lt;p&gt;\r\n		Such disclosure will be only for purposes related to the primary purpose for which your personal information was collected, and will not be for any purpose that you would not reasonably expect.&lt;/p&gt;\r\n	&lt;p&gt;\r\n		For all other purposes, your consent is generally required prior to disclosure of personal information, however we may still use or disclose that information if:&lt;/p&gt;\r\n	&lt;p&gt;\r\n		(a) we subsequently notify you of the intended use or disclosure and you do not object to that use or disclosure;&lt;/p&gt;\r\n	&lt;p&gt;\r\n		(b) we believe that the use or disclosure is reasonably necessary to assist a law enforcement agency or an agency responsible for government or public security in the performance of their functions;&lt;/p&gt;\r\n	&lt;p&gt;\r\n		(c) we are required by law to disclose the information.&lt;/p&gt;\r\n	&lt;p&gt;\r\n		We will preserve the content of any e-mail you send us if we believe we have the legal requirement to do so.&lt;/p&gt;\r\n	&lt;p&gt;\r\n		Your e-mail message content may be monitored by us for trouble-shooting or maintenance purposes or if any form of e-mail abuse is suspected.&lt;/p&gt;\r\n	&lt;p&gt;\r\n		Personal information which we collect may be aggregated for analysis but in such circumstances we would ensure that individuals remain anonymous.&lt;/p&gt;\r\n	&lt;p&gt;\r\n		If you request us not to use personal information in a particular manner or at all, we will adopt all reasonable measures to observe your request.&lt;/p&gt;\r\n	&lt;h3&gt;\r\n		8. Correction of Information&lt;/h3&gt;\r\n	&lt;p&gt;\r\n		We take reasonable steps to ensure that all personal information we hold is accurate, complete and up to date. Users and other individuals should update and maintain their contact details within their online account, by logging into the Website using their personal login and password and accessing their account information.&lt;/p&gt;\r\n	&lt;h3&gt;\r\n		9. Access to Information&lt;/h3&gt;\r\n	&lt;p&gt;\r\n		Individuals are entitled to request access to any personal information relating to them that has previously been supplied to us over this Website. They are entitled to edit or delete such information unless we are required by law to retain it.&lt;/p&gt;\r\n	&lt;p&gt;\r\n		We will process requests within a reasonable time, usually 14 days for a straightforward request or 30 days if it is more complicated. More time may be needed, depending on the nature of the request. Appropriate identification of the individual concerned will be confirmed before access is provided.&lt;/p&gt;\r\n	&lt;p&gt;\r\n		There is no fee charged for requesting access to your personal information, however we may charge you for the reasonable cost of processing your request.&lt;/p&gt;\r\n	&lt;p&gt;\r\n		In certain circumstances, we are permitted by the Privacy Act to deny such requests for access, or to limit the access we provide. If we refuse or limit your access to your personal information, we will inform you of the reason why.&lt;/p&gt;\r\n	&lt;h3&gt;\r\n		10. Contacting us&lt;/h3&gt;\r\n	&lt;p&gt;\r\n		If you wish to comment on or query our Privacy Statement, contact us via the ‘contact form’ on the Website contact page or on the details below:&lt;/p&gt;\r\n	&lt;p&gt;\r\n		SealSkinz Limited&lt;br /&gt; 36 Oldmedow Road&lt;br /&gt; Hardwick Industrial Estate&lt;br /&gt; Kings Lynn&lt;br /&gt; Norfolk&lt;br /&gt; PE30 4PP&lt;br /&gt; info@sealskinz.com&lt;/p&gt;\r\n	&lt;h3&gt;\r\n		11. Changes to our Privacy Statement&lt;/h3&gt;\r\n	&lt;p&gt;\r\n		We may amend this Privacy Statement from time to time. Not all changes to our Privacy Statement will require the consent of our users, for example where office security procedures are changed. We will notify our users of any change to our information handling statement that requires your consent before implementing.&lt;/p&gt;\r\n	&lt;p&gt;\r\n		This Privacy Statement was last updated on 07/05/2009&lt;/p&gt;\r\n&lt;/div&gt;\r\n'),(47,1,'How it Works','&lt;div class=&quot;text-info&quot; id=&quot;right&quot;&gt;\r\n	&lt;div class=&quot;copy&quot;&gt;\r\n	&lt;p&gt;\r\n		&amp;nbsp;&lt;/p&gt;\r\n	&lt;p&gt;\r\n		Our waterproof socks and gloves use patented technology, ensuring the ultimate in waterproof and breathable protection for the feet and hands.&lt;/p&gt;\r\n	&lt;p&gt;\r\n		Great in the cold and wet, the waterproof technology keeps you warm and dry. Even when it’s warm, sweat is pulled away from the body and leaves through the highly breathable membrane.&lt;/p&gt;\r\n	&lt;p&gt;\r\n		As a result SealSkinz products ensure your feet, hands and head always remain totally dry. They also reduce the chance of blisters on your feet as the three-layer technology helps to prevent your foot being rubbed against your shoe.&lt;/p&gt;\r\n	&lt;p&gt;\r\n		SealSkinz exceptional technology uses a unique seamless three layer construction – an outer, a waterproof, highly breathable membrane and an inner lining.&lt;/p&gt;\r\n	&lt;div class=&quot;info-technology&quot;&gt;\r\n		&lt;h3&gt;\r\n			How They Work&lt;/h3&gt;\r\n		&lt;div class=&quot;how-they-work first&quot;&gt;\r\n			&lt;h3&gt;\r\n				Inner Layer&lt;/h3&gt;\r\n			&lt;p&gt;\r\n				The inner lining has been specially developed to actively wick moisture away from the skin to increase comfort and warmth and reduce the chance of blisters. It is made from either Coolmax or Merino wool.&lt;/p&gt;\r\n		&lt;/div&gt;\r\n		&lt;div class=&quot;how-they-work middle&quot;&gt;\r\n			&lt;h3&gt;\r\n				Middle Layer&lt;/h3&gt;\r\n			&lt;p&gt;\r\n				The waterproof breathable membrane is inserted using patented technology and allows perspiration, as water vapour to escape whilst preventing water coming in. The membrane typically has a breathability of greater than 65% WVP, making the socks and gloves completely waterproof, highly breathable and windproof.&lt;/p&gt;\r\n		&lt;/div&gt;\r\n		&lt;div class=&quot;how-they-work last&quot;&gt;\r\n			&lt;h3&gt;\r\n				Outer Layer&lt;/h3&gt;\r\n			&lt;p&gt;\r\n				The outer layer is designed for extra durability and abrasion resistance with stretch to fit properties. It is tough and durable designed to stand up to all weather conditions.&lt;/p&gt;\r\n		&lt;/div&gt;\r\n	&lt;/div&gt;\r\n	&lt;img src=&quot;http://www.sealskinz.com/includes/templates/sealskinz/images/technology/technologies-how-they-work.jpg&quot; /&gt; &lt;a name=&quot;product-care&quot;&gt;&lt;/a&gt;\r\n	&lt;h2 style=&quot;color:#000;font-size:20px;padding-left:20px;&quot;&gt;\r\n		Product Care Instructions&lt;/h2&gt;\r\n	&lt;p&gt;\r\n		SealSkinz products can be machine washed up to 40&lt;sup&gt;o&lt;/sup&gt;C and some can be tumble dried. It is advised that you do not iron or dry out on a radiator or other direct heat source.&lt;/p&gt;\r\n	&lt;img src=&quot;http://www.sealskinz.com/includes/templates/sealskinz/images/technology/technologies-care-instructions.gif&quot; /&gt;\r\n	&lt;p&gt;\r\n		These specific instructions relate to our socks, Ultra Grip and Ultra Tough gloves. For all other products please refer to their individual wash care labels.&lt;/p&gt;\r\n&lt;/div&gt;\r\n'),(37,1,'About Us','&lt;div class=&quot;text-info&quot; id=&quot;right&quot;&gt;\r\n&lt;p&gt;\r\n	SealSkinz is an independent company specialising in fully waterproof, windproof and breathable hand, foot and head accessories. We currently manufacture and sell a range of socks, gloves and hats for specialist and enthusiast Sports, Outdoor, Cycle, Marine, Country and Equestrian markets, alongside our Duty products for the Emergency Services, Military and Industrial Personnel and approved Wudhu socks.&lt;/p&gt;\r\n&lt;p&gt;\r\n	SealSkinz uses patented technology for the socks and knitted gloves, and we are committed to developing new and innovative products for current and existing markets. We are extremely proud to manufacture over 50% of all our product range by hand in the UK, with factory, warehouse and office facilities in Kings Lynn, Norfolk.&lt;/p&gt;\r\n&lt;p&gt;\r\n	We are totally driven by your feedback, and will always aim to listen to what you, our customer needs, whether it being changing the design or adding totally new products. Please feedback to us, we like to listen! This year we have added the Winter Handle Bar Mitten, Sporting Glove and Peaked Beanie as a direct result of your comments.&lt;/p&gt;\r\n&lt;p&gt;\r\n	We work alongside key people in all of our markets, from figures in the public eye, to people that use our products day in, day out and others that excel in their sports.&lt;/p&gt;\r\n&lt;p&gt;\r\n	We are a company who enjoys being outdoors and understands the demands of ever changing and unpredictable weather!&lt;/p&gt;\r\n&lt;/div&gt;'),(41,1,'Terms &amp; Conditions','&lt;div class=&quot;text-info&quot; id=&quot;right&quot;&gt;\r\n	&lt;p&gt;\r\n		&amp;nbsp;&lt;/p&gt;\r\n	&lt;p&gt;\r\n		This page (together with the documents referred to on it) tells you the terms and conditions on which we supply any of the products (Products) listed on our website http://www.sealskinz.com (our site) to you. Please read these terms and conditions carefully before ordering any Products from our site. You should understand that by ordering any of our Products, you agree to be bound by these terms and conditions.&lt;/p&gt;\r\n	&lt;p&gt;\r\n		You should print a copy of these terms and conditions for future reference.&lt;/p&gt;\r\n	&lt;h3&gt;\r\n		1 Information About Us&lt;/h3&gt;\r\n	&lt;p&gt;\r\n		1.1 http://www.sealskinz.com/ is a site operated by Sealskinz Limited (we). We are registered in England and Wales under company number 04925632 and with our registered office at 36 Oldmedow Road Hardwick Industrial Estate Kings Lynn Norfolk PE30 4PP. Our VAT number is 916 5884 87.&lt;/p&gt;\r\n	&lt;h3&gt;\r\n		2 Service Availability&lt;/h3&gt;\r\n	&lt;p&gt;\r\n		2.1 Our site is only intended for use by people resident in the UK. We do not accept orders from individuals outside of the UK&lt;/p&gt;\r\n	&lt;h3&gt;\r\n		3 Your Status&lt;/h3&gt;\r\n	&lt;p&gt;\r\n		3.1 By placing an order through our site, you warrant that:&lt;br /&gt;\r\n		3.1.1 You are legally capable of entering into binding contracts;&lt;br /&gt;\r\n		3.1.2 You are at least 18 years old;&lt;br /&gt;\r\n		3.1.3 You are resident in the UK.&lt;/p&gt;\r\n	&lt;h3&gt;\r\n		4 How The Contract Is Formed Between You And Us&lt;/h3&gt;\r\n	&lt;p&gt;\r\n		4.1 After placing an order, you will receive an e-mail from us acknowledging that we have received your order. Please note that this does not mean that your order has been accepted. Your order constitutes an offer to us to buy a Product. All orders are subject to acceptance by us, and we will confirm such acceptance to you by sending you an e-mail that confirms that the Product has been dispatched (the Dispatch Confirmation). The contract between us (Contract) will only be formed when we send you the Dispatch Confirmation.&lt;/p&gt;\r\n	&lt;p&gt;\r\n		4.2 The Contract will relate only to those Products whose dispatch we have confirmed in the Dispatch Confirmation. We will not be obliged to supply any other Products which may have been part of your order until the dispatch of such Products has been confirmed in a separate Dispatch Confirmation.&lt;/p&gt;\r\n	&lt;h3&gt;\r\n		5 Our Status&lt;/h3&gt;\r\n	&lt;p&gt;\r\n		5.1 We may provide links on our site to the websites of other companies, whether affiliated with us or not. We cannot give any undertaking that products you purchase from third party sellers through our site, or from companies to whose website we have provided a link on our site, will be of satisfactory quality, and any such warranties are DISCLAIMED by us absolutely. This DISCLAIMER does not affect your statutory rights against the third party seller. We will notify you when a third party is involved in a transaction, and we may disclose your customer information related to that transaction to the third party seller.&lt;/p&gt;\r\n	&lt;h3&gt;\r\n		6 Consumer Rights&lt;/h3&gt;\r\n	&lt;p&gt;\r\n		6.1 If you are contracting as a consumer, you may cancel a Contract at any time within seven working days, beginning on the day after you received the Products. In this case, you will receive a full refund of the price paid for the Products in accordance with our refunds policy (set out in clause 10 below).&lt;/p&gt;\r\n	&lt;p&gt;\r\n		6.2 To cancel a Contract, you must inform us in writing. You must also return the Product(s) to us immediately, in the same condition in which you received them, and at your own cost and risk. You have a legal obligation to take reasonable care of the Products while they are in your possession. If you fail to comply with this obligation, we may have a right of action against you for compensation.&lt;/p&gt;\r\n	&lt;p&gt;\r\n		6.3 Details of this statutory right, and an explanation of how to exercise it, are provided in the Dispatch Confirmation. This provision does not affect your statutory rights.&lt;/p&gt;\r\n	&lt;h3&gt;\r\n		7 Availability And Delivery&lt;/h3&gt;\r\n	&lt;p&gt;\r\n		7.1 Your order will be fulfilled by the delivery date set out in the Dispatch Confirmation or, if no delivery date is specified, then within 30 days of the date of the Dispatch Confirmation, unless there are exceptional circumstances.&lt;/p&gt;\r\n	&lt;h3&gt;\r\n		8 Risk And Title&lt;/h3&gt;\r\n	&lt;p&gt;\r\n		8.1 The Products will be at your risk from the time of delivery.&lt;/p&gt;\r\n	&lt;p&gt;\r\n		8.2 Ownership of the Products will only pass to you when we receive full payment of all sums due in respect of the Products, including any applicable delivery charges.&lt;/p&gt;\r\n	&lt;h3&gt;\r\n		9 Price And Payment&lt;/h3&gt;\r\n	&lt;p&gt;\r\n		9.1 The price of any Products will be as quoted on our site from time to time, except in cases of obvious error.&lt;/p&gt;\r\n	&lt;p&gt;\r\n		9.2 These prices include VAT but exclude any applicable delivery costs, which will be added to the total amount due (if applicable) as set out in our &lt;a href=&quot;http://www.sealskinz.com/delivery?phpMyAdmin=f719110dfeb0d163e4f29c24ce56b903&quot; title=&quot;delivery options&quot;&gt;Delivery Guide&lt;/a&gt;.&lt;/p&gt;\r\n	&lt;p&gt;\r\n		9.3 Prices are liable to change at any time, but changes will not affect orders in respect of which we have already sent you a Dispatch Confirmation.&lt;/p&gt;\r\n	&lt;p&gt;\r\n		9.4 Our site contains a large number of Products and it is always possible that, despite our best efforts, some of the Products listed on our site may be incorrectly priced. We will normally verify prices as part of our dispatch procedures so that, where a Product\'s correct price is less than our stated price, we will charge the lower amount when dispatching the Product to you. If a Product\'s correct price is higher than the price stated on our site, we will normally, at our discretion, either contact you for instructions before dispatching the Product, or reject your order and notify you of such rejection.&lt;/p&gt;\r\n	&lt;p&gt;\r\n		9.5 We are under no obligation to provide the Product to you at the incorrect (lower) price, even after we have sent you a Dispatch Confirmation, if the pricing error is obvious and unmistakeable and could have reasonably been recognised by you as a mis-pricing.&lt;/p&gt;\r\n	&lt;p&gt;\r\n		9.6 Payment for all Products must be by credit or debit card. We accept payment with MasterCard, Visa, Visa Electron, Maestro, Solo and JCB cards. If we charge your credit or debit card and subsequently cannot dispatch your order, we will refund the charge within two working days.&lt;/p&gt;\r\n	&lt;h3&gt;\r\n		10 Our Refunds Policy&lt;/h3&gt;\r\n	&lt;p&gt;\r\n		10.1 When you return a Product to us:&lt;br /&gt;\r\n		10.1.1 because you have cancelled the Contract between us within the seven-day cooling-off period (see clause 6.1 above), we will process the refund due to you as soon as possible and, in any case, within 30 days of the day you have given notice of your cancellation. In this case, we will refund the price of the Product in full, including the cost of sending the item to you. However, you will be responsible for the cost of returning the item to us.&lt;br /&gt;\r\n		10.1.2 for any other reason (for instance, because have notified us in accordance with paragraph 20 that you do not agree to any change in these terms and conditions or in any of our policies, or because you claim that the Product is defective), we will examine the returned Product and will notify you of your refund via e-mail within a reasonable period of time. We will usually process the refund due to you as soon as possible and, in any case, within 30 days of the day we confirmed to you via e-mail that you were entitled to a refund for the defective Product. Products returned by you because of a defect will be refunded in full, including a refund of the delivery charges for sending the item to you and the cost incurred by you in returning the item to us.&lt;br /&gt;\r\n		10.1.3 We will usually refund any money received from you using the same method originally used by you to pay for your purchase.&lt;/p&gt;\r\n	&lt;h3&gt;\r\n		11 Our Liability&lt;/h3&gt;\r\n	&lt;p&gt;\r\n		11.1 We warrant to you that any Product purchased from us through our site is of satisfactory quality and reasonably fit for all the purposes for which products of the kind are commonly supplied.&lt;/p&gt;\r\n	&lt;p&gt;\r\n		11.2 Our liability for losses you suffer as a result of us breaking this agreement including deliberate breaches is strictly limited to the purchase price of the Product you purchased and any losses which are a foreseeable consequence of us breaking the agreement. Losses are foreseeable where they could be contemplated by you and us at the time your order is accepted by us.&lt;/p&gt;\r\n	&lt;p&gt;\r\n		11.3 This does not include or limit in any way our liability:&lt;br /&gt;\r\n		11.3.1 For death or personal injury caused by our negligence;&lt;br /&gt;\r\n		11.3.2 Under section 2(3) of the Consumer Protection Act 1987;&lt;br /&gt;\r\n		11.3.3 For fraud or fraudulent misrepresentation; or&lt;br /&gt;\r\n		11.3.4 For any deliberate breaches of these Terms by us that would entitle you to terminate the contract between us.&lt;br /&gt;\r\n		11.3.5 For any matter for which it would be illegal for us to exclude, or attempt to exclude, our liability.&lt;/p&gt;\r\n	&lt;p&gt;\r\n		11.4 We are not responsible for indirect losses which happen as a side effect of the main loss or damage and which are not foreseeable by you and usand even if such losses result from a deliberate breach of these Terms by us that would entitle you to terminate the contract between us, including but not limited to:&lt;br /&gt;\r\n		11.4.1 loss of income or revenue;&lt;br /&gt;\r\n		11.4.2 loss of business;&lt;br /&gt;\r\n		11.4.3 loss of profits or contracts;&lt;br /&gt;\r\n		11.4.4 loss of anticipated savings;&lt;br /&gt;\r\n		11.4.5 loss of data; or&lt;br /&gt;\r\n		11.4.6 waste of management or office time however arising and whether caused by tort (including negligence), breach of contract or otherwise, even if foreseeable; provided that this clause 11.4 shall not prevent claims for loss of or damage to your tangible property that fall within the terms of clause 11.1 or clause 11.2 or any other claims for direct financial loss that are not excluded by any of categories 1 to 6 inclusive of this clause 11.4.&lt;/p&gt;\r\n	&lt;p&gt;\r\n		11.5 Where you buy any Product from a third party seller through our site, the seller\'s individual liability will be set out in the seller\'s terms and conditions.&lt;/p&gt;\r\n	&lt;h3&gt;\r\n		12 Written Communications&lt;/h3&gt;\r\n	&lt;p&gt;\r\n		12.1 Applicable laws require that some of the information or communications we send to you should be in writing. When using our site, you accept that communication with us will be mainly electronic. We will contact you by e-mail or provide you with information by posting notices on our website. For contractual purposes, you agree to this electronic means of communication and you acknowledge that all contracts, notices, information and other communications that we provide to you electronically comply with any legal requirement that such communications be in writing. This condition does not affect your statutory rights.&lt;/p&gt;\r\n	&lt;h3&gt;\r\n		13 Notices&lt;/h3&gt;\r\n	&lt;p&gt;\r\n		13.1 All notices given by you to us must be given to Sealskinz Limited at the registered office stated at clause 1.1 above. We may give notice to you at either the e-mail or postal address you provide to us when placing an order, or in any of the ways specified in clause 13 above. Notice will be deemed received and properly served immediately when posted on our website, 24 hours after an e-mail is sent, or three days after the date of posting of any letter. In proving the service of any notice, it will be sufficient to prove, in the case of a letter, that such letter was properly addressed, stamped and placed in the post and, in the case of an e-mail, that such e-mail was sent to the specified e-mail address of the addressee.&lt;/p&gt;\r\n	&lt;h3&gt;\r\n		14 Transfer Of Rights And Obligations&lt;/h3&gt;\r\n	&lt;p&gt;\r\n		14.1 The contract between you and us is binding on you and us and on our respective successors and assigns.&lt;/p&gt;\r\n	&lt;p&gt;\r\n		14.2 You may not transfer, assign, charge or otherwise dispose of a Contract, or any of your rights or obligations arising under it, without our prior written consent.&lt;/p&gt;\r\n	&lt;p&gt;\r\n		14.3 We may transfer, assign, charge, sub-contract or otherwise dispose of a Contract, or any of our rights or obligations arising under it, at any time during the term of the Contract.&lt;/p&gt;\r\n	&lt;h3&gt;\r\n		15 Events Outside Our Control&lt;/h3&gt;\r\n	&lt;p&gt;\r\n		15.1 We will not be liable or responsible for any failure to perform, or delay in performance of, any of our obligations under a Contract that is caused by events outside our reasonable control (Force Majeure Event).&lt;/p&gt;\r\n	&lt;p&gt;\r\n		15.2 A Force Majeure Event includes any act, event, non-happening, omission or accident beyond our reasonable control and includes in particular (without limitation) the following:&lt;br /&gt;\r\n		15.2.1 Strikes, lock-outs or other industrial action;&lt;br /&gt;\r\n		15.2.2 Civil commotion, riot, invasion, terrorist attack or threat of terrorist attack, war (whether declared or not) or threat or preparation for war;&lt;br /&gt;\r\n		15.2.3 Fire, explosion, storm, flood, earthquake, subsidence, epidemic or other natural disaster;&lt;br /&gt;\r\n		15.2.4 Impossibility of the use of railways, shipping, aircraft, motor transport or other means of public or private transport;&lt;br /&gt;\r\n		15.2.5 Impossibility of the use of public or private telecommunications networks;&lt;br /&gt;\r\n		15.2.6 The acts, decrees, legislation, regulations or restrictions of any government.&lt;/p&gt;\r\n	&lt;p&gt;\r\n		15.3 Our performance under any Contract is deemed to be suspended for the period that the Force Majeure Event continues, and we will have an extension of time for performance for the duration of that period. We will use our reasonable endeavours to bring the Force Majeure Event to a close or to find a solution by which our obligations under the Contract may be performed despite the Force Majeure Event.&lt;/p&gt;\r\n	&lt;h3&gt;\r\n		16 Waiver&lt;/h3&gt;\r\n	&lt;p&gt;\r\n		16.1 If we fail, at any time during the term of a Contract, to insist upon strict performance of any of your obligations under the Contract or any of these terms and conditions, or if we fail to exercise any of the rights or remedies to which we are entitled under the Contract, this shall not constitute a waiver of such rights or remedies and shall not relieve you from compliance with such obligations.&lt;/p&gt;\r\n	&lt;p&gt;\r\n		16.2 A waiver by us of any default shall not constitute a waiver of any subsequent default.&lt;/p&gt;\r\n	&lt;p&gt;\r\n		16.3 No waiver by us of any of these terms and conditions shall be effective unless it is expressly stated to be a waiver and is communicated to you in writing in accordance with clause 14 above.&lt;/p&gt;\r\n	&lt;h3&gt;\r\n		17 Severability&lt;/h3&gt;\r\n	&lt;p&gt;\r\n		17.1 If any of these terms and Conditions or any provisions of a Contract are determined by any competent authority to be invalid, unlawful or unenforceable to any extent, such term, condition or provision will to that extent be severed from the remaining terms, conditions and provisions which will continue to be valid to the fullest extent permitted by law.&lt;/p&gt;\r\n	&lt;h3&gt;\r\n		18 Entire Agreement&lt;/h3&gt;\r\n	&lt;p&gt;\r\n		18.1 These terms and conditions and any document expressly referred to in them represent the entire agreement between us in relation to the subject matter of any Contract and supersede any prior agreement, understanding or arrangement between us, whether oral or in writing.&lt;/p&gt;\r\n	&lt;p&gt;\r\n		18.2 We each acknowledge that, in entering into a Contract, neither of us has relied on any representation, undertaking or promise given by the other or be implied from anything said or written in negotiations between us prior to such Contract except as expressly stated in these terms and conditions.&lt;/p&gt;\r\n	&lt;p&gt;\r\n		18.3 Neither of us shall have any remedy in respect of any untrue statement made by the other, whether orally or in writing, prior to the date of any Contract (unless such untrue statement was made fraudulently) and the other party\'s only remedy shall be for breach of contract as provided in these terms and conditions.&lt;/p&gt;\r\n	&lt;h3&gt;\r\n		19 Our Right To Vary These Terms And Conditions&lt;/h3&gt;\r\n	&lt;p&gt;\r\n		19.1 We have the right to revise and amend these terms and conditions from time to time to reflect changes in market conditions affecting our business, changes in technology, changes in payment methods, changes in relevant laws and regulatory requirements and changes in our system\'s capabilities.&lt;/p&gt;\r\n	&lt;p&gt;\r\n		19.2 You will be subject to the policies and terms and conditions in force at the time that you order products from us, unless any change to those policies or these terms and conditions is required to be made by law or governmental authority (in which case it will apply to orders previously placed by you), or if we notify you of the change to those policies or these terms and conditions before we send you the Dispatch Confirmation (in which case we have the right to assume that you have accepted the change to the terms and conditions, unless you notify us to the contrary within seven working days of receipt by you of the Products).&lt;/p&gt;\r\n	&lt;h3&gt;\r\n		20 Law And Jurisdiction&lt;/h3&gt;\r\n	&lt;p&gt;\r\n		20.1 Contracts for the purchase of Products through our site and any dispute or claim arising out of or in connection with them or their subject matter or formation (including non-contractual disputes or claims) will be governed by English law. Any dispute or claim arising out of or in connection with such Contracts or their formation (including non-contractual disputes or claims) shall be subject to the exclusive jurisdiction of the English courts.&lt;/p&gt;\r\n	&lt;h3&gt;\r\n		21 Google Adwords Remarketing&lt;/h3&gt;\r\n	&lt;div&gt;\r\n		&lt;p&gt;\r\n			We use Google AdWords Remarketing to advertise SealSkinz across the Internet. AdWords remarketing will display relevant ads tailored to you based on what parts of the SealSkinz website you have viewed by placing a cookie on your machine. Google AdWords Remarketing allows us to tailor our marketing to better suit your needs and only display ads that are relevant to you. If you do not wish to participate in our Google AdWords Remarketing, you can opt out by visiting Google\'s Ads Preferences Manager&lt;/p&gt;\r\n	&lt;/div&gt;\r\n&lt;/div&gt;\r\n'),(42,1,'Delivery','&lt;div class=&quot;text-info&quot; id=&quot;right&quot;&gt;\r\n	&lt;h3&gt;\r\n		&lt;span&gt;&lt;font color=&quot;#cc0000&quot;&gt;Christmas Delivery and Returns&lt;/font&gt;&lt;/span&gt;&lt;/h3&gt;\r\n	&lt;p&gt;\r\n		The last posting date for Free delivery will be the 18th December &amp;nbsp;and for Next Day will be 20th December. Orders will be taken and dispatched after this date however we can not&amp;nbsp;guarantee&amp;nbsp;that your items will arrive in time for Christmas.&lt;/p&gt;\r\n	&lt;p&gt;\r\n		SealSkinz are happy to offer a refund or exchange until 25th January 2013 on any product purchased between 15th November 2012 and 24th December 2012 providing it is returned in perfect condition ( unwashed unworn and with its original packaging) together with the valid paperwork&lt;/p&gt;\r\n	&lt;h3&gt;\r\n		Delivery Cost and Timescales&lt;/h3&gt;\r\n	&lt;p&gt;\r\n		How quick is delivery and how much does it cost?&lt;/p&gt;\r\n	&lt;p&gt;\r\n		We will do all we can to despatch your order as quickly as possible, orders placed after 12noon will be processed during the next working day. Orders placed at the weekend or on a Public Holiday will be processed during the next working day.&lt;/p&gt;\r\n	&lt;p&gt;\r\n		&lt;strong&gt;Standard UK Delivery:&lt;/strong&gt;&amp;nbsp;&lt;span&gt;&amp;nbsp;&lt;/span&gt;&lt;b&gt;Cost&amp;nbsp;&lt;span&gt;&amp;nbsp;&lt;/span&gt;&lt;/b&gt;&lt;b&gt;Free of Charge&amp;nbsp;&lt;/b&gt;&lt;/p&gt;\r\n	&lt;p&gt;\r\n		Sent via the Royal Mail.&lt;b&gt;&amp;nbsp;&lt;span&gt;&amp;nbsp;&lt;/span&gt;&lt;/b&gt;&lt;/p&gt;\r\n	&lt;p&gt;\r\n		&lt;strong&gt;Standard International Delivery: £9.95&lt;/strong&gt;&lt;/p&gt;\r\n	&lt;p&gt;\r\n		Orders will be sent via Courier and will take up to 5 working days to arrive from the date of despatch. Despatch will be on the same working day if placed before midday UK time or the next working day if placed after that. Next day delivery is not available for non UK orders.&lt;/p&gt;\r\n	&lt;p&gt;\r\n		&lt;strong&gt;Next Day UK Delivery:&amp;nbsp;&lt;/strong&gt;&amp;nbsp;&lt;span&gt;&amp;nbsp;&lt;/span&gt;&lt;strong&gt;Cost &lt;span&gt;&amp;nbsp;&lt;/span&gt;£8.95&lt;/strong&gt;&amp;nbsp;&lt;span&gt;&amp;nbsp;&lt;/span&gt;&lt;/p&gt;\r\n	&lt;p&gt;\r\n		Orders must be placed by 12:00 noon to guarantee delivery on the next working day (working days are Monday - Friday).&lt;br /&gt;\r\n		Orders will be delivered anytime between 9:00am and 5:00pm and will require a&amp;nbsp;signature upon receipt&amp;nbsp;&lt;/p&gt;\r\n	&lt;p&gt;\r\n		&lt;span&gt;Please note we can not undertake a next day delivery to the following postcodes:&lt;/span&gt;&lt;/p&gt;\r\n	&lt;p&gt;\r\n		Scottish Highlands postcodes:&lt;/p&gt;\r\n	&lt;p&gt;\r\n		&amp;nbsp;FK17-99&lt;/p&gt;\r\n	&lt;p&gt;\r\n		G83&lt;/p&gt;\r\n	&lt;p&gt;\r\n		IV1-28&lt;/p&gt;\r\n	&lt;p&gt;\r\n		IV33-39&lt;/p&gt;\r\n	&lt;p&gt;\r\n		IV52-54&lt;/p&gt;\r\n	&lt;p&gt;\r\n		IV63&lt;/p&gt;\r\n	&lt;p&gt;\r\n		KW1-14&lt;/p&gt;\r\n	&lt;p&gt;\r\n		PA21-33&lt;/p&gt;\r\n	&lt;p&gt;\r\n		PA34-40&lt;/p&gt;\r\n	&lt;p&gt;\r\n		PH18-26&lt;/p&gt;\r\n	&lt;p&gt;\r\n		PH30&lt;/p&gt;\r\n	&lt;p&gt;\r\n		PH31-41&lt;/p&gt;\r\n	&lt;p&gt;\r\n		PH49-50&lt;/p&gt;\r\n	&lt;p&gt;\r\n		&amp;nbsp;&lt;/p&gt;\r\n	&lt;p&gt;\r\n		Scottish Islands postcodes:&lt;/p&gt;\r\n	&lt;p&gt;\r\n		&amp;nbsp;&lt;/p&gt;\r\n	&lt;p&gt;\r\n		HS1-9&lt;/p&gt;\r\n	&lt;p&gt;\r\n		IV40-51&lt;/p&gt;\r\n	&lt;p&gt;\r\n		IV55-56&lt;/p&gt;\r\n	&lt;p&gt;\r\n		KA27-28&lt;/p&gt;\r\n	&lt;p&gt;\r\n		KW15-17&lt;/p&gt;\r\n	&lt;p&gt;\r\n		PA20&lt;/p&gt;\r\n	&lt;p&gt;\r\n		PA41-49&lt;/p&gt;\r\n	&lt;p&gt;\r\n		PA60-78&lt;/p&gt;\r\n	&lt;p&gt;\r\n		PH42-44&lt;/p&gt;\r\n	&lt;p&gt;\r\n		ZE1-3&lt;/p&gt;\r\n	&lt;p&gt;\r\n		&amp;nbsp;&lt;/p&gt;\r\n	&lt;p&gt;\r\n		Additional Scottish Postcodes&lt;/p&gt;\r\n	&lt;p&gt;\r\n		&amp;nbsp;&lt;/p&gt;\r\n	&lt;p&gt;\r\n		AB31&lt;/p&gt;\r\n	&lt;p&gt;\r\n		AB33-38&lt;/p&gt;\r\n	&lt;p&gt;\r\n		AB44-56&lt;/p&gt;\r\n	&lt;p&gt;\r\n		IV30-32&lt;/p&gt;\r\n&lt;/div&gt;\r\n'),(43,1,'Returns','&lt;div class=&quot;text-info&quot; id=&quot;right&quot;&gt;\r\n	&lt;h3&gt;\r\n		&lt;span&gt;&lt;font color=&quot;#ff0000&quot;&gt;Christmas Delivery and Returns&lt;/font&gt;&lt;/span&gt;&lt;/h3&gt;\r\n	&lt;p&gt;\r\n		The last posting date for Free delivery will be the 18th December &amp;nbsp;and for Next Day will be 20th December. Orders will be taken and dispatched after this date however we can not&amp;nbsp;guarantee&amp;nbsp;that your items will arrive in time for Christmas.&lt;/p&gt;\r\n	&lt;p&gt;\r\n		SealSkinz are happy to offer a refund or exchange until 25th January 2013 on any product purchased between 15th November 2012 and 24th December 2012 providing it is returned in perfect condition ( unwashed unworn and with its original packaging) together with the valid paperwork&lt;/p&gt;\r\n	&lt;h3&gt;\r\n		Our Returns Policy&lt;/h3&gt;\r\n	&lt;p&gt;\r\n		Products made using SealSkinz® patented technology are tested for waterproofness during manufacture. For this reason, in the unlikely event that there is a problem, we ask that all \'faulty\' products purchased from SealSkinz.com should be returned to us for testing prior to giving a refund/replacement. Products purchased from a retailer should be returned to the place of purchase.&lt;/p&gt;\r\n	&lt;p&gt;\r\n		All goods found to have a manufacturing fault will be replaced free of charge.&lt;/p&gt;\r\n	&lt;p&gt;\r\n		&lt;b&gt;Please send all returns to:&lt;/b&gt;&lt;br /&gt;\r\n		SealSkinz Returns&lt;br /&gt;\r\n		36 Oldmedow Road&lt;br /&gt;\r\n		Hardwick Industrial Estate&lt;br /&gt;\r\n		Kings Lynn&lt;br /&gt;\r\n		Norfolk&lt;br /&gt;\r\n		PE30 4PP&lt;/p&gt;\r\n	&lt;h3&gt;\r\n		Our Refund Policy&lt;/h3&gt;\r\n	&lt;p&gt;\r\n		You may cancel your order at any time and for any reason within 7 working days of delivery of the products ordered. (‘working’ days do not include Saturdays, Sundays and public holidays). Orders for certain products may not be cancelled - these include:&lt;br /&gt;\r\n		&lt;br /&gt;\r\n		(a) products that have been clearly personalised;&lt;br /&gt;\r\n		(b) products that are perishable; and&lt;br /&gt;\r\n		(c) products if they have been worn or used in any way.&lt;/p&gt;\r\n	&lt;p&gt;\r\n		If you wish to cancel your order you must notify us of your wish to cancel in writing and you must return the product(s) to us (at your expense) in their original wrapping, intact and accompanied by all accessories and documentation which were part of the delivery. We will refund any monies paid to us in respect of a cancelled order within 30 days of receiving your notice of cancellation.&lt;/p&gt;\r\n&lt;/div&gt;\r\n'),(38,1,'Socks','&lt;div class=&quot;text-info&quot; id=&quot;right&quot;&gt;\r\n	&lt;h3&gt;\r\n		SealSkinz Socks&lt;/h3&gt;\r\n	&lt;div class=&quot;copy&quot;&gt;\r\n		&lt;p&gt;\r\n			Waterproof, breathable and close fitting SealSkinz socks are the perfect choice for a host of outdoor pursuits. From a day out walking to mountain hiking and trekking, our totally unique patented technology keeps your feet dry no matter what the weather is doing.&lt;/p&gt;\r\n	&lt;/div&gt;\r\n	&lt;h3&gt;\r\n		Our Customers Say ...&lt;/h3&gt;\r\n	&lt;div class=&quot;copy&quot;&gt;\r\n		&lt;img alt=&quot;Helen Hodges Cox,Cambridge University Boat Club&quot; class=&quot;image&quot; src=&quot;http://www.sealskinz.com/images/testimonials/testimonial-helen-hodges-cox.png&quot; style=&quot;float:right;&quot; /&gt;\r\n		&lt;p&gt;\r\n			During winter training it\'s easy to get distracted by numb fingers and toes, SealSkinz are great for keeping hands and feet dry and warm so were free to concentrate on the test in hand - winning races&lt;/p&gt;\r\n		&lt;p&gt;\r\n			&lt;cite&gt;Helen Hodges Cox,&lt;br /&gt;\r\n			Cambridge University Boat Club&lt;/cite&gt;&lt;/p&gt;\r\n	&lt;/div&gt;\r\n	&lt;a href=&quot;http://www.sealskinz.com/testimonials/&quot; style=&quot;color:#777787;&quot;&gt;Read More Testimonials&lt;/a&gt;&lt;/div&gt;\r\n'),(40,1,'Gloves','&lt;div class=&quot;text-info&quot; id=&quot;right&quot;&gt;\r\n	&lt;h3&gt;\r\n		SealSkinz Gloves&lt;/h3&gt;\r\n	&lt;div class=&quot;copy&quot;&gt;\r\n		&lt;p&gt;\r\n			SealSkinz offer ranges of waterproof, breathable and close fitting gloves designed for either specific activities or for multi purpose everyday use in the great outdoors.&lt;/p&gt;\r\n	&lt;/div&gt;\r\n	&lt;h3&gt;\r\n		Our Customers Say ...&lt;/h3&gt;\r\n	&lt;div class=&quot;copy&quot;&gt;\r\n		&lt;img alt=&quot;Alexis Girardet,\'On thin Ice\' Camera man&quot; class=&quot;image&quot; src=&quot;http://www.sealskinz.com/images/testimonials/testimonial-alexis-girardet.png&quot; style=&quot;float:right;&quot; /&gt;\r\n		&lt;p&gt;\r\n			The kit kept our fingers and toes dry and warm in some very wet and slushy conditions. Our boots were often soaked, but our feet remained dry, essential for our future well being when we hit Antarctica where dry feet and hands will make the difference between serious injury or not.&lt;/p&gt;\r\n		&lt;p&gt;&lt;cite&gt;Alexis Girardet,&lt;br /&gt;\r\n		&lt;p&gt;\'On thin Ice\' Camera man&lt;/cite&gt;&lt;/p&gt;&lt;/div&gt;\r\n	&lt;a href=&quot;http://www.sealskinz.com/testimonials/&quot;&gt;Read More Testimonials&lt;/a&gt;&lt;/div&gt;\r\n'),(39,1,'Hats','&lt;div class=&quot;text-info&quot; id=&quot;right&quot;&gt;\r\n	&lt;h3&gt;\r\n		SealSkinz Hats&lt;/h3&gt;\r\n	&lt;div class=&quot;copy&quot;&gt;\r\n		&lt;p&gt;Our hats are a truly must have item, both functional and stylish they will protect your from the elements as they are all waterproof and breathable.&lt;/p&gt;&lt;/div&gt;\r\n	&lt;h3&gt;\r\n		Our Customers Say ...&lt;/h3&gt;\r\n	&lt;div class=&quot;copy&quot;&gt;\r\n		&lt;img alt=&quot;Richard Harpham,Big Kayak 5&quot; class=&quot;image&quot; src=&quot;http://www.sealskinz.com/images/testimonials/testimonial-richard-harpham.png&quot; style=&quot;float:right;&quot; /&gt;\r\n		&lt;p&gt;\r\n			Whilst on expedition from Vancouver to Alaska. We kayaked through a temperate rain forest where it rained solidly for 4 days so can endorse this kit and definitely the hats for all conditions, from wet conditions to the cold of Alaska.&lt;/p&gt;\r\n		&lt;p&gt;\r\n			&lt;cite&gt;Richard Harpham,&lt;br /&gt;\r\n			Big Kayak 5&lt;/cite&gt;&lt;/p&gt;\r\n	&lt;/div&gt;\r\n	&lt;p&gt;\r\n		&lt;a href=&quot;http://www.sealskinz.com/testimonials/&quot;&gt;Read More Testimonials&lt;/a&gt;&lt;/p&gt;\r\n&lt;/div&gt;\r\n'),(59,1,'Free UK Delivery','&lt;div class=&quot;text-info&quot; id=&quot;right&quot;&gt;\r\n	&lt;h3&gt;\r\n		Christmas Delivery and Returns&lt;/h3&gt;\r\n	&lt;p&gt;\r\n		The last posting date for Free delivery will be the 18th December &amp;nbsp;and for Next Day will be 20th December. Orders will be taken and dispatched after this date however we can not&amp;nbsp;guarantee&amp;nbsp;that your items will arrive in time for Christmas.&lt;/p&gt;\r\n	&lt;p&gt;\r\n		SealSkinz are happy to offer a refund or exchange until 25th January 2013 on any product purchased between 15th November 2012 and 24th December 2012 providing it is returned in perfect condition ( unwashed unworn and with its original packaging) together with the valid paperwork&lt;/p&gt;\r\n	&lt;h3&gt;\r\n		Delivery Cost and Timescales&lt;/h3&gt;\r\n	&lt;p&gt;\r\n		How quick is delivery and how much does it cost?&lt;/p&gt;\r\n	&lt;p&gt;\r\n		We will do all we can to despatch your order as quickly as possible, orders placed after 12noon will be processed during the next working day. Orders placed at the weekend or on a Public Holiday will be processed during the next working day.&lt;/p&gt;\r\n	&lt;p&gt;\r\n		&lt;strong&gt;Standard UK Delivery:&lt;/strong&gt;&amp;nbsp;&lt;span&gt;&amp;nbsp;&lt;/span&gt;&lt;b&gt;Cost&amp;nbsp;&lt;span&gt;&amp;nbsp;&lt;/span&gt;&lt;/b&gt;&lt;b&gt;Free of Charge&amp;nbsp;&lt;/b&gt;&lt;/p&gt;\r\n	&lt;p&gt;\r\n		Sent via the Royal Mail.&lt;b&gt;&amp;nbsp;&lt;span&gt;&amp;nbsp;&lt;/span&gt;&lt;/b&gt;&lt;/p&gt;\r\n	&lt;p&gt;\r\n		&lt;strong&gt;Standard International Delivery: £9.95&lt;/strong&gt;&lt;/p&gt;\r\n	&lt;p&gt;\r\n		Orders will be sent via Courier and will take up to 5 working days to arrive from the date of despatch. Despatch will be on the same working day if placed before midday UK time or the next working day if placed after that. Next day delivery is not available for non UK orders.&lt;/p&gt;\r\n	&lt;p&gt;\r\n		&lt;strong&gt;Next Day UK Delivery:&amp;nbsp;&lt;/strong&gt;&amp;nbsp;&lt;span&gt;&amp;nbsp;&lt;/span&gt;&lt;strong&gt;Cost &lt;span&gt;&amp;nbsp;&lt;/span&gt;£8.95&lt;/strong&gt;&amp;nbsp;&lt;span&gt;&amp;nbsp;&lt;/span&gt;&lt;/p&gt;\r\n	&lt;p&gt;\r\n		Orders must be placed by 12:00 noon to guarantee delivery on the next working day (working days are Monday - Friday).&lt;br /&gt;\r\n		Orders will be delivered anytime between 9:00am and 5:00pm and will require a&amp;nbsp;signature upon receipt&amp;nbsp;&lt;/p&gt;\r\n	&lt;p&gt;\r\n		&lt;span&gt;Please note we can not undertake a next day delivery to the following postcodes:&lt;/span&gt;&lt;/p&gt;\r\n	&lt;p&gt;\r\n		Scottish Highlands postcodes:&lt;/p&gt;\r\n	&lt;p&gt;\r\n		&amp;nbsp;FK17-99&lt;/p&gt;\r\n	&lt;p&gt;\r\n		G83&lt;/p&gt;\r\n	&lt;p&gt;\r\n		IV1-28&lt;/p&gt;\r\n	&lt;p&gt;\r\n		IV33-39&lt;/p&gt;\r\n	&lt;p&gt;\r\n		IV52-54&lt;/p&gt;\r\n	&lt;p&gt;\r\n		IV63&lt;/p&gt;\r\n	&lt;p&gt;\r\n		KW1-14&lt;/p&gt;\r\n	&lt;p&gt;\r\n		PA21-33&lt;/p&gt;\r\n	&lt;p&gt;\r\n		PA34-40&lt;/p&gt;\r\n	&lt;p&gt;\r\n		PH18-26&lt;/p&gt;\r\n	&lt;p&gt;\r\n		PH30&lt;/p&gt;\r\n	&lt;p&gt;\r\n		PH31-41&lt;/p&gt;\r\n	&lt;p&gt;\r\n		PH49-50&lt;/p&gt;\r\n	&lt;p&gt;\r\n		&amp;nbsp;&lt;/p&gt;\r\n	&lt;p&gt;\r\n		Scottish Islands postcodes:&lt;/p&gt;\r\n	&lt;p&gt;\r\n		&amp;nbsp;&lt;/p&gt;\r\n	&lt;p&gt;\r\n		HS1-9&lt;/p&gt;\r\n	&lt;p&gt;\r\n		IV40-51&lt;/p&gt;\r\n	&lt;p&gt;\r\n		IV55-56&lt;/p&gt;\r\n	&lt;p&gt;\r\n		KA27-28&lt;/p&gt;\r\n	&lt;p&gt;\r\n		KW15-17&lt;/p&gt;\r\n	&lt;p&gt;\r\n		PA20&lt;/p&gt;\r\n	&lt;p&gt;\r\n		PA41-49&lt;/p&gt;\r\n	&lt;p&gt;\r\n		PA60-78&lt;/p&gt;\r\n	&lt;p&gt;\r\n		PH42-44&lt;/p&gt;\r\n	&lt;p&gt;\r\n		ZE1-3&lt;/p&gt;\r\n	&lt;p&gt;\r\n		&amp;nbsp;&lt;/p&gt;\r\n	&lt;p&gt;\r\n		Additional Scottish Postcodes&lt;/p&gt;\r\n	&lt;p&gt;\r\n		&amp;nbsp;&lt;/p&gt;\r\n	&lt;p&gt;\r\n		AB31&lt;/p&gt;\r\n	&lt;p&gt;\r\n		AB33-38&lt;/p&gt;\r\n	&lt;p&gt;\r\n		AB44-56&lt;/p&gt;\r\n	&lt;p&gt;\r\n		IV30-32&lt;/p&gt;\r\n&lt;/div&gt;\r\n'),(60,1,'Free UK Returns','&lt;div class=&quot;text-info&quot; id=&quot;right&quot;&gt;\r\n	&lt;h3&gt;\r\n		Christmas Delivery and Returns&lt;/h3&gt;\r\n	&lt;p&gt;\r\n		The last posting date for Free delivery will be the 18th December &amp;nbsp;and for Next Day will be 20th December. Orders will be taken and dispatched after this date however we can not&amp;nbsp;guarantee&amp;nbsp;that your items will arrive in time for Christmas.&lt;/p&gt;\r\n	&lt;p&gt;\r\n		SealSkinz are happy to offer a refund or exchange until 25th January 2013 on any product purchased between 15th November 2012 and 24th December 2012 providing it is returned in perfect condition ( unwashed unworn and with its original packaging) together with the valid paperwork&lt;/p&gt;\r\n	&lt;h3&gt;\r\n		Our Returns Policy&lt;/h3&gt;\r\n	&lt;p&gt;\r\n		Products made using SealSkinz® patented technology are tested for waterproofness during manufacture. For this reason, in the unlikely event that there is a problem, we ask that all \'faulty\' products purchased from SealSkinz.com should be returned to us for testing prior to giving a refund/replacement. Products purchased from a retailer should be returned to the place of purchase.&lt;/p&gt;\r\n	&lt;p&gt;\r\n		All goods found to have a manufacturing fault will be replaced free of charge.&lt;/p&gt;\r\n	&lt;p&gt;\r\n		&lt;b&gt;Please send all returns to:&lt;/b&gt;&lt;br /&gt;\r\n		SealSkinz Returns&lt;br /&gt;\r\n		36 Oldmedow Road&lt;br /&gt;\r\n		Hardwick Industrial Estate&lt;br /&gt;\r\n		Kings Lynn&lt;br /&gt;\r\n		Norfolk&lt;br /&gt;\r\n		PE30 4PP&lt;/p&gt;\r\n	&lt;h3&gt;\r\n		Our Refund Policy&lt;/h3&gt;\r\n	&lt;p&gt;\r\n		You may cancel your order at any time and for any reason within 7 working days of delivery of the products ordered. (‘working’ days do not include Saturdays, Sundays and public holidays). Orders for certain products may not be cancelled - these include:&lt;br /&gt;\r\n		&lt;br /&gt;\r\n		(a) products that have been clearly personalised;&lt;br /&gt;\r\n		(b) products that are perishable; and&lt;br /&gt;\r\n		(c) products if they have been worn or used in any way.&lt;/p&gt;\r\n	&lt;p&gt;\r\n		If you wish to cancel your order you must notify us of your wish to cancel in writing and you must return the product(s) to us (at your expense) in their original wrapping, intact and accompanied by all accessories and documentation which were part of the delivery. We will refund any monies paid to us in respect of a cancelled order within 30 days of receiving your notice of cancellation.&lt;/p&gt;\r\n&lt;/div&gt;\r\n'),(45,1,'FAQ\'s','&lt;p&gt;\r\n	&amp;nbsp;&amp;nbsp;&lt;/p&gt;\r\n'),(61,1,'Blog','&lt;div id=&quot;right&quot; class=&quot;text-info&quot;&gt;\r\n&lt;div class=&quot;faqs&quot; id=&quot;pageDetail&quot;&gt;\r\n	&lt;h1&gt;\r\n		SealSkinz FAQs&lt;/h1&gt;\r\n	&lt;div class=&quot;iRow single&quot;&gt;\r\n		&lt;div class=&quot;iBlock&quot;&gt;\r\n			&lt;p&gt;\r\n				&lt;b&gt;Will my feet feel sweaty in the socks?&lt;/b&gt;&lt;/p&gt;\r\n			&lt;p&gt;\r\n				No, they shouldn’t. The membrane is breathable and the inner liner will ‘wick,’ away the moisture, to help with the clammy feeling.&lt;/p&gt;\r\n		&lt;/div&gt;\r\n	&lt;/div&gt;\r\n	&lt;div class=&quot;iRow single&quot;&gt;\r\n		&lt;div class=&quot;iBlock&quot;&gt;\r\n			&lt;p&gt;\r\n				&lt;b&gt;How long will they last?&lt;/b&gt;&lt;/p&gt;\r\n			&lt;p&gt;\r\n				As with any other piece of your outdoor clothing, if cared for in the right way they could last for years. How long they last does depend on how often you wear them. If you wear them every day then they will not last as long as if you wear them monthly.&lt;/p&gt;\r\n		&lt;/div&gt;\r\n	&lt;/div&gt;\r\n	&lt;div class=&quot;iRow single&quot;&gt;\r\n		&lt;div class=&quot;iBlock&quot;&gt;\r\n			&lt;p&gt;\r\n				&lt;b&gt;Will they keep my feet warm?&lt;/b&gt;&lt;/p&gt;\r\n			&lt;p&gt;\r\n				The main battle when outside is keeping your enthusiasm up and focused on the task in hand, to do that keeping dry is key. If you are dry then you will feel warmer and as some of SealSkinz products are made using a Merino Wool liner, cold feet, head and hands will be the last of your worries!&lt;/p&gt;\r\n		&lt;/div&gt;\r\n	&lt;/div&gt;\r\n	&lt;div class=&quot;iRow single&quot;&gt;\r\n		&lt;div class=&quot;iBlock&quot;&gt;\r\n			&lt;p&gt;\r\n				&lt;b&gt;Do they ever let water in?&lt;/b&gt;&lt;/p&gt;\r\n			&lt;p&gt;\r\n				The answer to this is yes they could, as there is a hole in the top, where you put your foot or hand! If water gets over the top of the sock or glove, by being submerged in water for example, or in a torrential down pour, it could trickle down inside, but your SealSkinz would still be breathable.&lt;/p&gt;\r\n		&lt;/div&gt;\r\n	&lt;/div&gt;\r\n	&lt;div class=&quot;iRow single&quot;&gt;\r\n		&lt;div class=&quot;iBlock&quot;&gt;\r\n			&lt;p&gt;\r\n				&lt;b&gt;How could they be damaged?&lt;/b&gt;&lt;/p&gt;\r\n			&lt;p&gt;\r\n				As our products use a membrane you should look after them and wear appropriate footwear when outside at all times as stones and sharp objects could puncture the membrane making them no longer waterproof. Gloves can also have their membrane punctured by sharp objects such as thorns or brambles, so due care is required. Basically if you look after them, they will look after you throughout your activities!&lt;/p&gt;\r\n		&lt;/div&gt;\r\n	&lt;/div&gt;\r\n	&lt;div class=&quot;iRow single&quot;&gt;\r\n		&lt;div class=&quot;iBlock&quot;&gt;\r\n			&lt;p&gt;\r\n				&lt;b&gt;How do they reduce blisters?&lt;/b&gt;&lt;/p&gt;\r\n			&lt;p&gt;\r\n				SealSkinz socks will reduce the chance of blistering as they stop your feet from getting wet and wick away the perspiration, preventing your skin from becoming soft and far more vulnerable to sore feet and blisters.&lt;/p&gt;\r\n		&lt;/div&gt;\r\n	&lt;/div&gt;\r\n	&lt;div class=&quot;iRow single&quot;&gt;\r\n		&lt;div class=&quot;iBlock&quot;&gt;\r\n			&lt;p&gt;\r\n				&lt;b&gt;How does the membrane work?&lt;/b&gt;&lt;/p&gt;\r\n			&lt;p&gt;\r\n				The membrane is a polyurethane membrane. It is a solid layer and therefore does not allow water droplets to come through. This means it is totally waterproof. In waterproof tests the membrane exceeds 300cms hydrostatic head - 3 times greater than the level required to meet European Standards for waterproof clothing, basically your SealSkinz products will keep you very dry!&lt;/p&gt;\r\n		&lt;/div&gt;\r\n	&lt;/div&gt;\r\n	&lt;div class=&quot;iRow single&quot;&gt;\r\n		&lt;div class=&quot;iBlock&quot;&gt;\r\n			&lt;p&gt;\r\n				&lt;b&gt;Are they windproof?&lt;/b&gt;&lt;/p&gt;\r\n			&lt;p&gt;\r\n				Due to the membrane in the products they are all totally windproof as well, allowing you to concentrate on your time outside and whatever the weather throws at you.&lt;/p&gt;\r\n		&lt;/div&gt;\r\n	&lt;/div&gt;\r\n	&lt;div class=&quot;iRow single&quot;&gt;\r\n		&lt;div class=&quot;iBlock&quot;&gt;\r\n			&lt;p&gt;\r\n				&lt;b&gt;Are the products guaranteed?&lt;/b&gt;&lt;/p&gt;\r\n			&lt;p&gt;\r\n				We guarantee all our products to be 100% waterproof when leaving the factory, as every single sock and lots of our gloves are pressure tested for waterproofness prior to despatch. Should you have a problem with the range at any time we will gladly take them back and put them through our testing procedures. If there is a manufacturing defect then we will replace the items for you.&lt;/p&gt;\r\n		&lt;/div&gt;\r\n	&lt;/div&gt;\r\n	&lt;div class=&quot;iRow single&quot;&gt;\r\n		&lt;div class=&quot;iBlock&quot;&gt;\r\n			&lt;p&gt;\r\n				&lt;b&gt;How are they waterproof?&lt;/b&gt;&lt;/p&gt;\r\n			&lt;p&gt;\r\n				They are waterproof because of a unique 3 layer seamless construction, which is made of an outer, a waterproof, highly breathable membrane and an inner lining, which also makes you mud proof!&lt;/p&gt;\r\n		&lt;/div&gt;\r\n	&lt;/div&gt;\r\n	&lt;div class=&quot;iRow single&quot;&gt;\r\n		&lt;div class=&quot;iBlock&quot;&gt;\r\n			&lt;p&gt;\r\n				&lt;b&gt;Why is the company called SealSkinz?&lt;/b&gt;&lt;/p&gt;\r\n			&lt;p&gt;\r\n				The SealSkinz brand was purchased from Dupont in 1998. This brand has wide international recognition, making us a key apparel brand for all outside activities.&lt;/p&gt;\r\n		&lt;/div&gt;\r\n	&lt;/div&gt;\r\n	&lt;div class=&quot;iRow single&quot;&gt;\r\n		&lt;div class=&quot;iBlock&quot;&gt;\r\n			&lt;p&gt;\r\n				&lt;b&gt;How do I wash them?&lt;/b&gt;&lt;/p&gt;\r\n			&lt;p&gt;\r\n				The majority of the SealSkinz range are designed to be machine washed, but at no higher temperature than 40°c. However some products need a lower temperature so please refer to the care instructions on the individual products.&lt;/p&gt;\r\n		&lt;/div&gt;\r\n	&lt;/div&gt;\r\n	&lt;div class=&quot;iRow single&quot;&gt;\r\n		&lt;div class=&quot;iBlock&quot;&gt;\r\n			&lt;p&gt;\r\n				&lt;b&gt;How long do they take to dry?&lt;/b&gt;&lt;/p&gt;\r\n			&lt;p&gt;\r\n				If you turn them inside out they should dry overnight in a warm room or airing cupboard, just remember not to put them directly on to radiators! The heavier weight socks, such as the Mid Thermal or Trekking sock, may take longer due to the thickness of the product.&lt;/p&gt;\r\n		&lt;/div&gt;\r\n	&lt;/div&gt;\r\n	&lt;div class=&quot;iRow single&quot;&gt;\r\n		&lt;div class=&quot;iBlock&quot;&gt;\r\n			&lt;p&gt;\r\n				&lt;b&gt;If I\'m in between sizes what should I buy?&lt;/b&gt;&lt;/p&gt;\r\n			&lt;p&gt;\r\n				Our socks come in small (shoes size 3-5,) medium (6-8,) large (9-11) and x-large (12-14,) therefore if you are in between sizes we would recommend that you go up a sock size, i.e. if you are a 8.5, then buy a large pair.&lt;/p&gt;\r\n		&lt;/div&gt;\r\n	&lt;/div&gt;\r\n	&lt;div class=&quot;iRow single&quot;&gt;\r\n		&lt;div class=&quot;iBlock&quot;&gt;\r\n			&lt;p&gt;\r\n				&lt;b&gt;What do I do if there is a problem with the socks?&lt;/b&gt;&lt;/p&gt;\r\n			&lt;p&gt;\r\n				The products are all tested for waterproofness during manufacture. For this reason we ask that all “faulty” products are returned to us for testing. All goods found to have a manufacturing fault will be replaced free of charge.&lt;/p&gt;\r\n		&lt;/div&gt;\r\n	&lt;/div&gt;\r\n	&lt;div class=&quot;iRow single&quot;&gt;\r\n		&lt;div class=&quot;iBlock&quot;&gt;\r\n			&lt;p&gt;\r\n				&lt;b&gt;When should I wear liner socks/ gloves?&lt;/b&gt;&lt;/p&gt;\r\n			&lt;p&gt;\r\n				The liner socks and gloves are designed to be worn when you need extra thermal protection. The liner sock is designed to be worn under any of our socks as required and can help to improve the padding and of course the thermal qualities. The liner glove is designed to be worn under any of our waterproof gloves and will help improve thermal performance if required.&lt;/p&gt;\r\n		&lt;/div&gt;\r\n	&lt;/div&gt;\r\n	&lt;div class=&quot;iRow single&quot;&gt;\r\n		&lt;div class=&quot;iBlock&quot;&gt;\r\n			&lt;p&gt;\r\n				&lt;b&gt;What length do the socks come in?&lt;/b&gt;&lt;/p&gt;\r\n			&lt;p&gt;\r\n				Our socks come in a wide range of lengths, from below the ankle to the knee. The length is shown on the product guide descriptors, by a code 1 to 5, 1 being the shortest and 5 the longest.&lt;/p&gt;\r\n		&lt;/div&gt;\r\n	&lt;/div&gt;\r\n	&lt;div class=&quot;iRow single&quot;&gt;\r\n		&lt;div class=&quot;iBlock&quot;&gt;\r\n			&lt;p&gt;\r\n				&lt;b&gt;What is the fit of our socks like?&lt;/b&gt;&lt;/p&gt;\r\n			&lt;p&gt;\r\n				The close fitting socks will fit comfortably, just like a normal sock in your shoes.&lt;/p&gt;\r\n		&lt;/div&gt;\r\n	&lt;/div&gt;\r\n&lt;/div&gt;\r\n&lt;/div&gt;\r\n');
/*!40000 ALTER TABLE `information_description` ENABLE KEYS */;
UNLOCK TABLES;

--
-- Table structure for table `information_to_layout`
--

DROP TABLE IF EXISTS `information_to_layout`;
/*!40101 SET @saved_cs_client     = @@character_set_client */;
/*!40101 SET character_set_client = utf8 */;
CREATE TABLE `information_to_layout` (
  `information_id` int(11) NOT NULL,
  `store_id` int(11) NOT NULL,
  `layout_id` int(11) NOT NULL,
  PRIMARY KEY (`information_id`,`store_id`)
) ENGINE=MyISAM DEFAULT CHARSET=utf8 COLLATE=utf8_bin;
/*!40101 SET character_set_client = @saved_cs_client */;

--
-- Dumping data for table `information_to_layout`
--

LOCK TABLES `information_to_layout` WRITE;
/*!40000 ALTER TABLE `information_to_layout` DISABLE KEYS */;
INSERT INTO `information_to_layout` VALUES (26,1,0),(26,0,0),(34,1,0),(35,0,0),(34,2,0),(34,0,0),(35,2,0),(35,1,0),(36,0,0),(36,2,0),(36,1,0),(61,1,0),(61,3,0),(61,5,0),(61,2,0),(61,4,0),(61,0,0);
/*!40000 ALTER TABLE `information_to_layout` ENABLE KEYS */;
UNLOCK TABLES;

--
-- Table structure for table `information_to_store`
--

DROP TABLE IF EXISTS `information_to_store`;
/*!40101 SET @saved_cs_client     = @@character_set_client */;
/*!40101 SET character_set_client = utf8 */;
CREATE TABLE `information_to_store` (
  `information_id` int(11) NOT NULL,
  `store_id` int(11) NOT NULL,
  PRIMARY KEY (`information_id`,`store_id`)
) ENGINE=MyISAM DEFAULT CHARSET=utf8 COLLATE=utf8_bin;
/*!40101 SET character_set_client = @saved_cs_client */;

--
-- Dumping data for table `information_to_store`
--

LOCK TABLES `information_to_store` WRITE;
/*!40000 ALTER TABLE `information_to_store` DISABLE KEYS */;
INSERT INTO `information_to_store` VALUES (3,0),(4,0),(5,0),(6,0),(7,1),(8,1),(9,0),(9,1),(10,0),(11,0),(12,0),(13,0),(14,0),(15,0),(16,0),(17,0),(18,0),(19,0),(20,0),(21,0),(23,0),(24,0),(25,1),(26,1),(27,0),(28,0),(29,0),(30,0),(31,2),(32,2),(33,2),(34,2),(35,2),(36,2),(37,5),(38,5),(39,5),(40,5),(41,5),(42,5),(43,5),(44,5),(45,5),(47,5),(48,5),(49,5),(50,5),(51,5),(55,5),(56,5),(57,5),(58,5),(59,5),(60,5),(61,5);
/*!40000 ALTER TABLE `information_to_store` ENABLE KEYS */;
UNLOCK TABLES;

--
-- Table structure for table `language`
--

DROP TABLE IF EXISTS `language`;
/*!40101 SET @saved_cs_client     = @@character_set_client */;
/*!40101 SET character_set_client = utf8 */;
CREATE TABLE `language` (
  `language_id` int(11) NOT NULL AUTO_INCREMENT,
  `name` varchar(32) COLLATE utf8_bin NOT NULL DEFAULT '',
  `code` varchar(5) COLLATE utf8_bin NOT NULL,
  `locale` varchar(255) COLLATE utf8_bin NOT NULL,
  `image` varchar(64) COLLATE utf8_bin NOT NULL,
  `directory` varchar(32) COLLATE utf8_bin NOT NULL DEFAULT '',
  `filename` varchar(64) COLLATE utf8_bin NOT NULL DEFAULT '',
  `sort_order` int(3) NOT NULL DEFAULT '0',
  `status` tinyint(1) NOT NULL,
  PRIMARY KEY (`language_id`),
  KEY `name` (`name`)
) ENGINE=MyISAM AUTO_INCREMENT=2 DEFAULT CHARSET=utf8 COLLATE=utf8_bin;
/*!40101 SET character_set_client = @saved_cs_client */;

--
-- Dumping data for table `language`
--

LOCK TABLES `language` WRITE;
/*!40000 ALTER TABLE `language` DISABLE KEYS */;
INSERT INTO `language` VALUES (1,'English','en','en_US.UTF-8,en_US,en-gb,english','gb.png','english','english',1,1);
/*!40000 ALTER TABLE `language` ENABLE KEYS */;
UNLOCK TABLES;

--
-- Table structure for table `layout`
--

DROP TABLE IF EXISTS `layout`;
/*!40101 SET @saved_cs_client     = @@character_set_client */;
/*!40101 SET character_set_client = utf8 */;
CREATE TABLE `layout` (
  `layout_id` int(11) NOT NULL AUTO_INCREMENT,
  `name` varchar(64) COLLATE utf8_bin NOT NULL,
  PRIMARY KEY (`layout_id`)
) ENGINE=MyISAM AUTO_INCREMENT=32 DEFAULT CHARSET=utf8 COLLATE=utf8_bin;
/*!40101 SET character_set_client = @saved_cs_client */;

--
-- Dumping data for table `layout`
--

LOCK TABLES `layout` WRITE;
/*!40000 ALTER TABLE `layout` DISABLE KEYS */;
INSERT INTO `layout` VALUES (1,'Home'),(2,'Product'),(3,'Category'),(4,'Default'),(5,'Manufacturer'),(6,'Account'),(7,'Checkout'),(8,'Contact'),(9,'Sitemap'),(10,'Affiliate'),(11,'Information'),(12,'Home2'),(16,'Category stl'),(15,'Information2'),(17,'Event'),(19,'Article categories'),(20,'News'),(21,'Home_papillon'),(22,'Category Papillon'),(23,'Home_siaboutique'),(24,'Home_bootstrap'),(25,'Home_Sealskinz'),(26,'Information Sealskinz'),(27,'Category Sealskinz'),(28,'Product Sealskinz'),(29,'Informations Sealskinz'),(30,'Contact Sealskinz'),(31,'Account SealSkinz');
/*!40000 ALTER TABLE `layout` ENABLE KEYS */;
UNLOCK TABLES;

--
-- Table structure for table `layout_route`
--

DROP TABLE IF EXISTS `layout_route`;
/*!40101 SET @saved_cs_client     = @@character_set_client */;
/*!40101 SET character_set_client = utf8 */;
CREATE TABLE `layout_route` (
  `layout_route_id` int(11) NOT NULL AUTO_INCREMENT,
  `layout_id` int(11) NOT NULL,
  `store_id` int(11) NOT NULL,
  `route` varchar(255) COLLATE utf8_bin NOT NULL,
  PRIMARY KEY (`layout_route_id`)
) ENGINE=MyISAM AUTO_INCREMENT=106 DEFAULT CHARSET=utf8 COLLATE=utf8_bin;
/*!40101 SET character_set_client = @saved_cs_client */;

--
-- Dumping data for table `layout_route`
--

LOCK TABLES `layout_route` WRITE;
/*!40000 ALTER TABLE `layout_route` DISABLE KEYS */;
INSERT INTO `layout_route` VALUES (17,10,0,'affiliate/'),(53,1,1,'common/home'),(20,2,0,'product/product'),(48,11,0,'information/information'),(23,7,0,'checkout/'),(31,8,0,'information/contact'),(83,16,0,'product/category'),(65,3,0,'product/category'),(47,11,1,'information/information'),(87,19,0,'news/ncategory'),(44,9,0,'information/information'),(54,12,0,'common/home'),(68,15,0,'information/information'),(64,3,1,'product/category'),(80,5,0,'product/manufacturer'),(82,17,1,'information/event'),(86,6,0,'account'),(88,20,0,'news'),(89,21,2,'common/home'),(90,22,2,'product/category'),(91,23,3,'common/home'),(92,24,4,'common/home'),(93,25,5,'common/home'),(95,27,5,'product/category'),(96,28,5,'product/product'),(100,29,5,'information/informations'),(102,26,5,'information/information'),(104,30,5,'information/contact'),(105,31,5,'account');
/*!40000 ALTER TABLE `layout_route` ENABLE KEYS */;
UNLOCK TABLES;

--
-- Table structure for table `length_class`
--

DROP TABLE IF EXISTS `length_class`;
/*!40101 SET @saved_cs_client     = @@character_set_client */;
/*!40101 SET character_set_client = utf8 */;
CREATE TABLE `length_class` (
  `length_class_id` int(11) NOT NULL AUTO_INCREMENT,
  `value` decimal(15,8) NOT NULL,
  PRIMARY KEY (`length_class_id`)
) ENGINE=MyISAM AUTO_INCREMENT=4 DEFAULT CHARSET=utf8 COLLATE=utf8_bin;
/*!40101 SET character_set_client = @saved_cs_client */;

--
-- Dumping data for table `length_class`
--

LOCK TABLES `length_class` WRITE;
/*!40000 ALTER TABLE `length_class` DISABLE KEYS */;
INSERT INTO `length_class` VALUES (1,1.00000000),(2,10.00000000),(3,0.39370000);
/*!40000 ALTER TABLE `length_class` ENABLE KEYS */;
UNLOCK TABLES;

--
-- Table structure for table `length_class_description`
--

DROP TABLE IF EXISTS `length_class_description`;
/*!40101 SET @saved_cs_client     = @@character_set_client */;
/*!40101 SET character_set_client = utf8 */;
CREATE TABLE `length_class_description` (
  `length_class_id` int(11) NOT NULL AUTO_INCREMENT,
  `language_id` int(11) NOT NULL,
  `title` varchar(32) COLLATE utf8_bin NOT NULL,
  `unit` varchar(4) COLLATE utf8_bin NOT NULL,
  PRIMARY KEY (`length_class_id`,`language_id`)
) ENGINE=MyISAM AUTO_INCREMENT=4 DEFAULT CHARSET=utf8 COLLATE=utf8_bin;
/*!40101 SET character_set_client = @saved_cs_client */;

--
-- Dumping data for table `length_class_description`
--

LOCK TABLES `length_class_description` WRITE;
/*!40000 ALTER TABLE `length_class_description` DISABLE KEYS */;
INSERT INTO `length_class_description` VALUES (1,1,'Centimeter','cm'),(2,1,'Millimeter','mm'),(3,1,'Inch','in');
/*!40000 ALTER TABLE `length_class_description` ENABLE KEYS */;
UNLOCK TABLES;

--
-- Table structure for table `manufacturer`
--

DROP TABLE IF EXISTS `manufacturer`;
/*!40101 SET @saved_cs_client     = @@character_set_client */;
/*!40101 SET character_set_client = utf8 */;
CREATE TABLE `manufacturer` (
  `manufacturer_id` int(11) NOT NULL AUTO_INCREMENT,
  `name` varchar(64) COLLATE utf8_bin NOT NULL DEFAULT '',
  `image` varchar(255) COLLATE utf8_bin DEFAULT NULL,
  `sort_order` int(3) NOT NULL,
  PRIMARY KEY (`manufacturer_id`)
) ENGINE=MyISAM AUTO_INCREMENT=12 DEFAULT CHARSET=utf8 COLLATE=utf8_bin;
/*!40101 SET character_set_client = @saved_cs_client */;

--
-- Dumping data for table `manufacturer`
--

LOCK TABLES `manufacturer` WRITE;
/*!40000 ALTER TABLE `manufacturer` DISABLE KEYS */;
INSERT INTO `manufacturer` VALUES (5,'Events','',0);
/*!40000 ALTER TABLE `manufacturer` ENABLE KEYS */;
UNLOCK TABLES;

--
-- Table structure for table `manufacturer_to_store`
--

DROP TABLE IF EXISTS `manufacturer_to_store`;
/*!40101 SET @saved_cs_client     = @@character_set_client */;
/*!40101 SET character_set_client = utf8 */;
CREATE TABLE `manufacturer_to_store` (
  `manufacturer_id` int(11) NOT NULL,
  `store_id` int(11) NOT NULL,
  PRIMARY KEY (`manufacturer_id`,`store_id`)
) ENGINE=MyISAM DEFAULT CHARSET=utf8 COLLATE=utf8_bin;
/*!40101 SET character_set_client = @saved_cs_client */;

--
-- Dumping data for table `manufacturer_to_store`
--

LOCK TABLES `manufacturer_to_store` WRITE;
/*!40000 ALTER TABLE `manufacturer_to_store` DISABLE KEYS */;
INSERT INTO `manufacturer_to_store` VALUES (5,1);
/*!40000 ALTER TABLE `manufacturer_to_store` ENABLE KEYS */;
UNLOCK TABLES;

--
-- Table structure for table `ncategory`
--

DROP TABLE IF EXISTS `ncategory`;
/*!40101 SET @saved_cs_client     = @@character_set_client */;
/*!40101 SET character_set_client = utf8 */;
CREATE TABLE `ncategory` (
  `ncategory_id` int(11) NOT NULL AUTO_INCREMENT,
  `image` varchar(255) COLLATE utf8_bin DEFAULT NULL,
  `parent_id` int(11) NOT NULL DEFAULT '0',
  `top` tinyint(1) NOT NULL,
  `column` int(3) NOT NULL,
  `sort_order` int(3) NOT NULL DEFAULT '0',
  `status` tinyint(1) NOT NULL,
  `date_added` datetime NOT NULL DEFAULT '0000-00-00 00:00:00',
  `date_modified` datetime NOT NULL DEFAULT '0000-00-00 00:00:00',
  PRIMARY KEY (`ncategory_id`)
) ENGINE=MyISAM AUTO_INCREMENT=61 DEFAULT CHARSET=utf8 COLLATE=utf8_bin;
/*!40101 SET character_set_client = @saved_cs_client */;

--
-- Dumping data for table `ncategory`
--

LOCK TABLES `ncategory` WRITE;
/*!40000 ALTER TABLE `ncategory` DISABLE KEYS */;
INSERT INTO `ncategory` VALUES (59,'',0,0,10,0,1,'2012-12-13 10:13:59','2012-12-13 10:14:23'),(60,'',0,0,10,0,1,'2012-12-13 10:51:19','2012-12-13 10:51:25');
/*!40000 ALTER TABLE `ncategory` ENABLE KEYS */;
UNLOCK TABLES;

--
-- Table structure for table `ncategory_description`
--

DROP TABLE IF EXISTS `ncategory_description`;
/*!40101 SET @saved_cs_client     = @@character_set_client */;
/*!40101 SET character_set_client = utf8 */;
CREATE TABLE `ncategory_description` (
  `ncategory_id` int(11) NOT NULL,
  `language_id` int(11) NOT NULL,
  `name` varchar(255) COLLATE utf8_bin NOT NULL DEFAULT '',
  `description` text COLLATE utf8_bin NOT NULL,
  `meta_description` varchar(255) COLLATE utf8_bin NOT NULL,
  `meta_keyword` varchar(255) COLLATE utf8_bin NOT NULL,
  PRIMARY KEY (`ncategory_id`,`language_id`),
  KEY `name` (`name`)
) ENGINE=MyISAM DEFAULT CHARSET=utf8 COLLATE=utf8_bin;
/*!40101 SET character_set_client = @saved_cs_client */;

--
-- Dumping data for table `ncategory_description`
--

LOCK TABLES `ncategory_description` WRITE;
/*!40000 ALTER TABLE `ncategory_description` DISABLE KEYS */;
INSERT INTO `ncategory_description` VALUES (59,1,'Clothing','','',''),(60,1,'Press','','','');
/*!40000 ALTER TABLE `ncategory_description` ENABLE KEYS */;
UNLOCK TABLES;

--
-- Table structure for table `ncategory_to_layout`
--

DROP TABLE IF EXISTS `ncategory_to_layout`;
/*!40101 SET @saved_cs_client     = @@character_set_client */;
/*!40101 SET character_set_client = utf8 */;
CREATE TABLE `ncategory_to_layout` (
  `ncategory_id` int(11) NOT NULL,
  `store_id` int(11) NOT NULL,
  `layout_id` int(11) NOT NULL,
  PRIMARY KEY (`ncategory_id`,`store_id`)
) ENGINE=MyISAM DEFAULT CHARSET=utf8 COLLATE=utf8_bin;
/*!40101 SET character_set_client = @saved_cs_client */;

--
-- Dumping data for table `ncategory_to_layout`
--

LOCK TABLES `ncategory_to_layout` WRITE;
/*!40000 ALTER TABLE `ncategory_to_layout` DISABLE KEYS */;
/*!40000 ALTER TABLE `ncategory_to_layout` ENABLE KEYS */;
UNLOCK TABLES;

--
-- Table structure for table `ncategory_to_store`
--

DROP TABLE IF EXISTS `ncategory_to_store`;
/*!40101 SET @saved_cs_client     = @@character_set_client */;
/*!40101 SET character_set_client = utf8 */;
CREATE TABLE `ncategory_to_store` (
  `ncategory_id` int(11) NOT NULL,
  `store_id` int(11) NOT NULL,
  PRIMARY KEY (`ncategory_id`,`store_id`)
) ENGINE=MyISAM DEFAULT CHARSET=utf8 COLLATE=utf8_bin;
/*!40101 SET character_set_client = @saved_cs_client */;

--
-- Dumping data for table `ncategory_to_store`
--

LOCK TABLES `ncategory_to_store` WRITE;
/*!40000 ALTER TABLE `ncategory_to_store` DISABLE KEYS */;
INSERT INTO `ncategory_to_store` VALUES (59,0),(60,0);
/*!40000 ALTER TABLE `ncategory_to_store` ENABLE KEYS */;
UNLOCK TABLES;

--
-- Table structure for table `ncomments`
--

DROP TABLE IF EXISTS `ncomments`;
/*!40101 SET @saved_cs_client     = @@character_set_client */;
/*!40101 SET character_set_client = utf8 */;
CREATE TABLE `ncomments` (
  `ncomment_id` int(11) NOT NULL AUTO_INCREMENT,
  `news_id` int(11) NOT NULL,
  `author` varchar(64) COLLATE utf8_bin NOT NULL DEFAULT '',
  `text` text COLLATE utf8_bin NOT NULL,
  `status` tinyint(1) NOT NULL DEFAULT '0',
  `date_added` datetime NOT NULL DEFAULT '0000-00-00 00:00:00',
  `date_modified` datetime NOT NULL DEFAULT '0000-00-00 00:00:00',
  PRIMARY KEY (`ncomment_id`),
  KEY `news_id` (`news_id`)
) ENGINE=MyISAM AUTO_INCREMENT=37 DEFAULT CHARSET=utf8 COLLATE=utf8_bin;
/*!40101 SET character_set_client = @saved_cs_client */;

--
-- Dumping data for table `ncomments`
--

LOCK TABLES `ncomments` WRITE;
/*!40000 ALTER TABLE `ncomments` DISABLE KEYS */;
/*!40000 ALTER TABLE `ncomments` ENABLE KEYS */;
UNLOCK TABLES;

--
-- Table structure for table `news`
--

DROP TABLE IF EXISTS `news`;
/*!40101 SET @saved_cs_client     = @@character_set_client */;
/*!40101 SET character_set_client = utf8 */;
CREATE TABLE `news` (
  `news_id` int(11) NOT NULL AUTO_INCREMENT,
  `status` int(1) NOT NULL DEFAULT '0',
  `image` varchar(255) CHARACTER SET utf8 COLLATE utf8_unicode_ci NOT NULL DEFAULT '0',
  `acom` int(1) NOT NULL DEFAULT '0',
  `date_added` datetime DEFAULT NULL,
  `sort_order` int(11) DEFAULT NULL,
  PRIMARY KEY (`news_id`)
) ENGINE=MyISAM AUTO_INCREMENT=10 DEFAULT CHARSET=latin1;
/*!40101 SET character_set_client = @saved_cs_client */;

--
-- Dumping data for table `news`
--

LOCK TABLES `news` WRITE;
/*!40000 ALTER TABLE `news` DISABLE KEYS */;
INSERT INTO `news` VALUES (8,1,'data/asquithlondon/cache/data/CTA images/ismini-pilates-zumba-instructor-profile-100x100.jpg',1,'2012-12-13 10:15:36',1),(9,1,'',1,'2012-12-13 10:52:09',1);
/*!40000 ALTER TABLE `news` ENABLE KEYS */;
UNLOCK TABLES;

--
-- Table structure for table `news_description`
--

DROP TABLE IF EXISTS `news_description`;
/*!40101 SET @saved_cs_client     = @@character_set_client */;
/*!40101 SET character_set_client = utf8 */;
CREATE TABLE `news_description` (
  `news_id` int(11) NOT NULL DEFAULT '0',
  `language_id` int(11) NOT NULL DEFAULT '0',
  `title` varchar(64) CHARACTER SET utf8 COLLATE utf8_bin NOT NULL DEFAULT '',
  `description` text CHARACTER SET utf8 COLLATE utf8_unicode_ci NOT NULL,
  `meta_desc` varchar(255) CHARACTER SET utf8 COLLATE utf8_bin NOT NULL,
  `meta_key` varchar(255) CHARACTER SET utf8 COLLATE utf8_bin NOT NULL,
  PRIMARY KEY (`news_id`,`language_id`)
) ENGINE=MyISAM DEFAULT CHARSET=latin1;
/*!40101 SET character_set_client = @saved_cs_client */;

--
-- Dumping data for table `news_description`
--

LOCK TABLES `news_description` WRITE;
/*!40000 ALTER TABLE `news_description` DISABLE KEYS */;
INSERT INTO `news_description` VALUES (8,1,'Asquith donates £500 to Pink Ribbon Program','&lt;p&gt;\r\n	&lt;strong&gt;&lt;span style=&quot;font-size:14px;&quot;&gt;Asquith yoga clothing raises over £500 during Breast Cancer Awareness Month for Ismini Phillips Pink Ribbon Program&lt;/span&gt;&lt;/strong&gt;&lt;/p&gt;\r\n&lt;div&gt;\r\n	Breast cancer affects 1 in 8 women in the UK and 1% of men.&amp;nbsp;&lt;/div&gt;\r\n&lt;div&gt;\r\n	&amp;nbsp;&lt;/div&gt;\r\n&lt;div&gt;\r\n	During October’s Breast Cancer Awareness Month, Asquith teamed up with &lt;a href=&quot;http://www.isminiphillips.com/&quot; target=&quot;_blank&quot;&gt;Ismini Phillips&lt;/a&gt;, who having lost relatives and colleagues to breast cancer was inspired to train to become a breast cancer exercise specialist with the Pink Ribbon Program - an initiative which began in the United States.&lt;/div&gt;\r\n&lt;div&gt;\r\n	&amp;nbsp;&lt;/div&gt;\r\n&lt;div&gt;\r\n	A special thank you to all our customers who helped to raise £500 which will go to support patients, particularly those who would otherwise be unable to afford this specialist Pilates based post operative breast cancer exercise program. We are honoured to be able to help enhance the recovery of breast cancer patients in this way.&lt;/div&gt;\r\n&lt;div&gt;\r\n	&amp;nbsp;&lt;/div&gt;\r\n&lt;div&gt;\r\n	Here\'s a picture of me with Ismini Phillips at the Australian Physiotherapy &amp;amp; Pilates Institute conference.&amp;nbsp;&lt;/div&gt;\r\n&lt;div&gt;\r\n	&amp;nbsp;&lt;/div&gt;\r\n&lt;div&gt;\r\n	&lt;img alt=&quot;&quot; src=&quot;http://www.asquithlondon.com/image/data/blogs/Alice%20and%20Ismini%20APPI%20event.jpg&quot; style=&quot;width: 300px; height: 402px; border-width: 0px; border-style: solid; margin: 5px 15px; float: left;&quot; /&gt;&lt;/div&gt;\r\n&lt;div&gt;\r\n	&amp;nbsp;&lt;/div&gt;\r\n&lt;div style=&quot;margin-left: 40px;&quot;&gt;\r\n	&amp;nbsp;&lt;/div&gt;\r\n&lt;div style=&quot;margin-left: 40px;&quot;&gt;\r\n	&lt;em&gt;Thank you and your team so much for your support. &amp;nbsp;I will now get in touch with the breast units at the local hospitals, Maidstone Hospital and Darent Valley Hospital and see who they have on their books who may be struggling with their rehab and finances and see if we can get them on the course. I will keep you posted on who and how Asquith’s donation has helped.&amp;nbsp;&lt;/em&gt;Ismini Phillips&lt;/div&gt;\r\n&lt;div&gt;\r\n	&amp;nbsp;&lt;/div&gt;\r\n&lt;div&gt;\r\n	&amp;nbsp;&lt;/div&gt;\r\n&lt;div&gt;\r\n	Click the link for more information about &lt;a href=&quot;http://www.isminiphillips.com/&quot; target=&quot;_blank&quot;&gt;Ismini Phillips Pink Ribbon Program &lt;/a&gt;and if you have any feedback or questions, please drop me an email &lt;a href=&quot;mailto:alice@asquithlondon.com&quot;&gt;alice@asquithlondon.com&lt;/a&gt;&lt;/div&gt;\r\n&lt;div&gt;\r\n	&amp;nbsp;&lt;/div&gt;\r\n&lt;div&gt;\r\n	With warm thanks for your continued support.&amp;nbsp;&lt;/div&gt;\r\n&lt;div&gt;\r\n	&amp;nbsp;&lt;/div&gt;\r\n&lt;div&gt;\r\n	Alice Asquith&lt;/div&gt;\r\n','',''),(9,1,'YOGA &amp; HEALTH MAGAZINE - December 2012','&lt;div style=&quot;display: block;&quot;&gt;\r\n	&lt;a class=&quot;fancybox&quot; href=&quot;http://www.asquithlondon.com/image/cache/data/press/yoga..health.scarf.feature..dec.2012-600x600.jpg&quot; title=&quot;YOGA &amp;amp; HEALTH MAGAZINE - December 2012&quot;&gt;&lt;img align=&quot;right&quot; alt=&quot;YOGA &amp;amp; HEALTH MAGAZINE - December 2012&quot; id=&quot;image&quot; src=&quot;http://www.asquithlondon.com/image/cache/data/press/yoga..health.scarf.feature..dec.2012-230x230.jpg&quot; style=&quot;padding: 8px; background: #eee; border: 1px solid #ddd; margin-left: 15px; margin-bottom: 10px;&quot; title=&quot;YOGA &amp;amp; HEALTH MAGAZINE - December 2012&quot; /&gt;&lt;/a&gt;\r\n	&lt;p&gt;\r\n		&lt;img alt=&quot;&quot; src=&quot;http://www.asquithlondon.com/image/data/press/yoga..health.magazine.dec.2012.jpg&quot; style=&quot;width: 200px; height: 275px; float: right;&quot; /&gt;&lt;/p&gt;\r\n&lt;/div&gt;\r\n&lt;p&gt;\r\n	&amp;nbsp;&lt;/p&gt;\r\n','','');
/*!40000 ALTER TABLE `news_description` ENABLE KEYS */;
UNLOCK TABLES;

--
-- Table structure for table `news_related`
--

DROP TABLE IF EXISTS `news_related`;
/*!40101 SET @saved_cs_client     = @@character_set_client */;
/*!40101 SET character_set_client = utf8 */;
CREATE TABLE `news_related` (
  `news_id` int(11) NOT NULL,
  `product_id` int(11) NOT NULL,
  PRIMARY KEY (`news_id`,`product_id`)
) ENGINE=MyISAM DEFAULT CHARSET=utf8 COLLATE=utf8_bin;
/*!40101 SET character_set_client = @saved_cs_client */;

--
-- Dumping data for table `news_related`
--

LOCK TABLES `news_related` WRITE;
/*!40000 ALTER TABLE `news_related` DISABLE KEYS */;
/*!40000 ALTER TABLE `news_related` ENABLE KEYS */;
UNLOCK TABLES;

--
-- Table structure for table `news_to_layout`
--

DROP TABLE IF EXISTS `news_to_layout`;
/*!40101 SET @saved_cs_client     = @@character_set_client */;
/*!40101 SET character_set_client = utf8 */;
CREATE TABLE `news_to_layout` (
  `news_id` int(11) NOT NULL,
  `store_id` int(11) NOT NULL,
  `layout_id` int(11) NOT NULL,
  PRIMARY KEY (`news_id`,`store_id`)
) ENGINE=MyISAM DEFAULT CHARSET=utf8 COLLATE=utf8_bin;
/*!40101 SET character_set_client = @saved_cs_client */;

--
-- Dumping data for table `news_to_layout`
--

LOCK TABLES `news_to_layout` WRITE;
/*!40000 ALTER TABLE `news_to_layout` DISABLE KEYS */;
/*!40000 ALTER TABLE `news_to_layout` ENABLE KEYS */;
UNLOCK TABLES;

--
-- Table structure for table `news_to_ncategory`
--

DROP TABLE IF EXISTS `news_to_ncategory`;
/*!40101 SET @saved_cs_client     = @@character_set_client */;
/*!40101 SET character_set_client = utf8 */;
CREATE TABLE `news_to_ncategory` (
  `news_id` int(11) NOT NULL,
  `ncategory_id` int(11) NOT NULL,
  PRIMARY KEY (`news_id`,`ncategory_id`)
) ENGINE=MyISAM DEFAULT CHARSET=utf8 COLLATE=utf8_bin;
/*!40101 SET character_set_client = @saved_cs_client */;

--
-- Dumping data for table `news_to_ncategory`
--

LOCK TABLES `news_to_ncategory` WRITE;
/*!40000 ALTER TABLE `news_to_ncategory` DISABLE KEYS */;
INSERT INTO `news_to_ncategory` VALUES (8,59),(9,60);
/*!40000 ALTER TABLE `news_to_ncategory` ENABLE KEYS */;
UNLOCK TABLES;

--
-- Table structure for table `news_to_store`
--

DROP TABLE IF EXISTS `news_to_store`;
/*!40101 SET @saved_cs_client     = @@character_set_client */;
/*!40101 SET character_set_client = utf8 */;
CREATE TABLE `news_to_store` (
  `news_id` int(11) NOT NULL,
  `store_id` int(11) NOT NULL DEFAULT '0',
  PRIMARY KEY (`news_id`,`store_id`)
) ENGINE=MyISAM DEFAULT CHARSET=utf8 COLLATE=utf8_bin;
/*!40101 SET character_set_client = @saved_cs_client */;

--
-- Dumping data for table `news_to_store`
--

LOCK TABLES `news_to_store` WRITE;
/*!40000 ALTER TABLE `news_to_store` DISABLE KEYS */;
INSERT INTO `news_to_store` VALUES (8,0),(9,0);
/*!40000 ALTER TABLE `news_to_store` ENABLE KEYS */;
UNLOCK TABLES;

--
-- Table structure for table `newsletter`
--

DROP TABLE IF EXISTS `newsletter`;
/*!40101 SET @saved_cs_client     = @@character_set_client */;
/*!40101 SET character_set_client = utf8 */;
CREATE TABLE `newsletter` (
  `email` varchar(64) NOT NULL DEFAULT '',
  `name` varchar(64) NOT NULL DEFAULT '',
  `name2` varchar(64) NOT NULL DEFAULT '',
  PRIMARY KEY (`email`)
) ENGINE=MyISAM DEFAULT CHARSET=utf8;
/*!40101 SET character_set_client = @saved_cs_client */;

--
-- Dumping data for table `newsletter`
--

LOCK TABLES `newsletter` WRITE;
/*!40000 ALTER TABLE `newsletter` DISABLE KEYS */;
INSERT INTO `newsletter` VALUES ('me@example.com','',''),('ing.antoniovillella@gmail.com','',''),('provaprova@alice.it','',''),('antonio.villella6@gmail.com','',''),('michele3@alice.it','',''),('michele4@alice.it','',''),('michele7@alice.it','Antonio','Villella'),('prova10@alice.it','Antonio','Villella'),('prova9@alice.it','Antonio','Villella'),('prova0@alice.it','Antonio','Villella'),('michele0@alice.it','Antonio','Villella');
/*!40000 ALTER TABLE `newsletter` ENABLE KEYS */;
UNLOCK TABLES;

--
-- Table structure for table `option`
--

DROP TABLE IF EXISTS `option`;
/*!40101 SET @saved_cs_client     = @@character_set_client */;
/*!40101 SET character_set_client = utf8 */;
CREATE TABLE `option` (
  `option_id` int(11) NOT NULL AUTO_INCREMENT,
  `type` varchar(32) COLLATE utf8_bin NOT NULL,
  `sort_order` int(3) NOT NULL,
  PRIMARY KEY (`option_id`)
) ENGINE=MyISAM AUTO_INCREMENT=15 DEFAULT CHARSET=utf8 COLLATE=utf8_bin;
/*!40101 SET character_set_client = @saved_cs_client */;

--
-- Dumping data for table `option`
--

LOCK TABLES `option` WRITE;
/*!40000 ALTER TABLE `option` DISABLE KEYS */;
INSERT INTO `option` VALUES (1,'radio',2),(2,'checkbox',3),(4,'text',4),(5,'select',11),(6,'textarea',5),(7,'file',6),(8,'date',7),(9,'time',8),(10,'datetime',9),(11,'select',1),(12,'date',1),(13,'radio',12);
/*!40000 ALTER TABLE `option` ENABLE KEYS */;
UNLOCK TABLES;

--
-- Table structure for table `option_description`
--

DROP TABLE IF EXISTS `option_description`;
/*!40101 SET @saved_cs_client     = @@character_set_client */;
/*!40101 SET character_set_client = utf8 */;
CREATE TABLE `option_description` (
  `option_id` int(11) NOT NULL,
  `language_id` int(11) NOT NULL,
  `name` varchar(128) COLLATE utf8_bin NOT NULL,
  PRIMARY KEY (`option_id`,`language_id`)
) ENGINE=MyISAM DEFAULT CHARSET=utf8 COLLATE=utf8_bin;
/*!40101 SET character_set_client = @saved_cs_client */;

--
-- Dumping data for table `option_description`
--

LOCK TABLES `option_description` WRITE;
/*!40000 ALTER TABLE `option_description` DISABLE KEYS */;
INSERT INTO `option_description` VALUES (1,1,'Radio'),(2,1,'Checkbox'),(4,1,'Text'),(6,1,'Textarea'),(8,1,'Date'),(7,1,'File'),(5,1,'Select'),(9,1,'Time'),(10,1,'Date &amp; Time'),(12,1,'Delivery Date'),(11,1,'Size'),(13,1,'Size Sealskinz');
/*!40000 ALTER TABLE `option_description` ENABLE KEYS */;
UNLOCK TABLES;

--
-- Table structure for table `option_value`
--

DROP TABLE IF EXISTS `option_value`;
/*!40101 SET @saved_cs_client     = @@character_set_client */;
/*!40101 SET character_set_client = utf8 */;
CREATE TABLE `option_value` (
  `option_value_id` int(11) NOT NULL AUTO_INCREMENT,
  `option_id` int(11) NOT NULL,
  `image` varchar(255) COLLATE utf8_bin NOT NULL,
  `sort_order` int(3) NOT NULL,
  PRIMARY KEY (`option_value_id`)
) ENGINE=MyISAM AUTO_INCREMENT=59 DEFAULT CHARSET=utf8 COLLATE=utf8_bin;
/*!40101 SET character_set_client = @saved_cs_client */;

--
-- Dumping data for table `option_value`
--

LOCK TABLES `option_value` WRITE;
/*!40000 ALTER TABLE `option_value` DISABLE KEYS */;
INSERT INTO `option_value` VALUES (45,2,'',4),(44,2,'',3),(42,5,'no_image.jpg',4),(41,5,'no_image.jpg',3),(43,1,'no_image.jpg',3),(23,2,'',1),(24,2,'',2),(46,11,'no_image.jpg',1),(40,5,'no_image.jpg',2),(39,5,'no_image.jpg',1),(32,1,'no_image.jpg',1),(31,1,'no_image.jpg',2),(49,1,'',0),(50,1,'',4),(48,11,'no_image.jpg',3),(47,11,'no_image.jpg',2),(55,13,'',4),(51,13,'no_image.jpg',0),(53,13,'no_image.jpg',2),(54,13,'no_image.jpg',3),(52,13,'no_image.jpg',1);
/*!40000 ALTER TABLE `option_value` ENABLE KEYS */;
UNLOCK TABLES;

--
-- Table structure for table `option_value_description`
--

DROP TABLE IF EXISTS `option_value_description`;
/*!40101 SET @saved_cs_client     = @@character_set_client */;
/*!40101 SET character_set_client = utf8 */;
CREATE TABLE `option_value_description` (
  `option_value_id` int(11) NOT NULL,
  `language_id` int(11) NOT NULL,
  `option_id` int(11) NOT NULL,
  `name` varchar(128) COLLATE utf8_bin NOT NULL,
  PRIMARY KEY (`option_value_id`,`language_id`)
) ENGINE=MyISAM DEFAULT CHARSET=utf8 COLLATE=utf8_bin;
/*!40101 SET character_set_client = @saved_cs_client */;

--
-- Dumping data for table `option_value_description`
--

LOCK TABLES `option_value_description` WRITE;
/*!40000 ALTER TABLE `option_value_description` DISABLE KEYS */;
INSERT INTO `option_value_description` VALUES (31,1,1,'M'),(32,1,1,'S'),(45,1,2,'Checkbox 4'),(44,1,2,'Checkbox 3'),(43,1,1,'L'),(41,1,5,'Green'),(42,1,5,'Yellow'),(40,1,5,'Blue'),(23,1,2,'Checkbox 1'),(24,1,2,'Checkbox 2'),(48,1,11,'Large'),(46,1,11,'Small'),(47,1,11,'Medium'),(39,1,5,'Red'),(49,1,1,'XS'),(50,1,1,'XL'),(55,1,13,'XL'),(51,1,13,'XS'),(53,1,13,'M'),(54,1,13,'L'),(52,1,13,'S');
/*!40000 ALTER TABLE `option_value_description` ENABLE KEYS */;
UNLOCK TABLES;

--
-- Table structure for table `order`
--

DROP TABLE IF EXISTS `order`;
/*!40101 SET @saved_cs_client     = @@character_set_client */;
/*!40101 SET character_set_client = utf8 */;
CREATE TABLE `order` (
  `order_id` int(11) NOT NULL AUTO_INCREMENT,
  `invoice_no` int(11) NOT NULL DEFAULT '0',
  `invoice_prefix` varchar(26) COLLATE utf8_bin NOT NULL,
  `store_id` int(11) NOT NULL DEFAULT '0',
  `store_name` varchar(64) COLLATE utf8_bin NOT NULL,
  `store_url` varchar(255) COLLATE utf8_bin NOT NULL,
  `customer_id` int(11) NOT NULL DEFAULT '0',
  `customer_group_id` int(11) NOT NULL DEFAULT '0',
  `firstname` varchar(32) COLLATE utf8_bin NOT NULL DEFAULT '',
  `lastname` varchar(32) COLLATE utf8_bin NOT NULL,
  `email` varchar(96) COLLATE utf8_bin NOT NULL,
  `telephone` varchar(32) COLLATE utf8_bin NOT NULL DEFAULT '',
  `fax` varchar(32) COLLATE utf8_bin NOT NULL DEFAULT '',
  `payment_firstname` varchar(32) COLLATE utf8_bin NOT NULL DEFAULT '',
  `payment_lastname` varchar(32) COLLATE utf8_bin NOT NULL DEFAULT '',
  `payment_company` varchar(32) COLLATE utf8_bin NOT NULL,
  `payment_company_id` varchar(32) COLLATE utf8_bin NOT NULL,
  `payment_tax_id` varchar(32) COLLATE utf8_bin NOT NULL,
  `payment_address_1` varchar(128) COLLATE utf8_bin NOT NULL,
  `payment_address_2` varchar(128) COLLATE utf8_bin NOT NULL,
  `payment_city` varchar(128) COLLATE utf8_bin NOT NULL,
  `payment_postcode` varchar(10) COLLATE utf8_bin NOT NULL DEFAULT '',
  `payment_country` varchar(128) COLLATE utf8_bin NOT NULL,
  `payment_country_id` int(11) NOT NULL,
  `payment_zone` varchar(128) COLLATE utf8_bin NOT NULL,
  `payment_zone_id` int(11) NOT NULL,
  `payment_address_format` text COLLATE utf8_bin NOT NULL,
  `payment_method` varchar(128) COLLATE utf8_bin NOT NULL DEFAULT '',
  `payment_code` varchar(128) COLLATE utf8_bin NOT NULL,
  `shipping_firstname` varchar(32) COLLATE utf8_bin NOT NULL,
  `shipping_lastname` varchar(32) COLLATE utf8_bin NOT NULL DEFAULT '',
  `shipping_company` varchar(32) COLLATE utf8_bin NOT NULL,
  `shipping_address_1` varchar(128) COLLATE utf8_bin NOT NULL,
  `shipping_address_2` varchar(128) COLLATE utf8_bin NOT NULL,
  `shipping_city` varchar(128) COLLATE utf8_bin NOT NULL,
  `shipping_postcode` varchar(10) COLLATE utf8_bin NOT NULL DEFAULT '',
  `shipping_country` varchar(128) COLLATE utf8_bin NOT NULL,
  `shipping_country_id` int(11) NOT NULL,
  `shipping_zone` varchar(128) COLLATE utf8_bin NOT NULL,
  `shipping_zone_id` int(11) NOT NULL,
  `shipping_address_format` text COLLATE utf8_bin NOT NULL,
  `shipping_method` varchar(128) COLLATE utf8_bin NOT NULL DEFAULT '',
  `shipping_code` varchar(128) COLLATE utf8_bin NOT NULL,
  `comment` text COLLATE utf8_bin NOT NULL,
  `total` decimal(15,4) NOT NULL DEFAULT '0.0000',
  `order_status_id` int(11) NOT NULL DEFAULT '0',
  `affiliate_id` int(11) NOT NULL,
  `commission` decimal(15,4) NOT NULL,
  `language_id` int(11) NOT NULL,
  `currency_id` int(11) NOT NULL,
  `currency_code` varchar(3) COLLATE utf8_bin NOT NULL,
  `currency_value` decimal(15,8) NOT NULL DEFAULT '1.00000000',
  `ip` varchar(40) COLLATE utf8_bin NOT NULL,
  `forwarded_ip` varchar(40) COLLATE utf8_bin NOT NULL,
  `user_agent` varchar(255) COLLATE utf8_bin NOT NULL,
  `accept_language` varchar(255) COLLATE utf8_bin NOT NULL,
  `date_added` datetime NOT NULL,
  `date_modified` datetime NOT NULL,
  PRIMARY KEY (`order_id`)
) ENGINE=MyISAM AUTO_INCREMENT=80 DEFAULT CHARSET=utf8 COLLATE=utf8_bin;
/*!40101 SET character_set_client = @saved_cs_client */;

--
-- Dumping data for table `order`
--

LOCK TABLES `order` WRITE;
/*!40000 ALTER TABLE `order` DISABLE KEYS */;
INSERT INTO `order` VALUES (1,0,'INV-2012-00',4,'Bootstrap Twitter','http://bootstrap.local/',11,1,'Antonio','Villella','prova4@alice.it','0618498','','Antonio','Villella','','','','38 russell square','','brighton','bn1 2qe','United Kingdom',222,'Carmarthenshire',3527,'','Cash On Delivery','cod','Antonio','Villella','','38 russell square','','brighton','bn1 2qe','United Kingdom',222,'Carmarthenshire',3527,'','Flat Shipping Rate','flat.flat','',7.8750,0,0,0.0000,1,1,'GBP',1.00000000,'127.0.0.1','','Mozilla/5.0 (X11; Ubuntu; Linux i686; rv:18.0) Gecko/20100101 Firefox/18.0','it-IT,it;q=0.8,en-US;q=0.5,en;q=0.3','2013-01-14 09:34:03','2013-01-14 09:34:03'),(2,0,'INV-2012-00',4,'Bootstrap Twitter','http://bootstrap.local/',7,1,'Antonio','Villella','prova2@alice.it','sdfdsfs','','Antonio','Villella','','','','38 russell square','','brighton','bn1 2qe','United Kingdom',222,'East Sussex',3545,'','Cash On Delivery','cod','Antonio','Villella','','38 russell square','','brighton','bn1 2qe','United Kingdom',222,'East Sussex',3545,'','Flat Shipping Rate','flat.flat','',7.8750,0,0,0.0000,1,1,'GBP',1.00000000,'127.0.0.1','','Mozilla/5.0 (X11; Ubuntu; Linux i686; rv:18.0) Gecko/20100101 Firefox/18.0','it-IT,it;q=0.8,en-US;q=0.5,en;q=0.3','2013-01-14 12:15:03','2013-01-14 12:15:03'),(3,0,'INV-2012-00',4,'Bootstrap Twitter','http://bootstrap.local/',7,1,'Antonio','Villella','prova2@alice.it','sdfdsfs','','Antonio','Villella','','','','38 russell square','','brighton','bn1 2qe','United Kingdom',222,'East Sussex',3545,'','Cash On Delivery','cod','Antonio','Villella','','38 russell square','','brighton','bn1 2qe','United Kingdom',222,'East Sussex',3545,'','Flat Shipping Rate','flat.flat','',7.8750,0,0,0.0000,1,1,'GBP',1.00000000,'127.0.0.1','','Mozilla/5.0 (X11; Ubuntu; Linux i686; rv:18.0) Gecko/20100101 Firefox/18.0','it-IT,it;q=0.8,en-US;q=0.5,en;q=0.3','2013-01-14 12:17:08','2013-01-14 12:17:08'),(4,0,'INV-2012-00',4,'Bootstrap Twitter','http://bootstrap.local/',7,1,'Antonio','Villella','prova2@alice.it','sdfdsfs','','Antonio','Villella','','','','38 russell square','','brighton','bn1 2qe','United Kingdom',222,'East Sussex',3545,'','Cash On Delivery','cod','Antonio','Villella','','38 russell square','','brighton','bn1 2qe','United Kingdom',222,'East Sussex',3545,'','Flat Shipping Rate','flat.flat','',7.8750,0,0,0.0000,1,1,'GBP',1.00000000,'127.0.0.1','','Mozilla/5.0 (X11; Ubuntu; Linux i686; rv:18.0) Gecko/20100101 Firefox/18.0','it-IT,it;q=0.8,en-US;q=0.5,en;q=0.3','2013-01-14 12:21:26','2013-01-14 12:21:26'),(5,0,'INV-2012-00',4,'Bootstrap Twitter','http://bootstrap.local/',7,1,'Antonio','Villella','prova2@alice.it','sdfdsfs','','Antonio','Villella','','','','38 russell square','','brighton','bn1 2qe','United Kingdom',222,'East Sussex',3545,'','Cash On Delivery','cod','Antonio','Villella','','38 russell square','','brighton','bn1 2qe','United Kingdom',222,'East Sussex',3545,'','Flat Shipping Rate','flat.flat','',7.8750,0,0,0.0000,1,1,'GBP',1.00000000,'127.0.0.1','','Mozilla/5.0 (X11; Ubuntu; Linux i686; rv:18.0) Gecko/20100101 Firefox/18.0','it-IT,it;q=0.8,en-US;q=0.5,en;q=0.3','2013-01-14 12:22:21','2013-01-14 12:22:21'),(6,0,'INV-2012-00',4,'Bootstrap Twitter','http://bootstrap.local/',7,1,'Antonio','Villella','prova2@alice.it','sdfdsfs','','Antonio','Villella','','','','38 russell square','','brighton','bn1 2qe','United Kingdom',222,'East Sussex',3545,'','Cash On Delivery','cod','Antonio','Villella','','38 russell square','','brighton','bn1 2qe','United Kingdom',222,'East Sussex',3545,'','Flat Shipping Rate','flat.flat','',7.8750,0,0,0.0000,1,1,'GBP',1.00000000,'127.0.0.1','','Mozilla/5.0 (X11; Ubuntu; Linux i686; rv:18.0) Gecko/20100101 Firefox/18.0','it-IT,it;q=0.8,en-US;q=0.5,en;q=0.3','2013-01-14 12:32:10','2013-01-14 12:32:10'),(7,0,'INV-2012-00',4,'Bootstrap Twitter','http://bootstrap.local/',7,1,'Antonio','Villella','prova2@alice.it','sdfdsfs','','Antonio','Villella','','','','38 russell square','','brighton','bn1 2qe','United Kingdom',222,'East Sussex',3545,'','Cash On Delivery','cod','Antonio','Villella','','38 russell square','','brighton','bn1 2qe','United Kingdom',222,'East Sussex',3545,'','Flat Shipping Rate','flat.flat','',7.8750,0,0,0.0000,1,1,'GBP',1.00000000,'127.0.0.1','','Mozilla/5.0 (X11; Ubuntu; Linux i686; rv:18.0) Gecko/20100101 Firefox/18.0','it-IT,it;q=0.8,en-US;q=0.5,en;q=0.3','2013-01-14 12:39:57','2013-01-14 12:39:57'),(8,0,'INV-2012-00',4,'Bootstrap Twitter','http://bootstrap.local/',7,1,'Antonio','Villella','prova2@alice.it','sdfdsfs','','Antonio','Villella','','','','38 russell square','','brighton','bn1 2qe','United Kingdom',222,'East Sussex',3545,'','Cash On Delivery','cod','Antonio','Villella','','38 russell square','','brighton','bn1 2qe','United Kingdom',222,'East Sussex',3545,'','Flat Shipping Rate','flat.flat','',7.8750,0,0,0.0000,1,1,'GBP',1.00000000,'127.0.0.1','','Mozilla/5.0 (X11; Ubuntu; Linux i686; rv:18.0) Gecko/20100101 Firefox/18.0','it-IT,it;q=0.8,en-US;q=0.5,en;q=0.3','2013-01-14 12:44:50','2013-01-14 12:44:50'),(9,0,'INV-2012-00',4,'Bootstrap Twitter','http://bootstrap.local/',7,1,'Antonio','Villella','prova2@alice.it','sdfdsfs','','Antonio','Villella','','','','38 russell square','','brighton','bn1 2qe','United Kingdom',222,'East Sussex',3545,'','Cash On Delivery','cod','Antonio','Villella','','38 russell square','','brighton','bn1 2qe','United Kingdom',222,'East Sussex',3545,'','Flat Shipping Rate','flat.flat','',7.8750,0,0,0.0000,1,1,'GBP',1.00000000,'127.0.0.1','','Mozilla/5.0 (X11; Ubuntu; Linux i686; rv:18.0) Gecko/20100101 Firefox/18.0','it-IT,it;q=0.8,en-US;q=0.5,en;q=0.3','2013-01-14 12:47:38','2013-01-14 12:47:38'),(10,0,'INV-2012-00',4,'Bootstrap Twitter','http://bootstrap.local/',7,1,'Antonio','Villella','prova2@alice.it','sdfdsfs','','Antonio','Villella','','','','38 russell square','','brighton','bn1 2qe','United Kingdom',222,'East Sussex',3545,'','Cash On Delivery','cod','Antonio','Villella','','38 russell square','','brighton','bn1 2qe','United Kingdom',222,'East Sussex',3545,'','Flat Shipping Rate','flat.flat','',7.8750,0,0,0.0000,1,1,'GBP',1.00000000,'127.0.0.1','','Mozilla/5.0 (X11; Ubuntu; Linux i686; rv:18.0) Gecko/20100101 Firefox/18.0','it-IT,it;q=0.8,en-US;q=0.5,en;q=0.3','2013-01-14 12:49:52','2013-01-14 12:49:52'),(11,0,'INV-2012-00',4,'Bootstrap Twitter','http://bootstrap.local/',7,1,'Antonio','Villella','prova2@alice.it','sdfdsfs','','Antonio','Villella','','','','38 russell square','','brighton','bn1 2qe','United Kingdom',222,'East Sussex',3545,'','Cash On Delivery','cod','Antonio','Villella','','38 russell square','','brighton','bn1 2qe','United Kingdom',222,'East Sussex',3545,'','Flat Shipping Rate','flat.flat','',7.8750,0,0,0.0000,1,1,'GBP',1.00000000,'127.0.0.1','','Mozilla/5.0 (X11; Ubuntu; Linux i686; rv:18.0) Gecko/20100101 Firefox/18.0','it-IT,it;q=0.8,en-US;q=0.5,en;q=0.3','2013-01-14 12:55:51','2013-01-14 12:55:51'),(12,0,'INV-2012-00',4,'Bootstrap Twitter','http://bootstrap.local/',7,1,'Antonio','Villella','prova2@alice.it','sdfdsfs','','Antonio','Villella','','','','38 russell square','','brighton','bn1 2qe','United Kingdom',222,'East Sussex',3545,'','Cash On Delivery','cod','Antonio','Villella','','38 russell square','','brighton','bn1 2qe','United Kingdom',222,'East Sussex',3545,'','Flat Shipping Rate','flat.flat','',7.8750,0,0,0.0000,1,1,'GBP',1.00000000,'127.0.0.1','','Mozilla/5.0 (X11; Ubuntu; Linux i686; rv:18.0) Gecko/20100101 Firefox/18.0','it-IT,it;q=0.8,en-US;q=0.5,en;q=0.3','2013-01-14 12:56:17','2013-01-14 12:56:17'),(13,0,'INV-2012-00',4,'Bootstrap Twitter','http://bootstrap.local/',7,1,'Antonio','Villella','prova2@alice.it','sdfdsfs','','Antonio','Villella','','','','38 russell square','','brighton','bn1 2qe','United Kingdom',222,'East Sussex',3545,'','Cash On Delivery','cod','Antonio','Villella','','38 russell square','','brighton','bn1 2qe','United Kingdom',222,'East Sussex',3545,'','Flat Shipping Rate','flat.flat','',7.8750,0,0,0.0000,1,1,'GBP',1.00000000,'127.0.0.1','','Mozilla/5.0 (X11; Ubuntu; Linux i686; rv:18.0) Gecko/20100101 Firefox/18.0','it-IT,it;q=0.8,en-US;q=0.5,en;q=0.3','2013-01-14 12:56:53','2013-01-14 12:56:53'),(14,0,'INV-2012-00',4,'Bootstrap Twitter','http://bootstrap.local/',7,1,'Antonio','Villella','prova2@alice.it','sdfdsfs','','Antonio','Villella','','','','38 russell square','','brighton','bn1 2qe','United Kingdom',222,'East Sussex',3545,'','Cash On Delivery','cod','Antonio','Villella','','38 russell square','','brighton','bn1 2qe','United Kingdom',222,'East Sussex',3545,'','Flat Shipping Rate','flat.flat','',7.8750,0,0,0.0000,1,1,'GBP',1.00000000,'127.0.0.1','','Mozilla/5.0 (X11; Ubuntu; Linux i686; rv:18.0) Gecko/20100101 Firefox/18.0','it-IT,it;q=0.8,en-US;q=0.5,en;q=0.3','2013-01-14 12:57:32','2013-01-14 12:57:32'),(15,0,'INV-2012-00',4,'Bootstrap Twitter','http://bootstrap.local/',7,1,'Antonio','Villella','prova2@alice.it','sdfdsfs','','Antonio','Villella','','','','38 russell square','','brighton','bn1 2qe','United Kingdom',222,'East Sussex',3545,'','Cash On Delivery','cod','Antonio','Villella','','38 russell square','','brighton','bn1 2qe','United Kingdom',222,'East Sussex',3545,'','Flat Shipping Rate','flat.flat','',7.8750,0,0,0.0000,1,1,'GBP',1.00000000,'127.0.0.1','','Mozilla/5.0 (X11; Ubuntu; Linux i686; rv:18.0) Gecko/20100101 Firefox/18.0','it-IT,it;q=0.8,en-US;q=0.5,en;q=0.3','2013-01-14 12:58:39','2013-01-14 12:58:39'),(16,0,'INV-2012-00',4,'Bootstrap Twitter','http://bootstrap.local/',7,1,'Antonio','Villella','prova2@alice.it','sdfdsfs','','Antonio','Villella','','','','38 russell square','','brighton','bn1 2qe','United Kingdom',222,'East Sussex',3545,'','Cash On Delivery','cod','Antonio','Villella','','38 russell square','','brighton','bn1 2qe','United Kingdom',222,'East Sussex',3545,'','Flat Shipping Rate','flat.flat','',7.8750,0,0,0.0000,1,1,'GBP',1.00000000,'127.0.0.1','','Mozilla/5.0 (X11; Ubuntu; Linux i686; rv:18.0) Gecko/20100101 Firefox/18.0','it-IT,it;q=0.8,en-US;q=0.5,en;q=0.3','2013-01-14 13:00:27','2013-01-14 13:00:27'),(17,0,'INV-2012-00',4,'Bootstrap Twitter','http://bootstrap.local/',5,1,'Antonio','Villella','michele2@alice.it','0618498','','Antonio','Villella','','','','38 russell square','','brighton','bn1 2qe','United Kingdom',222,'East Sussex',3545,'','Cash On Delivery','cod','Antonio','Villella','','38 russell square','','brighton','bn1 2qe','United Kingdom',222,'East Sussex',3545,'','Flat Shipping Rate','flat.flat','',7.8750,0,0,0.0000,1,1,'GBP',1.00000000,'127.0.0.1','','Mozilla/5.0 (X11; Ubuntu; Linux i686; rv:18.0) Gecko/20100101 Firefox/18.0','it-IT,it;q=0.8,en-US;q=0.5,en;q=0.3','2013-01-14 13:56:58','2013-01-14 13:56:58'),(18,0,'INV-2012-00',4,'Bootstrap Twitter','http://bootstrap.local/',5,1,'Antonio','Villella','michele2@alice.it','0618498','','Antonio','Villella','','','','38 russell square','','brighton','bn1 2qe','United Kingdom',222,'East Sussex',3545,'','Cash On Delivery','cod','Antonio','Villella','','38 russell square','','brighton','bn1 2qe','United Kingdom',222,'East Sussex',3545,'','Flat Shipping Rate','flat.flat','',7.8750,0,0,0.0000,1,1,'GBP',1.00000000,'127.0.0.1','','Mozilla/5.0 (X11; Ubuntu; Linux i686; rv:18.0) Gecko/20100101 Firefox/18.0','it-IT,it;q=0.8,en-US;q=0.5,en;q=0.3','2013-01-14 13:58:15','2013-01-14 13:58:15'),(19,0,'INV-2012-00',4,'Bootstrap Twitter','http://bootstrap.local/',5,1,'Antonio','Villella','michele2@alice.it','0618498','','Antonio','Villella','','','','38 russell square','','brighton','bn1 2qe','United Kingdom',222,'East Sussex',3545,'','Cash On Delivery','cod','Antonio','Villella','','38 russell square','','brighton','bn1 2qe','United Kingdom',222,'East Sussex',3545,'','Flat Shipping Rate','flat.flat','',7.8750,0,0,0.0000,1,1,'GBP',1.00000000,'127.0.0.1','','Mozilla/5.0 (X11; Ubuntu; Linux i686; rv:18.0) Gecko/20100101 Firefox/18.0','it-IT,it;q=0.8,en-US;q=0.5,en;q=0.3','2013-01-14 14:00:40','2013-01-14 14:00:40'),(20,0,'INV-2012-00',4,'Bootstrap Twitter','http://bootstrap.local/',5,1,'Antonio','Villella','michele2@alice.it','0618498','','Antonio','Villella','','','','38 russell square','','brighton','bn1 2qe','United Kingdom',222,'East Sussex',3545,'','Cash On Delivery','cod','Antonio','Villella','','38 russell square','','brighton','bn1 2qe','United Kingdom',222,'East Sussex',3545,'','Flat Shipping Rate','flat.flat','',7.8750,0,0,0.0000,1,1,'GBP',1.00000000,'127.0.0.1','','Mozilla/5.0 (X11; Ubuntu; Linux i686; rv:18.0) Gecko/20100101 Firefox/18.0','it-IT,it;q=0.8,en-US;q=0.5,en;q=0.3','2013-01-14 14:03:10','2013-01-14 14:03:10'),(21,0,'INV-2012-00',4,'Bootstrap Twitter','http://bootstrap.local/',5,1,'Antonio','Villella','michele2@alice.it','0618498','','Antonio','Villella','','','','38 russell square','','brighton','bn1 2qe','United Kingdom',222,'East Sussex',3545,'','Cash On Delivery','cod','Antonio','Villella','','38 russell square','','brighton','bn1 2qe','United Kingdom',222,'East Sussex',3545,'','Flat Shipping Rate','flat.flat','',7.8750,0,0,0.0000,1,1,'GBP',1.00000000,'127.0.0.1','','Mozilla/5.0 (X11; Ubuntu; Linux i686; rv:18.0) Gecko/20100101 Firefox/18.0','it-IT,it;q=0.8,en-US;q=0.5,en;q=0.3','2013-01-14 14:03:49','2013-01-14 14:03:49'),(22,0,'INV-2012-00',4,'Bootstrap Twitter','http://bootstrap.local/',5,1,'Antonio','Villella','michele2@alice.it','0618498','','Antonio','Villella','','','','38 russell square','','brighton','bn1 2qe','United Kingdom',222,'East Sussex',3545,'','Cash On Delivery','cod','Antonio','Villella','','38 russell square','','brighton','bn1 2qe','United Kingdom',222,'East Sussex',3545,'','Flat Shipping Rate','flat.flat','',7.8750,0,0,0.0000,1,1,'GBP',1.00000000,'127.0.0.1','','Mozilla/5.0 (X11; Ubuntu; Linux i686; rv:18.0) Gecko/20100101 Firefox/18.0','it-IT,it;q=0.8,en-US;q=0.5,en;q=0.3','2013-01-14 14:04:08','2013-01-14 14:04:08'),(23,0,'INV-2012-00',4,'Bootstrap Twitter','http://bootstrap.local/',5,1,'Antonio','Villella','michele2@alice.it','0618498','','Antonio','Villella','','','','38 russell square','','brighton','bn1 2qe','United Kingdom',222,'East Sussex',3545,'','Cash On Delivery','cod','Antonio','Villella','','38 russell square','','brighton','bn1 2qe','United Kingdom',222,'East Sussex',3545,'','Flat Shipping Rate','flat.flat','',7.8750,0,0,0.0000,1,1,'GBP',1.00000000,'127.0.0.1','','Mozilla/5.0 (X11; Ubuntu; Linux i686; rv:18.0) Gecko/20100101 Firefox/18.0','it-IT,it;q=0.8,en-US;q=0.5,en;q=0.3','2013-01-14 14:05:07','2013-01-14 14:05:07'),(24,0,'INV-2012-00',4,'Bootstrap Twitter','http://bootstrap.local/',5,1,'Antonio','Villella','michele2@alice.it','0618498','','Antonio','Villella','','','','38 russell square','','brighton','bn1 2qe','United Kingdom',222,'East Sussex',3545,'','Cash On Delivery','cod','Antonio','Villella','','38 russell square','','brighton','bn1 2qe','United Kingdom',222,'East Sussex',3545,'','Flat Shipping Rate','flat.flat','',7.8750,0,0,0.0000,1,1,'GBP',1.00000000,'127.0.0.1','','Mozilla/5.0 (X11; Ubuntu; Linux i686; rv:18.0) Gecko/20100101 Firefox/18.0','it-IT,it;q=0.8,en-US;q=0.5,en;q=0.3','2013-01-14 14:05:40','2013-01-14 14:05:40'),(25,0,'INV-2012-00',4,'Bootstrap Twitter','http://bootstrap.local/',5,1,'Antonio','Villella','michele2@alice.it','0618498','','Antonio','Villella','','','','38 russell square','','brighton','bn1 2qe','United Kingdom',222,'East Sussex',3545,'','Cash On Delivery','cod','Antonio','Villella','','38 russell square','','brighton','bn1 2qe','United Kingdom',222,'East Sussex',3545,'','Flat Shipping Rate','flat.flat','',7.8750,0,0,0.0000,1,1,'GBP',1.00000000,'127.0.0.1','','Mozilla/5.0 (X11; Ubuntu; Linux i686; rv:18.0) Gecko/20100101 Firefox/18.0','it-IT,it;q=0.8,en-US;q=0.5,en;q=0.3','2013-01-14 14:11:10','2013-01-14 14:11:10'),(26,0,'INV-2012-00',4,'Bootstrap Twitter','http://bootstrap.local/',5,1,'Antonio','Villella','michele2@alice.it','0618498','','Antonio','Villella','','','','38 russell square','','brighton','bn1 2qe','United Kingdom',222,'East Sussex',3545,'','Cash On Delivery','cod','Antonio','Villella','','38 russell square','','brighton','bn1 2qe','United Kingdom',222,'East Sussex',3545,'','Flat Shipping Rate','flat.flat','',7.8750,0,0,0.0000,1,1,'GBP',1.00000000,'127.0.0.1','','Mozilla/5.0 (X11; Ubuntu; Linux i686; rv:18.0) Gecko/20100101 Firefox/18.0','it-IT,it;q=0.8,en-US;q=0.5,en;q=0.3','2013-01-14 14:11:36','2013-01-14 14:11:36'),(27,0,'INV-2012-00',4,'Bootstrap Twitter','http://bootstrap.local/',5,1,'Antonio','Villella','michele2@alice.it','0618498','','Antonio','Villella','','','','38 russell square','','brighton','bn1 2qe','United Kingdom',222,'East Sussex',3545,'','Cash On Delivery','cod','Antonio','Villella','','38 russell square','','brighton','bn1 2qe','United Kingdom',222,'East Sussex',3545,'','Flat Shipping Rate','flat.flat','',7.8750,0,0,0.0000,1,1,'GBP',1.00000000,'127.0.0.1','','Mozilla/5.0 (X11; Ubuntu; Linux i686; rv:18.0) Gecko/20100101 Firefox/18.0','it-IT,it;q=0.8,en-US;q=0.5,en;q=0.3','2013-01-14 14:12:01','2013-01-14 14:12:01'),(28,0,'INV-2012-00',4,'Bootstrap Twitter','http://bootstrap.local/',5,1,'Antonio','Villella','michele2@alice.it','0618498','','Antonio','Villella','','','','38 russell square','','brighton','bn1 2qe','United Kingdom',222,'East Sussex',3545,'','Cash On Delivery','cod','Antonio','Villella','','38 russell square','','brighton','bn1 2qe','United Kingdom',222,'East Sussex',3545,'','Flat Shipping Rate','flat.flat','',7.8750,0,0,0.0000,1,1,'GBP',1.00000000,'127.0.0.1','','Mozilla/5.0 (X11; Ubuntu; Linux i686; rv:18.0) Gecko/20100101 Firefox/18.0','it-IT,it;q=0.8,en-US;q=0.5,en;q=0.3','2013-01-14 14:12:55','2013-01-14 14:12:55'),(29,0,'INV-2012-00',4,'Bootstrap Twitter','http://bootstrap.local/',5,1,'Antonio','Villella','michele2@alice.it','0618498','','Antonio','Villella','','','','38 russell square','','brighton','bn1 2qe','United Kingdom',222,'East Sussex',3545,'','Cash On Delivery','cod','Antonio','Villella','','38 russell square','','brighton','bn1 2qe','United Kingdom',222,'East Sussex',3545,'','Flat Shipping Rate','flat.flat','',7.8750,0,0,0.0000,1,1,'GBP',1.00000000,'127.0.0.1','','Mozilla/5.0 (X11; Ubuntu; Linux i686; rv:18.0) Gecko/20100101 Firefox/18.0','it-IT,it;q=0.8,en-US;q=0.5,en;q=0.3','2013-01-14 14:13:46','2013-01-14 14:13:46'),(30,0,'INV-2012-00',4,'Bootstrap Twitter','http://bootstrap.local/',5,1,'Antonio','Villella','michele2@alice.it','0618498','','Antonio','Villella','','','','38 russell square','','brighton','bn1 2qe','United Kingdom',222,'East Sussex',3545,'','Cash On Delivery','cod','Antonio','Villella','','38 russell square','','brighton','bn1 2qe','United Kingdom',222,'East Sussex',3545,'','Flat Shipping Rate','flat.flat','',7.8750,0,0,0.0000,1,1,'GBP',1.00000000,'127.0.0.1','','Mozilla/5.0 (X11; Ubuntu; Linux i686; rv:18.0) Gecko/20100101 Firefox/18.0','it-IT,it;q=0.8,en-US;q=0.5,en;q=0.3','2013-01-14 14:14:30','2013-01-14 14:14:30'),(31,0,'INV-2012-00',4,'Bootstrap Twitter','http://bootstrap.local/',5,1,'Antonio','Villella','michele2@alice.it','0618498','','Antonio','Villella','','','','38 russell square','','brighton','bn1 2qe','United Kingdom',222,'East Sussex',3545,'','Cash On Delivery','cod','Antonio','Villella','','38 russell square','','brighton','bn1 2qe','United Kingdom',222,'East Sussex',3545,'','Flat Shipping Rate','flat.flat','',7.8750,0,0,0.0000,1,1,'GBP',1.00000000,'127.0.0.1','','Mozilla/5.0 (X11; Ubuntu; Linux i686; rv:18.0) Gecko/20100101 Firefox/18.0','it-IT,it;q=0.8,en-US;q=0.5,en;q=0.3','2013-01-14 14:15:50','2013-01-14 14:15:50'),(32,0,'INV-2012-00',4,'Bootstrap Twitter','http://bootstrap.local/',5,1,'Antonio','Villella','michele2@alice.it','0618498','','Antonio','Villella','','','','38 russell square','','brighton','bn1 2qe','United Kingdom',222,'East Sussex',3545,'','Cash On Delivery','cod','Antonio','Villella','','38 russell square','','brighton','bn1 2qe','United Kingdom',222,'East Sussex',3545,'','Flat Shipping Rate','flat.flat','',7.8750,0,0,0.0000,1,1,'GBP',1.00000000,'127.0.0.1','','Mozilla/5.0 (X11; Ubuntu; Linux i686; rv:18.0) Gecko/20100101 Firefox/18.0','it-IT,it;q=0.8,en-US;q=0.5,en;q=0.3','2013-01-14 14:17:42','2013-01-14 14:17:42'),(33,0,'INV-2012-00',4,'Bootstrap Twitter','http://bootstrap.local/',5,1,'Antonio','Villella','michele2@alice.it','0618498','','Antonio','Villella','','','','38 russell square','','brighton','bn1 2qe','United Kingdom',222,'East Sussex',3545,'','Cash On Delivery','cod','Antonio','Villella','','38 russell square','','brighton','bn1 2qe','United Kingdom',222,'East Sussex',3545,'','Flat Shipping Rate','flat.flat','',7.8750,0,0,0.0000,1,1,'GBP',1.00000000,'127.0.0.1','','Mozilla/5.0 (X11; Ubuntu; Linux i686; rv:18.0) Gecko/20100101 Firefox/18.0','it-IT,it;q=0.8,en-US;q=0.5,en;q=0.3','2013-01-14 14:18:25','2013-01-14 14:18:25'),(34,0,'INV-2012-00',4,'Bootstrap Twitter','http://bootstrap.local/',5,1,'Antonio','Villella','michele2@alice.it','0618498','','Antonio','Villella','','','','38 russell square','','brighton','bn1 2qe','United Kingdom',222,'East Sussex',3545,'','Cash On Delivery','cod','Antonio','Villella','','38 russell square','','brighton','bn1 2qe','United Kingdom',222,'East Sussex',3545,'','Flat Shipping Rate','flat.flat','',7.8750,0,0,0.0000,1,1,'GBP',1.00000000,'127.0.0.1','','Mozilla/5.0 (X11; Ubuntu; Linux i686; rv:18.0) Gecko/20100101 Firefox/18.0','it-IT,it;q=0.8,en-US;q=0.5,en;q=0.3','2013-01-14 14:19:20','2013-01-14 14:19:20'),(35,0,'INV-2012-00',4,'Bootstrap Twitter','http://bootstrap.local/',5,1,'Antonio','Villella','michele2@alice.it','0618498','','Antonio','Villella','','','','38 russell square','','brighton','bn1 2qe','United Kingdom',222,'East Sussex',3545,'','Cash On Delivery','cod','Antonio','Villella','','38 russell square','','brighton','bn1 2qe','United Kingdom',222,'East Sussex',3545,'','Flat Shipping Rate','flat.flat','',7.8750,0,0,0.0000,1,1,'GBP',1.00000000,'127.0.0.1','','Mozilla/5.0 (X11; Ubuntu; Linux i686; rv:18.0) Gecko/20100101 Firefox/18.0','it-IT,it;q=0.8,en-US;q=0.5,en;q=0.3','2013-01-14 14:20:29','2013-01-14 14:20:29'),(36,0,'INV-2012-00',4,'Bootstrap Twitter','http://bootstrap.local/',5,1,'Antonio','Villella','michele2@alice.it','0618498','','Antonio','Villella','','','','38 russell square','','brighton','bn1 2qe','United Kingdom',222,'East Sussex',3545,'','Cash On Delivery','cod','Antonio','Villella','','38 russell square','','brighton','bn1 2qe','United Kingdom',222,'East Sussex',3545,'','Flat Shipping Rate','flat.flat','',7.8750,0,0,0.0000,1,1,'GBP',1.00000000,'127.0.0.1','','Mozilla/5.0 (X11; Ubuntu; Linux i686; rv:18.0) Gecko/20100101 Firefox/18.0','it-IT,it;q=0.8,en-US;q=0.5,en;q=0.3','2013-01-14 14:21:09','2013-01-14 14:21:09'),(37,0,'INV-2012-00',4,'Bootstrap Twitter','http://bootstrap.local/',5,1,'Antonio','Villella','michele2@alice.it','0618498','','Antonio','Villella','','','','38 russell square','','brighton','bn1 2qe','United Kingdom',222,'East Sussex',3545,'','Cash On Delivery','cod','Antonio','Villella','','38 russell square','','brighton','bn1 2qe','United Kingdom',222,'East Sussex',3545,'','Flat Shipping Rate','flat.flat','',7.8750,0,0,0.0000,1,1,'GBP',1.00000000,'127.0.0.1','','Mozilla/5.0 (X11; Ubuntu; Linux i686; rv:18.0) Gecko/20100101 Firefox/18.0','it-IT,it;q=0.8,en-US;q=0.5,en;q=0.3','2013-01-14 14:23:23','2013-01-14 14:23:23'),(38,0,'INV-2012-00',4,'Bootstrap Twitter','http://bootstrap.local/',5,1,'Antonio','Villella','michele2@alice.it','0618498','','Antonio','Villella','','','','38 russell square','','brighton','bn1 2qe','United Kingdom',222,'East Sussex',3545,'','Cash On Delivery','cod','Antonio','Villella','','38 russell square','','brighton','bn1 2qe','United Kingdom',222,'East Sussex',3545,'','Flat Shipping Rate','flat.flat','',7.8750,0,0,0.0000,1,1,'GBP',1.00000000,'127.0.0.1','','Mozilla/5.0 (X11; Ubuntu; Linux i686; rv:18.0) Gecko/20100101 Firefox/18.0','it-IT,it;q=0.8,en-US;q=0.5,en;q=0.3','2013-01-14 14:26:35','2013-01-14 14:26:35'),(39,0,'INV-2012-00',4,'Bootstrap Twitter','http://bootstrap.local/',5,1,'Antonio','Villella','michele2@alice.it','0618498','','Antonio','Villella','','','','38 russell square','','brighton','bn1 2qe','United Kingdom',222,'East Sussex',3545,'','Cash On Delivery','cod','Antonio','Villella','','38 russell square','','brighton','bn1 2qe','United Kingdom',222,'East Sussex',3545,'','Flat Shipping Rate','flat.flat','',7.8750,0,0,0.0000,1,1,'GBP',1.00000000,'127.0.0.1','','Mozilla/5.0 (X11; Ubuntu; Linux i686; rv:18.0) Gecko/20100101 Firefox/18.0','it-IT,it;q=0.8,en-US;q=0.5,en;q=0.3','2013-01-14 14:30:46','2013-01-14 14:30:46'),(40,0,'INV-2012-00',4,'Bootstrap Twitter','http://bootstrap.local/',5,1,'Antonio','Villella','michele2@alice.it','0618498','','Antonio','Villella','','','','38 russell square','','brighton','bn1 2qe','United Kingdom',222,'East Sussex',3545,'','Cash On Delivery','cod','Antonio','Villella','','38 russell square','','brighton','bn1 2qe','United Kingdom',222,'East Sussex',3545,'','Flat Shipping Rate','flat.flat','',7.8750,0,0,0.0000,1,1,'GBP',1.00000000,'127.0.0.1','','Mozilla/5.0 (X11; Ubuntu; Linux i686; rv:18.0) Gecko/20100101 Firefox/18.0','it-IT,it;q=0.8,en-US;q=0.5,en;q=0.3','2013-01-14 14:34:47','2013-01-14 14:34:47'),(41,0,'INV-2012-00',4,'Bootstrap Twitter','http://bootstrap.local/',5,1,'Antonio','Villella','michele2@alice.it','0618498','','Antonio','Villella','','','','38 russell square','','brighton','bn1 2qe','United Kingdom',222,'East Sussex',3545,'','Cash On Delivery','cod','Antonio','Villella','','38 russell square','','brighton','bn1 2qe','United Kingdom',222,'East Sussex',3545,'','Flat Shipping Rate','flat.flat','',7.8750,0,0,0.0000,1,1,'GBP',1.00000000,'127.0.0.1','','Mozilla/5.0 (X11; Ubuntu; Linux i686; rv:18.0) Gecko/20100101 Firefox/18.0','it-IT,it;q=0.8,en-US;q=0.5,en;q=0.3','2013-01-14 14:44:46','2013-01-14 14:44:46'),(42,0,'INV-2012-00',4,'Bootstrap Twitter','http://bootstrap.local/',5,1,'Antonio','Villella','michele2@alice.it','0618498','','Antonio','Villella','','','','38 russell square','','brighton','bn1 2qe','United Kingdom',222,'East Sussex',3545,'','Cash On Delivery','cod','Antonio','Villella','','38 russell square','','brighton','bn1 2qe','United Kingdom',222,'East Sussex',3545,'','Flat Shipping Rate','flat.flat','',7.8750,0,0,0.0000,1,1,'GBP',1.00000000,'127.0.0.1','','Mozilla/5.0 (X11; Ubuntu; Linux i686; rv:18.0) Gecko/20100101 Firefox/18.0','it-IT,it;q=0.8,en-US;q=0.5,en;q=0.3','2013-01-14 14:49:02','2013-01-14 14:49:02'),(43,0,'INV-2012-00',4,'Bootstrap Twitter','http://bootstrap.local/',5,1,'Antonio','Villella','michele2@alice.it','0618498','','Antonio','Villella','','','','38 russell square','','brighton','bn1 2qe','United Kingdom',222,'East Sussex',3545,'','Cash On Delivery','cod','Antonio','Villella','','38 russell square','','brighton','bn1 2qe','United Kingdom',222,'East Sussex',3545,'','Flat Shipping Rate','flat.flat','',7.8750,0,0,0.0000,1,1,'GBP',1.00000000,'127.0.0.1','','Mozilla/5.0 (X11; Ubuntu; Linux i686; rv:18.0) Gecko/20100101 Firefox/18.0','it-IT,it;q=0.8,en-US;q=0.5,en;q=0.3','2013-01-14 15:08:56','2013-01-14 15:08:56'),(44,0,'INV-2012-00',4,'Bootstrap Twitter','http://bootstrap.local/',5,1,'Antonio','Villella','michele2@alice.it','0618498','','Antonio','Villella','','','','38 russell square','','brighton','bn1 2qe','United Kingdom',222,'East Sussex',3545,'','Cash On Delivery','cod','Antonio','Villella','','38 russell square','','brighton','bn1 2qe','United Kingdom',222,'East Sussex',3545,'','Flat Shipping Rate','flat.flat','',7.8750,0,0,0.0000,1,1,'GBP',1.00000000,'127.0.0.1','','Mozilla/5.0 (X11; Ubuntu; Linux i686; rv:18.0) Gecko/20100101 Firefox/18.0','it-IT,it;q=0.8,en-US;q=0.5,en;q=0.3','2013-01-14 15:10:13','2013-01-14 15:10:13'),(45,0,'INV-2012-00',4,'Bootstrap Twitter','http://bootstrap.local/',5,1,'Antonio','Villella','michele2@alice.it','0618498','','Antonio','Villella','','','','38 russell square','','brighton','bn1 2qe','United Kingdom',222,'East Sussex',3545,'','Cash On Delivery','cod','Antonio','Villella','','38 russell square','','brighton','bn1 2qe','United Kingdom',222,'East Sussex',3545,'','Flat Shipping Rate','flat.flat','',7.8750,1,0,0.0000,1,1,'GBP',1.00000000,'127.0.0.1','','Mozilla/5.0 (X11; Ubuntu; Linux i686; rv:18.0) Gecko/20100101 Firefox/18.0','it-IT,it;q=0.8,en-US;q=0.5,en;q=0.3','2013-01-14 16:01:53','2013-01-14 16:01:56'),(46,0,'INV-2012-00',4,'Bootstrap Twitter','http://bootstrap.local/',5,1,'Antonio','Villella','michele2@alice.it','06184986','','Antonio','Villella','','','','38 russell square','','brighton','bn1 2qe','United Kingdom',222,'East Sussex',3545,'','Cash On Delivery','cod','Antonio','Villella','','38 russell square','','brighton','bn1 2qe','United Kingdom',222,'East Sussex',3545,'','Flat Shipping Rate','flat.flat','',7.8750,0,0,0.0000,1,1,'GBP',1.00000000,'127.0.0.1','','Mozilla/5.0 (X11; Ubuntu; Linux i686; rv:18.0) Gecko/20100101 Firefox/18.0','it-IT,it;q=0.8,en-US;q=0.5,en;q=0.3','2013-01-15 11:22:53','2013-01-15 11:22:53'),(47,0,'INV-2012-00',5,'Sealskinz','http://sealskinz.local/',5,1,'Antonio','Villella','michele2@alice.it','06184986','','Antonio','Villella','','','','38 russell square','','brighton','bn1 2qe','United Kingdom',222,'East Sussex',3545,'','Cash On Delivery','cod','Antonio','Villella','','38 russell square','','brighton','bn1 2qe','United Kingdom',222,'East Sussex',3545,'','Flat Shipping Rate','flat.flat','',26.8750,0,0,0.0000,1,1,'GBP',1.00000000,'127.0.0.1','','Mozilla/5.0 (X11; Ubuntu; Linux i686; rv:18.0) Gecko/20100101 Firefox/18.0','it-IT,it;q=0.8,en-US;q=0.5,en;q=0.3','2013-01-21 15:31:46','2013-01-21 15:31:46'),(48,0,'INV-2012-00',5,'Sealskinz','http://sealskinz.local/',5,1,'Antonio','Villella','michele2@alice.it','06184986','','Antonio','Villella','','','','38 russell square','','brighton','bn1 2qe','United Kingdom',222,'East Sussex',3545,'','Cash On Delivery','cod','Antonio','Villella','','38 russell square','','brighton','bn1 2qe','United Kingdom',222,'East Sussex',3545,'','Flat Shipping Rate','flat.flat','',26.8750,0,0,0.0000,1,1,'GBP',1.00000000,'127.0.0.1','','Mozilla/5.0 (X11; Ubuntu; Linux i686; rv:18.0) Gecko/20100101 Firefox/18.0','it-IT,it;q=0.8,en-US;q=0.5,en;q=0.3','2013-01-21 16:45:10','2013-01-21 16:45:10'),(49,0,'INV-2012-00',5,'Sealskinz','http://sealskinz.local/',5,1,'Antonio','Villella','michele2@alice.it','06184986','','Antonio','Villella','','','','38 russell square','','brighton','bn1 2qe','United Kingdom',222,'East Sussex',3545,'','Cash On Delivery','cod','Antonio','Villella','','38 russell square','','brighton','bn1 2qe','United Kingdom',222,'East Sussex',3545,'','Flat Shipping Rate','flat.flat','',26.8750,0,0,0.0000,1,1,'GBP',1.00000000,'127.0.0.1','','Mozilla/5.0 (X11; Ubuntu; Linux i686; rv:18.0) Gecko/20100101 Firefox/18.0','it-IT,it;q=0.8,en-US;q=0.5,en;q=0.3','2013-01-21 16:57:29','2013-01-21 16:57:29'),(50,0,'INV-2012-00',5,'Sealskinz','http://sealskinz.local/',5,1,'Antonio','Villella','michele2@alice.it','06184986','','Antonio','Villella','','','','38 russell square','','brighton','bn1 2qe','United Kingdom',222,'East Sussex',3545,'','Cash On Delivery','cod','Antonio','Villella','','38 russell square','','brighton','bn1 2qe','United Kingdom',222,'East Sussex',3545,'','Flat Shipping Rate','flat.flat','',7.8750,0,0,0.0000,1,1,'GBP',1.00000000,'127.0.0.1','','Mozilla/5.0 (X11; Ubuntu; Linux i686; rv:18.0) Gecko/20100101 Firefox/18.0','it-IT,it;q=0.8,en-US;q=0.5,en;q=0.3','2013-01-28 15:27:19','2013-01-28 15:27:19'),(51,0,'INV-2012-00',5,'Sealskinz','http://sealskinz.local/',5,1,'Antonio','Villella','michele2@alice.it','06184986','','Antonio','Villella','','','','38 russell square','','brighton','bn1 2qe','United Kingdom',222,'East Sussex',3545,'','Cash On Delivery','cod','Antonio','Villella','','38 russell square','','brighton','bn1 2qe','United Kingdom',222,'East Sussex',3545,'','Flat Shipping Rate','flat.flat','',7.8750,0,0,0.0000,1,1,'GBP',1.00000000,'127.0.0.1','','Mozilla/5.0 (X11; Ubuntu; Linux i686; rv:18.0) Gecko/20100101 Firefox/18.0','it-IT,it;q=0.8,en-US;q=0.5,en;q=0.3','2013-01-28 16:48:38','2013-01-28 16:48:38'),(52,0,'INV-2012-00',5,'Sealskinz','http://sealskinz.local/',5,1,'Antonio','Villella','michele2@alice.it','06184986','','Antonio','Villella','','','','38 russell square','','brighton','bn1 2qe','United Kingdom',222,'East Sussex',3545,'','Cash On Delivery','cod','Antonio','Villella','','38 russell square','','brighton','bn1 2qe','United Kingdom',222,'East Sussex',3545,'','Flat Shipping Rate','flat.flat','',7.8750,0,0,0.0000,1,1,'GBP',1.00000000,'127.0.0.1','','Mozilla/5.0 (X11; Ubuntu; Linux i686; rv:18.0) Gecko/20100101 Firefox/18.0','it-IT,it;q=0.8,en-US;q=0.5,en;q=0.3','2013-02-01 16:16:03','2013-02-01 16:16:03'),(53,0,'INV-2012-00',5,'Sealskinz','http://sealskinz.local/',5,1,'Antonio','Villella','michele2@alice.it','06184986','','Antonio','Villella','','','','38 russell square','','brighton','bn1 2qe','United Kingdom',222,'East Sussex',3545,'','Cash On Delivery','cod','Antonio','Villella','','38 russell square','','brighton','bn1 2qe','United Kingdom',222,'East Sussex',3545,'','Flat Shipping Rate','flat.flat','',7.8750,0,0,0.0000,1,1,'GBP',1.00000000,'127.0.0.1','','Mozilla/5.0 (X11; Ubuntu; Linux i686; rv:18.0) Gecko/20100101 Firefox/18.0','it-IT,it;q=0.8,en-US;q=0.5,en;q=0.3','2013-02-01 16:17:19','2013-02-01 16:17:19'),(54,0,'INV-2012-00',5,'Sealskinz','http://sealskinz.local/',5,1,'Antonio','Villella','michele2@alice.it','06184986','','Antonio','Villella','','','','38 russell square','','brighton','bn1 2qe','United Kingdom',222,'East Sussex',3545,'','Cash On Delivery','cod','Antonio','Villella','','38 russell square','','brighton','bn1 2qe','United Kingdom',222,'East Sussex',3545,'','Flat Shipping Rate','flat.flat','',7.8750,0,0,0.0000,1,1,'GBP',1.00000000,'127.0.0.1','','Mozilla/5.0 (X11; Ubuntu; Linux i686; rv:18.0) Gecko/20100101 Firefox/18.0','it-IT,it;q=0.8,en-US;q=0.5,en;q=0.3','2013-02-01 16:18:42','2013-02-01 16:18:42'),(55,0,'INV-2012-00',1,'Whisky Shop','http://whisky.local/',19,1,'Mark','Horton','mark.horton@boundlesscommerce.co.uk','01273 1234556','','Mark','Horton','','','','1 The Street','','Brighton','BN1 1AL','United Kingdom',222,'East Sussex',3545,'','Cash On Delivery','cod','Mark','Horton','','1 The Street','','Brighton','BN1 1AL','United Kingdom',222,'East Sussex',3545,'','Flat Shipping Rate','flat.flat','',7.8750,1,0,0.0000,1,1,'GBP',1.00000000,'127.0.0.1','','Mozilla/5.0 (X11; Linux i686) AppleWebKit/537.17 (KHTML, like Gecko) Chrome/24.0.1312.57 Safari/537.17','it-IT,it;q=0.8,en-US;q=0.6,en;q=0.4','2013-02-01 16:56:51','2013-02-01 16:56:53'),(56,0,'INV-2012-00',5,'Sealskinz','http://sealskinz.local/',5,1,'Antonio','Villella','michele2@alice.it','06184986','','Antonio','Villella','','','','38 russell square','','brighton','bn1 2qe','United Kingdom',222,'East Sussex',3545,'','Cash On Delivery','cod','Antonio','Villella','','38 russell square','','brighton','bn1 2qe','United Kingdom',222,'East Sussex',3545,'','Flat Shipping Rate','flat.flat','',7.8750,0,0,0.0000,1,1,'GBP',1.00000000,'127.0.0.1','','Mozilla/5.0 (X11; Ubuntu; Linux i686; rv:18.0) Gecko/20100101 Firefox/18.0','it-IT,it;q=0.8,en-US;q=0.5,en;q=0.3','2013-02-01 17:15:14','2013-02-01 17:15:14'),(57,0,'INV-2012-00',5,'Sealskinz','http://sealskinz.local/',5,1,'Antonio','Villella','michele2@alice.it','06184986','','Antonio','Villella','','','','38 russell square','','brighton','bn1 2qe','United Kingdom',222,'East Sussex',3545,'','Cash On Delivery','cod','Antonio','Villella','','38 russell square','','brighton','bn1 2qe','United Kingdom',222,'East Sussex',3545,'','Flat Shipping Rate','flat.flat','',7.8750,0,0,0.0000,1,1,'GBP',1.00000000,'127.0.0.1','','Mozilla/5.0 (X11; Ubuntu; Linux i686; rv:18.0) Gecko/20100101 Firefox/18.0','it-IT,it;q=0.8,en-US;q=0.5,en;q=0.3','2013-02-01 17:26:34','2013-02-01 17:26:34'),(58,0,'INV-2012-00',5,'Sealskinz','http://sealskinz.local/',5,1,'Antonio','Villella','michele2@alice.it','06184986','','Antonio','Villella','','','','38 russell square','','brighton','bn1 2qe','United Kingdom',222,'East Sussex',3545,'','Cash On Delivery','cod','Antonio','Villella','','38 russell square','','brighton','bn1 2qe','United Kingdom',222,'East Sussex',3545,'','Flat Shipping Rate','flat.flat','',7.8750,0,0,0.0000,1,1,'GBP',1.00000000,'127.0.0.1','','Mozilla/5.0 (X11; Ubuntu; Linux i686; rv:18.0) Gecko/20100101 Firefox/18.0','en-US,en;q=0.5','2013-02-06 12:26:29','2013-02-06 12:26:29'),(59,0,'INV-2012-00',5,'Sealskinz','http://sealskinz.local/',5,1,'Antonio','Villella','michele2@alice.it','06184986','','Antonio','Villella','','','','38 russell square','','brighton','bn1 2qe','United Kingdom',222,'East Sussex',3545,'','Cash On Delivery','cod','Antonio','Villella','','38 russell square','','brighton','bn1 2qe','United Kingdom',222,'East Sussex',3545,'','Flat Shipping Rate','flat.flat','',7.8750,0,0,0.0000,1,1,'GBP',1.00000000,'127.0.0.1','','Mozilla/5.0 (X11; Ubuntu; Linux i686; rv:18.0) Gecko/20100101 Firefox/18.0','en-US,en;q=0.5','2013-02-06 12:34:20','2013-02-06 12:34:20'),(60,0,'INV-2012-00',5,'Sealskinz','http://sealskinz.local/',0,1,'michele','zarrillo','sdffs@alice.it','0151616016','0030','michele','zarrillo','sdf','s','','sdf','sdfsf','sdfsd','0666461','United Kingdom',222,'Ceredigion',3528,'','Cash On Delivery','cod','michele','zarrillo','sdf','sdf','sdfsf','sdfsd','0666461','United Kingdom',222,'Ceredigion',3528,'','Flat Shipping Rate','flat.flat','',7.8750,0,0,0.0000,1,1,'GBP',1.00000000,'127.0.0.1','','Mozilla/5.0 (X11; Ubuntu; Linux i686; rv:18.0) Gecko/20100101 Firefox/18.0','it-IT,it;q=0.8,en-US;q=0.5,en;q=0.3','2013-02-08 09:10:51','2013-02-08 09:10:51'),(61,0,'INV-2012-00',5,'Sealskinz','http://sealskinz.local/',5,1,'Antonio','Villella','michele2@alice.it','06184986','','Antonio','Villella','','','','38 russell square','','brighton','bn1 2qe','United Kingdom',222,'East Sussex',3545,'','Cash On Delivery','cod','Antonio','Villella','','38 russell square','','brighton','bn1 2qe','United Kingdom',222,'East Sussex',3545,'','Flat Shipping Rate','flat.flat','',7.8750,0,0,0.0000,1,1,'GBP',1.00000000,'127.0.0.1','','Mozilla/5.0 (X11; Ubuntu; Linux i686; rv:18.0) Gecko/20100101 Firefox/18.0','it-IT,it;q=0.8,en-US;q=0.5,en;q=0.3','2013-02-14 15:13:40','2013-02-14 15:13:40'),(62,0,'INV-2012-00',5,'Sealskinz','http://sealskinz.local/',5,1,'Antonio','Villella','michele2@alice.it','06184986','','Antonio','Villella','','','','38 russell square','','brighton','bn1 2qe','United Kingdom',222,'East Sussex',3545,'','Cash On Delivery','cod','Antonio','Villella','','38 russell square','','brighton','bn1 2qe','United Kingdom',222,'East Sussex',3545,'','Flat Shipping Rate','flat.flat','',7.8750,0,0,0.0000,1,1,'GBP',1.00000000,'127.0.0.1','','Mozilla/5.0 (X11; Ubuntu; Linux i686; rv:18.0) Gecko/20100101 Firefox/18.0','it-IT,it;q=0.8,en-US;q=0.5,en;q=0.3','2013-02-14 15:14:36','2013-02-14 15:14:36'),(63,0,'INV-2012-00',5,'Sealskinz','http://sealskinz.local/',5,1,'Antonio','Villella','michele2@alice.it','06184986','','Antonio','Villella','','','','38 russell square','','brighton','bn1 2qe','United Kingdom',222,'East Sussex',3545,'','Cash On Delivery','cod','Antonio','Villella','','38 russell square','','brighton','bn1 2qe','United Kingdom',222,'East Sussex',3545,'','Flat Shipping Rate','flat.flat','',7.8750,0,0,0.0000,1,1,'GBP',1.00000000,'127.0.0.1','','Mozilla/5.0 (X11; Ubuntu; Linux i686; rv:18.0) Gecko/20100101 Firefox/18.0','it-IT,it;q=0.8,en-US;q=0.5,en;q=0.3','2013-02-15 14:58:15','2013-02-15 14:58:15'),(64,0,'INV-2012-00',5,'Sealskinz','http://sealskinz.local/',5,1,'Antonio','Villella','michele2@alice.it','06184986','','Antonio','Villella','','','','38 russell square','','brighton','bn1 2qe','United Kingdom',222,'East Sussex',3545,'','Cash On Delivery','cod','Antonio','Villella','','38 russell square','','brighton','bn1 2qe','United Kingdom',222,'East Sussex',3545,'','Flat Shipping Rate','flat.flat','',7.8750,0,0,0.0000,1,1,'GBP',1.00000000,'127.0.0.1','','Mozilla/5.0 (X11; Ubuntu; Linux i686; rv:18.0) Gecko/20100101 Firefox/18.0','it-IT,it;q=0.8,en-US;q=0.5,en;q=0.3','2013-02-15 15:00:11','2013-02-15 15:00:11'),(65,0,'INV-2012-00',5,'Sealskinz','http://sealskinz.local/',5,1,'Antonio','Villella','michele2@alice.it','06184986','','Antonio','Villella','','','','38 russell square','','brighton','bn1 2qe','United Kingdom',222,'East Sussex',3545,'','Cash On Delivery','cod','Antonio','Villella','','38 russell square','','brighton','bn1 2qe','United Kingdom',222,'East Sussex',3545,'','Flat Shipping Rate','flat.flat','',7.8750,0,0,0.0000,1,1,'GBP',1.00000000,'127.0.0.1','','Mozilla/5.0 (X11; Ubuntu; Linux i686; rv:18.0) Gecko/20100101 Firefox/18.0','it-IT,it;q=0.8,en-US;q=0.5,en;q=0.3','2013-02-15 15:02:00','2013-02-15 15:02:00'),(66,0,'INV-2012-00',5,'Sealskinz','http://sealskinz.local/',5,1,'Antonio','Villella','michele2@alice.it','06184986','','Antonio','Villella','','','','38 russell square','','brighton','bn1 2qe','United Kingdom',222,'East Sussex',3545,'','Cash On Delivery','cod','Antonio','Villella','','38 russell square','','brighton','bn1 2qe','United Kingdom',222,'East Sussex',3545,'','Flat Shipping Rate','flat.flat','',7.8750,0,0,0.0000,1,1,'GBP',1.00000000,'127.0.0.1','','Mozilla/5.0 (X11; Ubuntu; Linux i686; rv:18.0) Gecko/20100101 Firefox/18.0','it-IT,it;q=0.8,en-US;q=0.5,en;q=0.3','2013-02-15 15:04:03','2013-02-15 15:04:03'),(67,0,'INV-2012-00',5,'Sealskinz','http://sealskinz.local/',5,1,'Antonio','Villella','michele2@alice.it','06184986','','Antonio','Villella','','','','38 russell square','','brighton','bn1 2qe','United Kingdom',222,'East Sussex',3545,'','Cash On Delivery','cod','Antonio','Villella','','38 russell square','','brighton','bn1 2qe','United Kingdom',222,'East Sussex',3545,'','Flat Shipping Rate','flat.flat','',7.8750,0,0,0.0000,1,1,'GBP',1.00000000,'127.0.0.1','','Mozilla/5.0 (X11; Ubuntu; Linux i686; rv:18.0) Gecko/20100101 Firefox/18.0','it-IT,it;q=0.8,en-US;q=0.5,en;q=0.3','2013-02-15 15:08:58','2013-02-15 15:08:58'),(68,0,'INV-2012-00',5,'Sealskinz','http://sealskinz.local/',5,1,'Antonio','Villella','michele2@alice.it','06184986','','Antonio','Villella','','','','38 russell square','','brighton','bn1 2qe','United Kingdom',222,'East Sussex',3545,'','Cash On Delivery','cod','Antonio','Villella','','38 russell square','','brighton','bn1 2qe','United Kingdom',222,'East Sussex',3545,'','Flat Shipping Rate','flat.flat','',7.8750,0,0,0.0000,1,1,'GBP',1.00000000,'127.0.0.1','','Mozilla/5.0 (X11; Ubuntu; Linux i686; rv:18.0) Gecko/20100101 Firefox/18.0','it-IT,it;q=0.8,en-US;q=0.5,en;q=0.3','2013-02-15 15:15:01','2013-02-15 15:15:01'),(69,0,'INV-2012-00',5,'Sealskinz','http://sealskinz.local/',5,1,'Antonio','Villella','michele2@alice.it','06184986','','Antonio','Villella','','','','38 russell square','','brighton','bn1 2qe','United Kingdom',222,'East Sussex',3545,'','Cash On Delivery','cod','Antonio','Villella','','38 russell square','','brighton','bn1 2qe','United Kingdom',222,'East Sussex',3545,'','Flat Shipping Rate','flat.flat','',7.8750,0,0,0.0000,1,1,'GBP',1.00000000,'127.0.0.1','','Mozilla/5.0 (X11; Ubuntu; Linux i686; rv:18.0) Gecko/20100101 Firefox/18.0','it-IT,it;q=0.8,en-US;q=0.5,en;q=0.3','2013-02-15 15:18:44','2013-02-15 15:18:44'),(70,0,'INV-2012-00',5,'Sealskinz','http://sealskinz.local/',5,1,'Antonio','Villella','michele2@alice.it','06184986','','Antonio','Villella','','','','38 russell square','','brighton','bn1 2qe','United Kingdom',222,'East Sussex',3545,'','Cash On Delivery','cod','Antonio','Villella','','38 russell square','','brighton','bn1 2qe','United Kingdom',222,'East Sussex',3545,'','Flat Shipping Rate','flat.flat','',7.8750,0,0,0.0000,1,1,'GBP',1.00000000,'127.0.0.1','','Mozilla/5.0 (X11; Ubuntu; Linux i686; rv:18.0) Gecko/20100101 Firefox/18.0','it-IT,it;q=0.8,en-US;q=0.5,en;q=0.3','2013-02-19 11:06:38','2013-02-19 11:06:38'),(71,0,'INV-2012-00',5,'Sealskinz','http://sealskinz.local/',5,1,'Antonio','Villella','michele2@alice.it','06184986','','Antonio','Villella','','','','38 russell square','','brighton','bn1 2qe','United Kingdom',222,'East Sussex',3545,'','Cash On Delivery','cod','Antonio','Villella','','38 russell square','','brighton','bn1 2qe','United Kingdom',222,'East Sussex',3545,'','Flat Shipping Rate','flat.flat','',7.8750,0,0,0.0000,1,1,'GBP',1.00000000,'127.0.0.1','','Mozilla/5.0 (X11; Ubuntu; Linux i686; rv:18.0) Gecko/20100101 Firefox/18.0','it-IT,it;q=0.8,en-US;q=0.5,en;q=0.3','2013-02-19 11:07:39','2013-02-19 11:07:39'),(72,0,'INV-2012-00',5,'Sealskinz','http://sealskinz.local/',5,1,'Antonio','Villella','michele2@alice.it','06184986','','Antonio','Villella','','','','38 russell square','','brighton','bn1 2qe','United Kingdom',222,'East Sussex',3545,'','Cash On Delivery','cod','Antonio','Villella','','38 russell square','','brighton','bn1 2qe','United Kingdom',222,'East Sussex',3545,'','Flat Shipping Rate','flat.flat','',7.8750,0,0,0.0000,1,1,'GBP',1.00000000,'127.0.0.1','','Mozilla/5.0 (X11; Ubuntu; Linux i686; rv:18.0) Gecko/20100101 Firefox/18.0','it-IT,it;q=0.8,en-US;q=0.5,en;q=0.3','2013-02-19 11:09:42','2013-02-19 11:09:42'),(73,0,'INV-2012-00',5,'Sealskinz','http://sealskinz.local/',5,1,'Antonio','Villella','michele2@alice.it','06184986','','Antonio','Villella','','','','38 russell square','','brighton','bn1 2qe','United Kingdom',222,'East Sussex',3545,'','Cash On Delivery','cod','Antonio','Villella','','38 russell square','','brighton','bn1 2qe','United Kingdom',222,'East Sussex',3545,'','Flat Shipping Rate','flat.flat','',7.8750,0,0,0.0000,1,1,'GBP',1.00000000,'127.0.0.1','','Mozilla/5.0 (X11; Ubuntu; Linux i686; rv:18.0) Gecko/20100101 Firefox/18.0','it-IT,it;q=0.8,en-US;q=0.5,en;q=0.3','2013-02-19 11:10:13','2013-02-19 11:10:13'),(74,0,'INV-2012-00',5,'Sealskinz','http://sealskinz.local/',5,1,'Antonio','Villella','michele2@alice.it','06184986','','Antonio','Villella','','','','38 russell square','','brighton','bn1 2qe','United Kingdom',222,'East Sussex',3545,'','Cash On Delivery','cod','Antonio','Villella','','38 russell square','','brighton','bn1 2qe','United Kingdom',222,'East Sussex',3545,'','Flat Shipping Rate','flat.flat','',7.8750,0,0,0.0000,1,1,'GBP',1.00000000,'127.0.0.1','','Mozilla/5.0 (X11; Ubuntu; Linux i686; rv:18.0) Gecko/20100101 Firefox/18.0','it-IT,it;q=0.8,en-US;q=0.5,en;q=0.3','2013-02-19 11:19:25','2013-02-19 11:19:25'),(75,0,'INV-2012-00',5,'Sealskinz','http://sealskinz.local/',5,1,'Antonio','Villella','michele2@alice.it','06184986','','Antonio','Villella','','','','38 russell square','','brighton','bn1 2qe','United Kingdom',222,'East Sussex',3545,'','Cash On Delivery','cod','Antonio','Villella','','38 russell square','','brighton','bn1 2qe','United Kingdom',222,'East Sussex',3545,'','Flat Shipping Rate','flat.flat','',7.8750,0,0,0.0000,1,1,'GBP',1.00000000,'127.0.0.1','','Mozilla/5.0 (X11; Ubuntu; Linux i686; rv:18.0) Gecko/20100101 Firefox/18.0','it-IT,it;q=0.8,en-US;q=0.5,en;q=0.3','2013-02-19 11:48:21','2013-02-19 11:48:21'),(76,0,'INV-2012-00',5,'Sealskinz','http://sealskinz.local/',5,1,'Antonio','Villella','michele2@alice.it','06184986','','Antonio','Villella','','','','38 russell square','','brighton','bn1 2qe','United Kingdom',222,'East Sussex',3545,'','Cash On Delivery','cod','Antonio','Villella','','38 russell square','','brighton','bn1 2qe','United Kingdom',222,'East Sussex',3545,'','Flat Shipping Rate','flat.flat','',7.8750,0,0,0.0000,1,1,'GBP',1.00000000,'127.0.0.1','','Mozilla/5.0 (X11; Ubuntu; Linux i686; rv:18.0) Gecko/20100101 Firefox/18.0','it-IT,it;q=0.8,en-US;q=0.5,en;q=0.3','2013-02-19 11:50:35','2013-02-19 11:50:35'),(77,0,'INV-2012-00',5,'Sealskinz','http://sealskinz.local/',5,1,'Antonio','Villella','michele2@alice.it','06184986','','Antonio','Villella','','','','38 russell square','','brighton','bn1 2qe','United Kingdom',222,'East Sussex',3545,'','Cash On Delivery','cod','Antonio','Villella','','38 russell square','','brighton','bn1 2qe','United Kingdom',222,'East Sussex',3545,'','Flat Shipping Rate','flat.flat','',7.8750,0,0,0.0000,1,1,'GBP',1.00000000,'127.0.0.1','','Mozilla/5.0 (X11; Ubuntu; Linux i686; rv:18.0) Gecko/20100101 Firefox/18.0','it-IT,it;q=0.8,en-US;q=0.5,en;q=0.3','2013-02-19 11:51:07','2013-02-19 11:51:07'),(78,0,'INV-2012-00',5,'Sealskinz','http://sealskinz.local/',5,1,'Antonio','Villella','michele2@alice.it','06184986','','Antonio','Villella','','','','38 russell square','','brighton','bn1 2qe','United Kingdom',222,'East Sussex',3545,'','Cash On Delivery','cod','Antonio','Villella','','38 russell square','','brighton','bn1 2qe','United Kingdom',222,'East Sussex',3545,'','Flat Shipping Rate','flat.flat','',7.8750,0,0,0.0000,1,1,'GBP',1.00000000,'127.0.0.1','','Mozilla/5.0 (X11; Ubuntu; Linux i686; rv:19.0) Gecko/20100101 Firefox/19.0','it-IT,it;q=0.8,en-US;q=0.5,en;q=0.3','2013-03-04 13:54:30','2013-03-04 13:54:30'),(79,0,'INV-2012-00',5,'Sealskinz','http://sealskinz.local/',0,1,'Antonio','Villella','antonio.villella6@gmail.com','0516510060','','Antonio','Villella','','','','38 russell square','','brighton','bn1 2qe','United Kingdom',222,'East Sussex',3545,'','Cash On Delivery','cod','Antonio','Villella','','38 russell square','','brighton','bn1 2qe','United Kingdom',222,'East Sussex',3545,'','Flat Shipping Rate','flat.flat','',7.8750,1,0,0.0000,1,1,'GBP',1.00000000,'127.0.0.1','','Mozilla/5.0 (X11; Ubuntu; Linux i686; rv:19.0) Gecko/20100101 Firefox/19.0','it-IT,it;q=0.8,en-US;q=0.5,en;q=0.3','2013-03-06 17:01:25','2013-03-06 17:01:27');
/*!40000 ALTER TABLE `order` ENABLE KEYS */;
UNLOCK TABLES;

--
-- Table structure for table `order_download`
--

DROP TABLE IF EXISTS `order_download`;
/*!40101 SET @saved_cs_client     = @@character_set_client */;
/*!40101 SET character_set_client = utf8 */;
CREATE TABLE `order_download` (
  `order_download_id` int(11) NOT NULL AUTO_INCREMENT,
  `order_id` int(11) NOT NULL,
  `order_product_id` int(11) NOT NULL,
  `name` varchar(64) COLLATE utf8_bin NOT NULL DEFAULT '',
  `filename` varchar(128) COLLATE utf8_bin NOT NULL DEFAULT '',
  `mask` varchar(128) COLLATE utf8_bin NOT NULL DEFAULT '',
  `remaining` int(3) NOT NULL DEFAULT '0',
  PRIMARY KEY (`order_download_id`)
) ENGINE=MyISAM DEFAULT CHARSET=utf8 COLLATE=utf8_bin;
/*!40101 SET character_set_client = @saved_cs_client */;

--
-- Dumping data for table `order_download`
--

LOCK TABLES `order_download` WRITE;
/*!40000 ALTER TABLE `order_download` DISABLE KEYS */;
/*!40000 ALTER TABLE `order_download` ENABLE KEYS */;
UNLOCK TABLES;

--
-- Table structure for table `order_fraud`
--

DROP TABLE IF EXISTS `order_fraud`;
/*!40101 SET @saved_cs_client     = @@character_set_client */;
/*!40101 SET character_set_client = utf8 */;
CREATE TABLE `order_fraud` (
  `order_id` int(11) NOT NULL,
  `customer_id` int(11) NOT NULL,
  `country_match` varchar(3) COLLATE utf8_bin NOT NULL,
  `country_code` varchar(2) COLLATE utf8_bin NOT NULL,
  `high_risk_country` varchar(3) COLLATE utf8_bin NOT NULL,
  `distance` int(11) NOT NULL,
  `ip_region` varchar(255) COLLATE utf8_bin NOT NULL,
  `ip_city` varchar(255) COLLATE utf8_bin NOT NULL,
  `ip_latitude` decimal(10,6) NOT NULL,
  `ip_longitude` decimal(10,6) NOT NULL,
  `ip_isp` varchar(255) COLLATE utf8_bin NOT NULL,
  `ip_org` varchar(255) COLLATE utf8_bin NOT NULL,
  `ip_asnum` int(11) NOT NULL,
  `ip_user_type` varchar(255) COLLATE utf8_bin NOT NULL,
  `ip_country_confidence` varchar(3) COLLATE utf8_bin NOT NULL,
  `ip_region_confidence` varchar(3) COLLATE utf8_bin NOT NULL,
  `ip_city_confidence` varchar(3) COLLATE utf8_bin NOT NULL,
  `ip_postal_confidence` varchar(3) COLLATE utf8_bin NOT NULL,
  `ip_postal_code` varchar(10) COLLATE utf8_bin NOT NULL,
  `ip_accuracy_radius` int(11) NOT NULL,
  `ip_net_speed_cell` varchar(255) COLLATE utf8_bin NOT NULL,
  `ip_metro_code` int(3) NOT NULL,
  `ip_area_code` int(3) NOT NULL,
  `ip_time_zone` varchar(255) COLLATE utf8_bin NOT NULL,
  `ip_region_name` varchar(255) COLLATE utf8_bin NOT NULL,
  `ip_domain` varchar(255) COLLATE utf8_bin NOT NULL,
  `ip_country_name` varchar(255) COLLATE utf8_bin NOT NULL,
  `ip_continent_code` varchar(2) COLLATE utf8_bin NOT NULL,
  `ip_corporate_proxy` varchar(3) COLLATE utf8_bin NOT NULL,
  `anonymous_proxy` varchar(3) COLLATE utf8_bin NOT NULL,
  `proxy_score` int(3) NOT NULL,
  `is_trans_proxy` varchar(3) COLLATE utf8_bin NOT NULL,
  `free_mail` varchar(3) COLLATE utf8_bin NOT NULL,
  `carder_email` varchar(3) COLLATE utf8_bin NOT NULL,
  `high_risk_username` varchar(3) COLLATE utf8_bin NOT NULL,
  `high_risk_password` varchar(3) COLLATE utf8_bin NOT NULL,
  `bin_match` varchar(10) COLLATE utf8_bin NOT NULL,
  `bin_country` varchar(2) COLLATE utf8_bin NOT NULL,
  `bin_name_match` varchar(3) COLLATE utf8_bin NOT NULL,
  `bin_name` varchar(255) COLLATE utf8_bin NOT NULL,
  `bin_phone_match` varchar(3) COLLATE utf8_bin NOT NULL,
  `bin_phone` varchar(32) COLLATE utf8_bin NOT NULL,
  `customer_phone_in_billing_location` varchar(8) COLLATE utf8_bin NOT NULL,
  `ship_forward` varchar(3) COLLATE utf8_bin NOT NULL,
  `city_postal_match` varchar(3) COLLATE utf8_bin NOT NULL,
  `ship_city_postal_match` varchar(3) COLLATE utf8_bin NOT NULL,
  `score` decimal(10,5) NOT NULL,
  `explanation` text COLLATE utf8_bin NOT NULL,
  `risk_score` decimal(10,5) NOT NULL,
  `queries_remaining` int(11) NOT NULL,
  `maxmind_id` varchar(8) COLLATE utf8_bin NOT NULL,
  `error` text COLLATE utf8_bin NOT NULL,
  `date_added` datetime NOT NULL DEFAULT '0000-00-00 00:00:00',
  PRIMARY KEY (`order_id`)
) ENGINE=MyISAM DEFAULT CHARSET=utf8 COLLATE=utf8_bin;
/*!40101 SET character_set_client = @saved_cs_client */;

--
-- Dumping data for table `order_fraud`
--

LOCK TABLES `order_fraud` WRITE;
/*!40000 ALTER TABLE `order_fraud` DISABLE KEYS */;
/*!40000 ALTER TABLE `order_fraud` ENABLE KEYS */;
UNLOCK TABLES;

--
-- Table structure for table `order_history`
--

DROP TABLE IF EXISTS `order_history`;
/*!40101 SET @saved_cs_client     = @@character_set_client */;
/*!40101 SET character_set_client = utf8 */;
CREATE TABLE `order_history` (
  `order_history_id` int(11) NOT NULL AUTO_INCREMENT,
  `order_id` int(11) NOT NULL,
  `order_status_id` int(5) NOT NULL,
  `notify` tinyint(1) NOT NULL DEFAULT '0',
  `comment` text COLLATE utf8_bin NOT NULL,
  `date_added` datetime NOT NULL DEFAULT '0000-00-00 00:00:00',
  PRIMARY KEY (`order_history_id`)
) ENGINE=MyISAM AUTO_INCREMENT=4 DEFAULT CHARSET=utf8 COLLATE=utf8_bin;
/*!40101 SET character_set_client = @saved_cs_client */;

--
-- Dumping data for table `order_history`
--

LOCK TABLES `order_history` WRITE;
/*!40000 ALTER TABLE `order_history` DISABLE KEYS */;
INSERT INTO `order_history` VALUES (1,45,1,1,'','2013-01-14 16:01:56'),(2,55,1,1,'','2013-02-01 16:56:53'),(3,79,1,1,'','2013-03-06 17:01:27');
/*!40000 ALTER TABLE `order_history` ENABLE KEYS */;
UNLOCK TABLES;

--
-- Table structure for table `order_option`
--

DROP TABLE IF EXISTS `order_option`;
/*!40101 SET @saved_cs_client     = @@character_set_client */;
/*!40101 SET character_set_client = utf8 */;
CREATE TABLE `order_option` (
  `order_option_id` int(11) NOT NULL AUTO_INCREMENT,
  `order_id` int(11) NOT NULL,
  `order_product_id` int(11) NOT NULL,
  `product_option_id` int(11) NOT NULL,
  `product_option_value_id` int(11) NOT NULL DEFAULT '0',
  `name` varchar(255) COLLATE utf8_bin NOT NULL,
  `value` text COLLATE utf8_bin NOT NULL,
  `type` varchar(32) COLLATE utf8_bin NOT NULL,
  PRIMARY KEY (`order_option_id`)
) ENGINE=MyISAM AUTO_INCREMENT=45 DEFAULT CHARSET=utf8 COLLATE=utf8_bin;
/*!40101 SET character_set_client = @saved_cs_client */;

--
-- Dumping data for table `order_option`
--

LOCK TABLES `order_option` WRITE;
/*!40000 ALTER TABLE `order_option` DISABLE KEYS */;
INSERT INTO `order_option` VALUES (1,47,47,227,17,'Size','Small','select'),(2,48,48,227,17,'Size','Small','select'),(3,49,49,227,17,'Size','Small','select'),(4,50,50,229,26,'Size Sealskinz','XL','radio'),(5,51,51,229,26,'Size Sealskinz','XL','radio'),(6,52,52,229,26,'Size Sealskinz','XL','radio'),(7,53,53,229,26,'Size Sealskinz','XL','radio'),(8,54,54,229,26,'Size Sealskinz','XL','radio'),(9,56,56,229,26,'Size Sealskinz','XL','radio'),(10,57,57,229,26,'Size Sealskinz','XL','radio'),(11,58,58,229,26,'Size Sealskinz','XL','radio'),(12,58,59,229,23,'Size Sealskinz','S','radio'),(13,59,60,229,26,'Size Sealskinz','XL','radio'),(14,59,61,229,23,'Size Sealskinz','S','radio'),(15,60,62,229,26,'Size Sealskinz','XL','radio'),(16,61,63,229,24,'Size Sealskinz','M','radio'),(17,61,64,229,23,'Size Sealskinz','S','radio'),(18,61,65,229,25,'Size Sealskinz','L','radio'),(19,62,66,229,24,'Size Sealskinz','M','radio'),(20,62,67,229,23,'Size Sealskinz','S','radio'),(21,62,68,229,25,'Size Sealskinz','L','radio'),(22,63,69,229,24,'Size Sealskinz','M','radio'),(23,64,70,229,24,'Size Sealskinz','M','radio'),(24,65,71,229,24,'Size Sealskinz','M','radio'),(25,66,72,229,24,'Size Sealskinz','M','radio'),(26,67,73,229,24,'Size Sealskinz','M','radio'),(27,68,74,229,24,'Size Sealskinz','M','radio'),(28,69,75,229,24,'Size Sealskinz','M','radio'),(29,70,76,229,24,'Size Sealskinz','M','radio'),(30,71,77,229,24,'Size Sealskinz','M','radio'),(31,72,78,229,24,'Size Sealskinz','M','radio'),(32,73,79,229,24,'Size Sealskinz','M','radio'),(33,73,80,229,25,'Size Sealskinz','L','radio'),(34,74,81,229,24,'Size Sealskinz','M','radio'),(35,74,82,229,25,'Size Sealskinz','L','radio'),(36,75,83,229,25,'Size Sealskinz','L','radio'),(37,75,84,229,24,'Size Sealskinz','M','radio'),(38,76,85,229,25,'Size Sealskinz','L','radio'),(39,76,86,229,24,'Size Sealskinz','M','radio'),(40,77,87,229,25,'Size Sealskinz','L','radio'),(41,77,88,229,24,'Size Sealskinz','M','radio'),(42,78,89,229,24,'Size Sealskinz','M','radio'),(43,78,90,229,25,'Size Sealskinz','L','radio'),(44,79,91,229,23,'Size Sealskinz','S','radio');
/*!40000 ALTER TABLE `order_option` ENABLE KEYS */;
UNLOCK TABLES;

--
-- Table structure for table `order_product`
--

DROP TABLE IF EXISTS `order_product`;
/*!40101 SET @saved_cs_client     = @@character_set_client */;
/*!40101 SET character_set_client = utf8 */;
CREATE TABLE `order_product` (
  `order_product_id` int(11) NOT NULL AUTO_INCREMENT,
  `order_id` int(11) NOT NULL,
  `product_id` int(11) NOT NULL,
  `name` varchar(255) COLLATE utf8_bin NOT NULL,
  `model` varchar(64) COLLATE utf8_bin NOT NULL,
  `quantity` int(4) NOT NULL,
  `price` decimal(15,4) NOT NULL DEFAULT '0.0000',
  `total` decimal(15,4) NOT NULL DEFAULT '0.0000',
  `tax` decimal(15,4) NOT NULL DEFAULT '0.0000',
  `reward` int(8) NOT NULL,
  PRIMARY KEY (`order_product_id`)
) ENGINE=MyISAM AUTO_INCREMENT=92 DEFAULT CHARSET=utf8 COLLATE=utf8_bin;
/*!40101 SET character_set_client = @saved_cs_client */;

--
-- Dumping data for table `order_product`
--

LOCK TABLES `order_product` WRITE;
/*!40000 ALTER TABLE `order_product` DISABLE KEYS */;
INSERT INTO `order_product` VALUES (1,1,53,'ABERFELDY DISTILLERY 14Y/0 46%','ABERFELDY',1,0.0000,0.0000,0.0000,0),(2,2,77,'BAMBOO SLEEVELESS TOP BLACK WITH FIRE TIE DYE','BAMBOO SLEEVELESS TOP BLACK WITH FIRE TIE DYE',1,0.0000,0.0000,0.0000,0),(3,3,77,'BAMBOO SLEEVELESS TOP BLACK WITH FIRE TIE DYE','BAMBOO SLEEVELESS TOP BLACK WITH FIRE TIE DYE',1,0.0000,0.0000,0.0000,0),(4,4,77,'BAMBOO SLEEVELESS TOP BLACK WITH FIRE TIE DYE','BAMBOO SLEEVELESS TOP BLACK WITH FIRE TIE DYE',1,0.0000,0.0000,0.0000,0),(5,5,77,'BAMBOO SLEEVELESS TOP BLACK WITH FIRE TIE DYE','BAMBOO SLEEVELESS TOP BLACK WITH FIRE TIE DYE',1,0.0000,0.0000,0.0000,0),(6,6,77,'BAMBOO SLEEVELESS TOP BLACK WITH FIRE TIE DYE','BAMBOO SLEEVELESS TOP BLACK WITH FIRE TIE DYE',1,0.0000,0.0000,0.0000,0),(7,7,77,'BAMBOO SLEEVELESS TOP BLACK WITH FIRE TIE DYE','BAMBOO SLEEVELESS TOP BLACK WITH FIRE TIE DYE',1,0.0000,0.0000,0.0000,0),(8,8,77,'BAMBOO SLEEVELESS TOP BLACK WITH FIRE TIE DYE','BAMBOO SLEEVELESS TOP BLACK WITH FIRE TIE DYE',1,0.0000,0.0000,0.0000,0),(9,9,77,'BAMBOO SLEEVELESS TOP BLACK WITH FIRE TIE DYE','BAMBOO SLEEVELESS TOP BLACK WITH FIRE TIE DYE',1,0.0000,0.0000,0.0000,0),(10,10,77,'BAMBOO SLEEVELESS TOP BLACK WITH FIRE TIE DYE','BAMBOO SLEEVELESS TOP BLACK WITH FIRE TIE DYE',1,0.0000,0.0000,0.0000,0),(11,11,77,'BAMBOO SLEEVELESS TOP BLACK WITH FIRE TIE DYE','BAMBOO SLEEVELESS TOP BLACK WITH FIRE TIE DYE',1,0.0000,0.0000,0.0000,0),(12,12,77,'BAMBOO SLEEVELESS TOP BLACK WITH FIRE TIE DYE','BAMBOO SLEEVELESS TOP BLACK WITH FIRE TIE DYE',1,0.0000,0.0000,0.0000,0),(13,13,77,'BAMBOO SLEEVELESS TOP BLACK WITH FIRE TIE DYE','BAMBOO SLEEVELESS TOP BLACK WITH FIRE TIE DYE',1,0.0000,0.0000,0.0000,0),(14,14,77,'BAMBOO SLEEVELESS TOP BLACK WITH FIRE TIE DYE','BAMBOO SLEEVELESS TOP BLACK WITH FIRE TIE DYE',1,0.0000,0.0000,0.0000,0),(15,15,77,'BAMBOO SLEEVELESS TOP BLACK WITH FIRE TIE DYE','BAMBOO SLEEVELESS TOP BLACK WITH FIRE TIE DYE',1,0.0000,0.0000,0.0000,0),(16,16,77,'BAMBOO SLEEVELESS TOP BLACK WITH FIRE TIE DYE','BAMBOO SLEEVELESS TOP BLACK WITH FIRE TIE DYE',1,0.0000,0.0000,0.0000,0),(17,17,77,'BAMBOO SLEEVELESS TOP BLACK WITH FIRE TIE DYE','BAMBOO SLEEVELESS TOP BLACK WITH FIRE TIE DYE',1,0.0000,0.0000,0.0000,0),(18,18,77,'BAMBOO SLEEVELESS TOP BLACK WITH FIRE TIE DYE','BAMBOO SLEEVELESS TOP BLACK WITH FIRE TIE DYE',1,0.0000,0.0000,0.0000,0),(19,19,77,'BAMBOO SLEEVELESS TOP BLACK WITH FIRE TIE DYE','BAMBOO SLEEVELESS TOP BLACK WITH FIRE TIE DYE',1,0.0000,0.0000,0.0000,0),(20,20,77,'BAMBOO SLEEVELESS TOP BLACK WITH FIRE TIE DYE','BAMBOO SLEEVELESS TOP BLACK WITH FIRE TIE DYE',1,0.0000,0.0000,0.0000,0),(21,21,77,'BAMBOO SLEEVELESS TOP BLACK WITH FIRE TIE DYE','BAMBOO SLEEVELESS TOP BLACK WITH FIRE TIE DYE',1,0.0000,0.0000,0.0000,0),(22,22,77,'BAMBOO SLEEVELESS TOP BLACK WITH FIRE TIE DYE','BAMBOO SLEEVELESS TOP BLACK WITH FIRE TIE DYE',1,0.0000,0.0000,0.0000,0),(23,23,77,'BAMBOO SLEEVELESS TOP BLACK WITH FIRE TIE DYE','BAMBOO SLEEVELESS TOP BLACK WITH FIRE TIE DYE',1,0.0000,0.0000,0.0000,0),(24,24,77,'BAMBOO SLEEVELESS TOP BLACK WITH FIRE TIE DYE','BAMBOO SLEEVELESS TOP BLACK WITH FIRE TIE DYE',1,0.0000,0.0000,0.0000,0),(25,25,77,'BAMBOO SLEEVELESS TOP BLACK WITH FIRE TIE DYE','BAMBOO SLEEVELESS TOP BLACK WITH FIRE TIE DYE',1,0.0000,0.0000,0.0000,0),(26,26,77,'BAMBOO SLEEVELESS TOP BLACK WITH FIRE TIE DYE','BAMBOO SLEEVELESS TOP BLACK WITH FIRE TIE DYE',1,0.0000,0.0000,0.0000,0),(27,27,77,'BAMBOO SLEEVELESS TOP BLACK WITH FIRE TIE DYE','BAMBOO SLEEVELESS TOP BLACK WITH FIRE TIE DYE',1,0.0000,0.0000,0.0000,0),(28,28,77,'BAMBOO SLEEVELESS TOP BLACK WITH FIRE TIE DYE','BAMBOO SLEEVELESS TOP BLACK WITH FIRE TIE DYE',1,0.0000,0.0000,0.0000,0),(29,29,77,'BAMBOO SLEEVELESS TOP BLACK WITH FIRE TIE DYE','BAMBOO SLEEVELESS TOP BLACK WITH FIRE TIE DYE',1,0.0000,0.0000,0.0000,0),(30,30,77,'BAMBOO SLEEVELESS TOP BLACK WITH FIRE TIE DYE','BAMBOO SLEEVELESS TOP BLACK WITH FIRE TIE DYE',1,0.0000,0.0000,0.0000,0),(31,31,77,'BAMBOO SLEEVELESS TOP BLACK WITH FIRE TIE DYE','BAMBOO SLEEVELESS TOP BLACK WITH FIRE TIE DYE',1,0.0000,0.0000,0.0000,0),(32,32,77,'BAMBOO SLEEVELESS TOP BLACK WITH FIRE TIE DYE','BAMBOO SLEEVELESS TOP BLACK WITH FIRE TIE DYE',1,0.0000,0.0000,0.0000,0),(33,33,77,'BAMBOO SLEEVELESS TOP BLACK WITH FIRE TIE DYE','BAMBOO SLEEVELESS TOP BLACK WITH FIRE TIE DYE',1,0.0000,0.0000,0.0000,0),(34,34,77,'BAMBOO SLEEVELESS TOP BLACK WITH FIRE TIE DYE','BAMBOO SLEEVELESS TOP BLACK WITH FIRE TIE DYE',1,0.0000,0.0000,0.0000,0),(35,35,77,'BAMBOO SLEEVELESS TOP BLACK WITH FIRE TIE DYE','BAMBOO SLEEVELESS TOP BLACK WITH FIRE TIE DYE',1,0.0000,0.0000,0.0000,0),(36,36,77,'BAMBOO SLEEVELESS TOP BLACK WITH FIRE TIE DYE','BAMBOO SLEEVELESS TOP BLACK WITH FIRE TIE DYE',1,0.0000,0.0000,0.0000,0),(37,37,77,'BAMBOO SLEEVELESS TOP BLACK WITH FIRE TIE DYE','BAMBOO SLEEVELESS TOP BLACK WITH FIRE TIE DYE',1,0.0000,0.0000,0.0000,0),(38,38,77,'BAMBOO SLEEVELESS TOP BLACK WITH FIRE TIE DYE','BAMBOO SLEEVELESS TOP BLACK WITH FIRE TIE DYE',1,0.0000,0.0000,0.0000,0),(39,39,77,'BAMBOO SLEEVELESS TOP BLACK WITH FIRE TIE DYE','BAMBOO SLEEVELESS TOP BLACK WITH FIRE TIE DYE',1,0.0000,0.0000,0.0000,0),(40,40,77,'BAMBOO SLEEVELESS TOP BLACK WITH FIRE TIE DYE','BAMBOO SLEEVELESS TOP BLACK WITH FIRE TIE DYE',1,0.0000,0.0000,0.0000,0),(41,41,77,'BAMBOO SLEEVELESS TOP BLACK WITH FIRE TIE DYE','BAMBOO SLEEVELESS TOP BLACK WITH FIRE TIE DYE',1,0.0000,0.0000,0.0000,0),(42,42,77,'BAMBOO SLEEVELESS TOP BLACK WITH FIRE TIE DYE','BAMBOO SLEEVELESS TOP BLACK WITH FIRE TIE DYE',1,0.0000,0.0000,0.0000,0),(43,43,77,'BAMBOO SLEEVELESS TOP BLACK WITH FIRE TIE DYE','BAMBOO SLEEVELESS TOP BLACK WITH FIRE TIE DYE',1,0.0000,0.0000,0.0000,0),(44,44,77,'BAMBOO SLEEVELESS TOP BLACK WITH FIRE TIE DYE','BAMBOO SLEEVELESS TOP BLACK WITH FIRE TIE DYE',1,0.0000,0.0000,0.0000,0),(45,45,82,'BAMBOO CROP PANTS BLACK','BAMBOO CROP PANTS BLACK',1,0.0000,0.0000,0.0000,0),(46,46,77,'BAMBOO SLEEVELESS TOP BLACK WITH FIRE TIE DYE','BAMBOO SLEEVELESS TOP BLACK WITH FIRE TIE DYE',1,0.0000,0.0000,0.0000,0),(47,47,78,'BAMBOO BOX T FIG','BAMBOO BOX T FIG',1,19.0000,19.0000,0.0000,0),(48,48,78,'BAMBOO BOX T FIG','BAMBOO BOX T FIG',1,19.0000,19.0000,0.0000,0),(49,49,78,'BAMBOO BOX T FIG','BAMBOO BOX T FIG',1,19.0000,19.0000,0.0000,0),(50,50,91,'Waterproof Beanie','Waterproof Beanie',1,0.0000,0.0000,0.0000,0),(51,51,91,'Waterproof Beanie','Waterproof Beanie',1,0.0000,0.0000,0.0000,0),(52,52,91,'Waterproof Beanie','Waterproof Beanie',1,0.0000,0.0000,0.0000,0),(53,53,91,'Waterproof Beanie','Waterproof Beanie',1,0.0000,0.0000,0.0000,0),(54,54,91,'Waterproof Beanie','Waterproof Beanie',1,0.0000,0.0000,0.0000,0),(55,55,56,'GLEN ELGIN-GLENLIVET DISTILLERY 1978 33Y/O 43.1%','GLEN ELGIN-GLENLIVET',1,0.0000,0.0000,0.0000,0),(56,56,91,'Waterproof Beanie','Waterproof Beanie',1,0.0000,0.0000,0.0000,0),(57,57,91,'Waterproof Beanie','Waterproof Beanie',1,0.0000,0.0000,0.0000,0),(58,58,91,'Waterproof Beanie','Waterproof Beanie',1,0.0000,0.0000,0.0000,0),(59,58,91,'Waterproof Beanie','Waterproof Beanie',1,0.0000,0.0000,0.0000,0),(60,59,91,'Waterproof Beanie','Waterproof Beanie',1,0.0000,0.0000,0.0000,0),(61,59,91,'Waterproof Beanie','Waterproof Beanie',1,0.0000,0.0000,0.0000,0),(62,60,91,'Waterproof Beanie','Waterproof Beanie',1,0.0000,0.0000,0.0000,0),(63,61,91,'Waterproof Beanie','Waterproof Beanie',1,0.0000,0.0000,0.0000,0),(64,61,91,'Waterproof Beanie','Waterproof Beanie',1,0.0000,0.0000,0.0000,0),(65,61,91,'Waterproof Beanie','Waterproof Beanie',1,0.0000,0.0000,0.0000,0),(66,62,91,'Waterproof Beanie','Waterproof Beanie',1,0.0000,0.0000,0.0000,0),(67,62,91,'Waterproof Beanie','Waterproof Beanie',1,0.0000,0.0000,0.0000,0),(68,62,91,'Waterproof Beanie','Waterproof Beanie',1,0.0000,0.0000,0.0000,0),(69,63,91,'Waterproof Beanie','WB1',1,0.0000,0.0000,0.0000,0),(70,64,91,'Waterproof Beanie','WB1',1,0.0000,0.0000,0.0000,0),(71,65,91,'Waterproof Beanie','WB1',1,0.0000,0.0000,0.0000,0),(72,66,91,'Waterproof Beanie','WB1',1,0.0000,0.0000,0.0000,0),(73,67,91,'Waterproof Beanie','WB1',1,0.0000,0.0000,0.0000,0),(74,68,91,'Waterproof Beanie','WB1',1,0.0000,0.0000,0.0000,0),(75,69,91,'Waterproof Beanie','WB1',1,0.0000,0.0000,0.0000,0),(76,70,91,'Waterproof Beanie','WB1',1,0.0000,0.0000,0.0000,0),(77,71,91,'Waterproof Beanie','WB1',1,0.0000,0.0000,0.0000,0),(78,72,91,'Waterproof Beanie','WB1',1,0.0000,0.0000,0.0000,0),(79,73,91,'Waterproof Beanie','WB1',1,0.0000,0.0000,0.0000,0),(80,73,91,'Waterproof Beanie','WB1',1,0.0000,0.0000,0.0000,0),(81,74,91,'Waterproof Beanie','WB1',1,0.0000,0.0000,0.0000,0),(82,74,91,'Waterproof Beanie','WB1',1,0.0000,0.0000,0.0000,0),(83,75,91,'Waterproof Beanie','WB1',1,0.0000,0.0000,0.0000,0),(84,75,91,'Waterproof Beanie','WB1',1,0.0000,0.0000,0.0000,0),(85,76,91,'Waterproof Beanie','WB1',1,0.0000,0.0000,0.0000,0),(86,76,91,'Waterproof Beanie','WB1',1,0.0000,0.0000,0.0000,0),(87,77,91,'Waterproof Beanie','WB1',1,0.0000,0.0000,0.0000,0),(88,77,91,'Waterproof Beanie','WB1',1,0.0000,0.0000,0.0000,0),(89,78,91,'Waterproof Beanie','WB1',1,0.0000,0.0000,0.0000,0),(90,78,91,'Waterproof Beanie','WB1',1,0.0000,0.0000,0.0000,0),(91,79,91,'Waterproof Beanie','WB1',1,0.0000,0.0000,0.0000,0);
/*!40000 ALTER TABLE `order_product` ENABLE KEYS */;
UNLOCK TABLES;

--
-- Table structure for table `order_status`
--

DROP TABLE IF EXISTS `order_status`;
/*!40101 SET @saved_cs_client     = @@character_set_client */;
/*!40101 SET character_set_client = utf8 */;
CREATE TABLE `order_status` (
  `order_status_id` int(11) NOT NULL AUTO_INCREMENT,
  `language_id` int(11) NOT NULL,
  `name` varchar(32) COLLATE utf8_bin NOT NULL,
  PRIMARY KEY (`order_status_id`,`language_id`)
) ENGINE=MyISAM AUTO_INCREMENT=17 DEFAULT CHARSET=utf8 COLLATE=utf8_bin;
/*!40101 SET character_set_client = @saved_cs_client */;

--
-- Dumping data for table `order_status`
--

LOCK TABLES `order_status` WRITE;
/*!40000 ALTER TABLE `order_status` DISABLE KEYS */;
INSERT INTO `order_status` VALUES (2,1,'Processing'),(3,1,'Shipped'),(7,1,'Canceled'),(5,1,'Complete'),(8,1,'Denied'),(9,1,'Canceled Reversal'),(10,1,'Failed'),(11,1,'Refunded'),(12,1,'Reversed'),(13,1,'Chargeback'),(1,1,'Pending'),(16,1,'Voided'),(15,1,'Processed'),(14,1,'Expired');
/*!40000 ALTER TABLE `order_status` ENABLE KEYS */;
UNLOCK TABLES;

--
-- Table structure for table `order_total`
--

DROP TABLE IF EXISTS `order_total`;
/*!40101 SET @saved_cs_client     = @@character_set_client */;
/*!40101 SET character_set_client = utf8 */;
CREATE TABLE `order_total` (
  `order_total_id` int(10) NOT NULL AUTO_INCREMENT,
  `order_id` int(11) NOT NULL,
  `code` varchar(32) COLLATE utf8_bin NOT NULL,
  `title` varchar(255) COLLATE utf8_bin NOT NULL DEFAULT '',
  `text` varchar(255) COLLATE utf8_bin NOT NULL DEFAULT '',
  `value` decimal(15,4) NOT NULL DEFAULT '0.0000',
  `sort_order` int(3) NOT NULL,
  PRIMARY KEY (`order_total_id`),
  KEY `idx_orders_total_orders_id` (`order_id`)
) ENGINE=MyISAM AUTO_INCREMENT=396 DEFAULT CHARSET=utf8 COLLATE=utf8_bin;
/*!40101 SET character_set_client = @saved_cs_client */;

--
-- Dumping data for table `order_total`
--

LOCK TABLES `order_total` WRITE;
/*!40000 ALTER TABLE `order_total` DISABLE KEYS */;
INSERT INTO `order_total` VALUES (1,1,'sub_total','Sub-Total','£0.00',0.0000,1),(2,1,'shipping','Flat Shipping Rate','£5.00',5.0000,3),(3,1,'tax','Eco Tax (-2.00)','£2.00',2.0000,5),(4,1,'tax','VAT (17.5%)','£0.88',0.8750,5),(5,1,'total','Total','£7.88',7.8750,9),(6,2,'sub_total','Sub-Total','£0.00',0.0000,1),(7,2,'shipping','Flat Shipping Rate','£5.00',5.0000,3),(8,2,'tax','Eco Tax (-2.00)','£2.00',2.0000,5),(9,2,'tax','VAT (17.5%)','£0.88',0.8750,5),(10,2,'total','Total','£7.88',7.8750,9),(11,3,'sub_total','Sub-Total','£0.00',0.0000,1),(12,3,'shipping','Flat Shipping Rate','£5.00',5.0000,3),(13,3,'tax','Eco Tax (-2.00)','£2.00',2.0000,5),(14,3,'tax','VAT (17.5%)','£0.88',0.8750,5),(15,3,'total','Total','£7.88',7.8750,9),(16,4,'sub_total','Sub-Total','£0.00',0.0000,1),(17,4,'shipping','Flat Shipping Rate','£5.00',5.0000,3),(18,4,'tax','Eco Tax (-2.00)','£2.00',2.0000,5),(19,4,'tax','VAT (17.5%)','£0.88',0.8750,5),(20,4,'total','Total','£7.88',7.8750,9),(21,5,'sub_total','Sub-Total','£0.00',0.0000,1),(22,5,'shipping','Flat Shipping Rate','£5.00',5.0000,3),(23,5,'tax','Eco Tax (-2.00)','£2.00',2.0000,5),(24,5,'tax','VAT (17.5%)','£0.88',0.8750,5),(25,5,'total','Total','£7.88',7.8750,9),(26,6,'sub_total','Sub-Total','£0.00',0.0000,1),(27,6,'shipping','Flat Shipping Rate','£5.00',5.0000,3),(28,6,'tax','Eco Tax (-2.00)','£2.00',2.0000,5),(29,6,'tax','VAT (17.5%)','£0.88',0.8750,5),(30,6,'total','Total','£7.88',7.8750,9),(31,7,'sub_total','Sub-Total','£0.00',0.0000,1),(32,7,'shipping','Flat Shipping Rate','£5.00',5.0000,3),(33,7,'tax','Eco Tax (-2.00)','£2.00',2.0000,5),(34,7,'tax','VAT (17.5%)','£0.88',0.8750,5),(35,7,'total','Total','£7.88',7.8750,9),(36,8,'sub_total','Sub-Total','£0.00',0.0000,1),(37,8,'shipping','Flat Shipping Rate','£5.00',5.0000,3),(38,8,'tax','Eco Tax (-2.00)','£2.00',2.0000,5),(39,8,'tax','VAT (17.5%)','£0.88',0.8750,5),(40,8,'total','Total','£7.88',7.8750,9),(41,9,'sub_total','Sub-Total','£0.00',0.0000,1),(42,9,'shipping','Flat Shipping Rate','£5.00',5.0000,3),(43,9,'tax','Eco Tax (-2.00)','£2.00',2.0000,5),(44,9,'tax','VAT (17.5%)','£0.88',0.8750,5),(45,9,'total','Total','£7.88',7.8750,9),(46,10,'sub_total','Sub-Total','£0.00',0.0000,1),(47,10,'shipping','Flat Shipping Rate','£5.00',5.0000,3),(48,10,'tax','Eco Tax (-2.00)','£2.00',2.0000,5),(49,10,'tax','VAT (17.5%)','£0.88',0.8750,5),(50,10,'total','Total','£7.88',7.8750,9),(51,11,'sub_total','Sub-Total','£0.00',0.0000,1),(52,11,'shipping','Flat Shipping Rate','£5.00',5.0000,3),(53,11,'tax','Eco Tax (-2.00)','£2.00',2.0000,5),(54,11,'tax','VAT (17.5%)','£0.88',0.8750,5),(55,11,'total','Total','£7.88',7.8750,9),(56,12,'sub_total','Sub-Total','£0.00',0.0000,1),(57,12,'shipping','Flat Shipping Rate','£5.00',5.0000,3),(58,12,'tax','Eco Tax (-2.00)','£2.00',2.0000,5),(59,12,'tax','VAT (17.5%)','£0.88',0.8750,5),(60,12,'total','Total','£7.88',7.8750,9),(61,13,'sub_total','Sub-Total','£0.00',0.0000,1),(62,13,'shipping','Flat Shipping Rate','£5.00',5.0000,3),(63,13,'tax','Eco Tax (-2.00)','£2.00',2.0000,5),(64,13,'tax','VAT (17.5%)','£0.88',0.8750,5),(65,13,'total','Total','£7.88',7.8750,9),(66,14,'sub_total','Sub-Total','£0.00',0.0000,1),(67,14,'shipping','Flat Shipping Rate','£5.00',5.0000,3),(68,14,'tax','Eco Tax (-2.00)','£2.00',2.0000,5),(69,14,'tax','VAT (17.5%)','£0.88',0.8750,5),(70,14,'total','Total','£7.88',7.8750,9),(71,15,'sub_total','Sub-Total','£0.00',0.0000,1),(72,15,'shipping','Flat Shipping Rate','£5.00',5.0000,3),(73,15,'tax','Eco Tax (-2.00)','£2.00',2.0000,5),(74,15,'tax','VAT (17.5%)','£0.88',0.8750,5),(75,15,'total','Total','£7.88',7.8750,9),(76,16,'sub_total','Sub-Total','£0.00',0.0000,1),(77,16,'shipping','Flat Shipping Rate','£5.00',5.0000,3),(78,16,'tax','Eco Tax (-2.00)','£2.00',2.0000,5),(79,16,'tax','VAT (17.5%)','£0.88',0.8750,5),(80,16,'total','Total','£7.88',7.8750,9),(81,17,'sub_total','Sub-Total','£0.00',0.0000,1),(82,17,'shipping','Flat Shipping Rate','£5.00',5.0000,3),(83,17,'tax','Eco Tax (-2.00)','£2.00',2.0000,5),(84,17,'tax','VAT (17.5%)','£0.88',0.8750,5),(85,17,'total','Total','£7.88',7.8750,9),(86,18,'sub_total','Sub-Total','£0.00',0.0000,1),(87,18,'shipping','Flat Shipping Rate','£5.00',5.0000,3),(88,18,'tax','Eco Tax (-2.00)','£2.00',2.0000,5),(89,18,'tax','VAT (17.5%)','£0.88',0.8750,5),(90,18,'total','Total','£7.88',7.8750,9),(91,19,'sub_total','Sub-Total','£0.00',0.0000,1),(92,19,'shipping','Flat Shipping Rate','£5.00',5.0000,3),(93,19,'tax','Eco Tax (-2.00)','£2.00',2.0000,5),(94,19,'tax','VAT (17.5%)','£0.88',0.8750,5),(95,19,'total','Total','£7.88',7.8750,9),(96,20,'sub_total','Sub-Total','£0.00',0.0000,1),(97,20,'shipping','Flat Shipping Rate','£5.00',5.0000,3),(98,20,'tax','Eco Tax (-2.00)','£2.00',2.0000,5),(99,20,'tax','VAT (17.5%)','£0.88',0.8750,5),(100,20,'total','Total','£7.88',7.8750,9),(101,21,'sub_total','Sub-Total','£0.00',0.0000,1),(102,21,'shipping','Flat Shipping Rate','£5.00',5.0000,3),(103,21,'tax','Eco Tax (-2.00)','£2.00',2.0000,5),(104,21,'tax','VAT (17.5%)','£0.88',0.8750,5),(105,21,'total','Total','£7.88',7.8750,9),(106,22,'sub_total','Sub-Total','£0.00',0.0000,1),(107,22,'shipping','Flat Shipping Rate','£5.00',5.0000,3),(108,22,'tax','Eco Tax (-2.00)','£2.00',2.0000,5),(109,22,'tax','VAT (17.5%)','£0.88',0.8750,5),(110,22,'total','Total','£7.88',7.8750,9),(111,23,'sub_total','Sub-Total','£0.00',0.0000,1),(112,23,'shipping','Flat Shipping Rate','£5.00',5.0000,3),(113,23,'tax','Eco Tax (-2.00)','£2.00',2.0000,5),(114,23,'tax','VAT (17.5%)','£0.88',0.8750,5),(115,23,'total','Total','£7.88',7.8750,9),(116,24,'sub_total','Sub-Total','£0.00',0.0000,1),(117,24,'shipping','Flat Shipping Rate','£5.00',5.0000,3),(118,24,'tax','Eco Tax (-2.00)','£2.00',2.0000,5),(119,24,'tax','VAT (17.5%)','£0.88',0.8750,5),(120,24,'total','Total','£7.88',7.8750,9),(121,25,'sub_total','Sub-Total','£0.00',0.0000,1),(122,25,'shipping','Flat Shipping Rate','£5.00',5.0000,3),(123,25,'tax','Eco Tax (-2.00)','£2.00',2.0000,5),(124,25,'tax','VAT (17.5%)','£0.88',0.8750,5),(125,25,'total','Total','£7.88',7.8750,9),(126,26,'sub_total','Sub-Total','£0.00',0.0000,1),(127,26,'shipping','Flat Shipping Rate','£5.00',5.0000,3),(128,26,'tax','Eco Tax (-2.00)','£2.00',2.0000,5),(129,26,'tax','VAT (17.5%)','£0.88',0.8750,5),(130,26,'total','Total','£7.88',7.8750,9),(131,27,'sub_total','Sub-Total','£0.00',0.0000,1),(132,27,'shipping','Flat Shipping Rate','£5.00',5.0000,3),(133,27,'tax','Eco Tax (-2.00)','£2.00',2.0000,5),(134,27,'tax','VAT (17.5%)','£0.88',0.8750,5),(135,27,'total','Total','£7.88',7.8750,9),(136,28,'sub_total','Sub-Total','£0.00',0.0000,1),(137,28,'shipping','Flat Shipping Rate','£5.00',5.0000,3),(138,28,'tax','Eco Tax (-2.00)','£2.00',2.0000,5),(139,28,'tax','VAT (17.5%)','£0.88',0.8750,5),(140,28,'total','Total','£7.88',7.8750,9),(141,29,'sub_total','Sub-Total','£0.00',0.0000,1),(142,29,'shipping','Flat Shipping Rate','£5.00',5.0000,3),(143,29,'tax','Eco Tax (-2.00)','£2.00',2.0000,5),(144,29,'tax','VAT (17.5%)','£0.88',0.8750,5),(145,29,'total','Total','£7.88',7.8750,9),(146,30,'sub_total','Sub-Total','£0.00',0.0000,1),(147,30,'shipping','Flat Shipping Rate','£5.00',5.0000,3),(148,30,'tax','Eco Tax (-2.00)','£2.00',2.0000,5),(149,30,'tax','VAT (17.5%)','£0.88',0.8750,5),(150,30,'total','Total','£7.88',7.8750,9),(151,31,'sub_total','Sub-Total','£0.00',0.0000,1),(152,31,'shipping','Flat Shipping Rate','£5.00',5.0000,3),(153,31,'tax','Eco Tax (-2.00)','£2.00',2.0000,5),(154,31,'tax','VAT (17.5%)','£0.88',0.8750,5),(155,31,'total','Total','£7.88',7.8750,9),(156,32,'sub_total','Sub-Total','£0.00',0.0000,1),(157,32,'shipping','Flat Shipping Rate','£5.00',5.0000,3),(158,32,'tax','Eco Tax (-2.00)','£2.00',2.0000,5),(159,32,'tax','VAT (17.5%)','£0.88',0.8750,5),(160,32,'total','Total','£7.88',7.8750,9),(161,33,'sub_total','Sub-Total','£0.00',0.0000,1),(162,33,'shipping','Flat Shipping Rate','£5.00',5.0000,3),(163,33,'tax','Eco Tax (-2.00)','£2.00',2.0000,5),(164,33,'tax','VAT (17.5%)','£0.88',0.8750,5),(165,33,'total','Total','£7.88',7.8750,9),(166,34,'sub_total','Sub-Total','£0.00',0.0000,1),(167,34,'shipping','Flat Shipping Rate','£5.00',5.0000,3),(168,34,'tax','Eco Tax (-2.00)','£2.00',2.0000,5),(169,34,'tax','VAT (17.5%)','£0.88',0.8750,5),(170,34,'total','Total','£7.88',7.8750,9),(171,35,'sub_total','Sub-Total','£0.00',0.0000,1),(172,35,'shipping','Flat Shipping Rate','£5.00',5.0000,3),(173,35,'tax','Eco Tax (-2.00)','£2.00',2.0000,5),(174,35,'tax','VAT (17.5%)','£0.88',0.8750,5),(175,35,'total','Total','£7.88',7.8750,9),(176,36,'sub_total','Sub-Total','£0.00',0.0000,1),(177,36,'shipping','Flat Shipping Rate','£5.00',5.0000,3),(178,36,'tax','Eco Tax (-2.00)','£2.00',2.0000,5),(179,36,'tax','VAT (17.5%)','£0.88',0.8750,5),(180,36,'total','Total','£7.88',7.8750,9),(181,37,'sub_total','Sub-Total','£0.00',0.0000,1),(182,37,'shipping','Flat Shipping Rate','£5.00',5.0000,3),(183,37,'tax','Eco Tax (-2.00)','£2.00',2.0000,5),(184,37,'tax','VAT (17.5%)','£0.88',0.8750,5),(185,37,'total','Total','£7.88',7.8750,9),(186,38,'sub_total','Sub-Total','£0.00',0.0000,1),(187,38,'shipping','Flat Shipping Rate','£5.00',5.0000,3),(188,38,'tax','Eco Tax (-2.00)','£2.00',2.0000,5),(189,38,'tax','VAT (17.5%)','£0.88',0.8750,5),(190,38,'total','Total','£7.88',7.8750,9),(191,39,'sub_total','Sub-Total','£0.00',0.0000,1),(192,39,'shipping','Flat Shipping Rate','£5.00',5.0000,3),(193,39,'tax','Eco Tax (-2.00)','£2.00',2.0000,5),(194,39,'tax','VAT (17.5%)','£0.88',0.8750,5),(195,39,'total','Total','£7.88',7.8750,9),(196,40,'sub_total','Sub-Total','£0.00',0.0000,1),(197,40,'shipping','Flat Shipping Rate','£5.00',5.0000,3),(198,40,'tax','Eco Tax (-2.00)','£2.00',2.0000,5),(199,40,'tax','VAT (17.5%)','£0.88',0.8750,5),(200,40,'total','Total','£7.88',7.8750,9),(201,41,'sub_total','Sub-Total','£0.00',0.0000,1),(202,41,'shipping','Flat Shipping Rate','£5.00',5.0000,3),(203,41,'tax','Eco Tax (-2.00)','£2.00',2.0000,5),(204,41,'tax','VAT (17.5%)','£0.88',0.8750,5),(205,41,'total','Total','£7.88',7.8750,9),(206,42,'sub_total','Sub-Total','£0.00',0.0000,1),(207,42,'shipping','Flat Shipping Rate','£5.00',5.0000,3),(208,42,'tax','Eco Tax (-2.00)','£2.00',2.0000,5),(209,42,'tax','VAT (17.5%)','£0.88',0.8750,5),(210,42,'total','Total','£7.88',7.8750,9),(211,43,'sub_total','Sub-Total','£0.00',0.0000,1),(212,43,'shipping','Flat Shipping Rate','£5.00',5.0000,3),(213,43,'tax','Eco Tax (-2.00)','£2.00',2.0000,5),(214,43,'tax','VAT (17.5%)','£0.88',0.8750,5),(215,43,'total','Total','£7.88',7.8750,9),(216,44,'sub_total','Sub-Total','£0.00',0.0000,1),(217,44,'shipping','Flat Shipping Rate','£5.00',5.0000,3),(218,44,'tax','Eco Tax (-2.00)','£2.00',2.0000,5),(219,44,'tax','VAT (17.5%)','£0.88',0.8750,5),(220,44,'total','Total','£7.88',7.8750,9),(221,45,'sub_total','Sub-Total','£0.00',0.0000,1),(222,45,'shipping','Flat Shipping Rate','£5.00',5.0000,3),(223,45,'tax','Eco Tax (-2.00)','£2.00',2.0000,5),(224,45,'tax','VAT (17.5%)','£0.88',0.8750,5),(225,45,'total','Total','£7.88',7.8750,9),(226,46,'sub_total','Sub-Total','£0.00',0.0000,1),(227,46,'shipping','Flat Shipping Rate','£5.00',5.0000,3),(228,46,'tax','Eco Tax (-2.00)','£2.00',2.0000,5),(229,46,'tax','VAT (17.5%)','£0.88',0.8750,5),(230,46,'total','Total','£7.88',7.8750,9),(231,47,'sub_total','Sub-Total','£19.00',19.0000,1),(232,47,'shipping','Flat Shipping Rate','£5.00',5.0000,3),(233,47,'tax','Eco Tax (-2.00)','£2.00',2.0000,5),(234,47,'tax','VAT (17.5%)','£0.88',0.8750,5),(235,47,'total','Total','£26.88',26.8750,9),(236,48,'sub_total','Sub-Total','£19.00',19.0000,1),(237,48,'shipping','Flat Shipping Rate','£5.00',5.0000,3),(238,48,'tax','Eco Tax (-2.00)','£2.00',2.0000,5),(239,48,'tax','VAT (17.5%)','£0.88',0.8750,5),(240,48,'total','Total','£26.88',26.8750,9),(241,49,'sub_total','Sub-Total','£19.00',19.0000,1),(242,49,'shipping','Flat Shipping Rate','£5.00',5.0000,3),(243,49,'tax','Eco Tax (-2.00)','£2.00',2.0000,5),(244,49,'tax','VAT (17.5%)','£0.88',0.8750,5),(245,49,'total','Total','£26.88',26.8750,9),(246,50,'sub_total','Sub-Total','£0.00',0.0000,1),(247,50,'shipping','Flat Shipping Rate','£5.00',5.0000,3),(248,50,'tax','Eco Tax (-2.00)','£2.00',2.0000,5),(249,50,'tax','VAT (17.5%)','£0.88',0.8750,5),(250,50,'total','Total','£7.88',7.8750,9),(251,51,'sub_total','Sub-Total','£0.00',0.0000,1),(252,51,'shipping','Flat Shipping Rate','£5.00',5.0000,3),(253,51,'tax','Eco Tax (-2.00)','£2.00',2.0000,5),(254,51,'tax','VAT (17.5%)','£0.88',0.8750,5),(255,51,'total','Total','£7.88',7.8750,9),(256,52,'sub_total','Sub-Total','£0.00',0.0000,1),(257,52,'shipping','Flat Shipping Rate','£5.00',5.0000,3),(258,52,'tax','Eco Tax (-2.00)','£2.00',2.0000,5),(259,52,'tax','VAT (17.5%)','£0.88',0.8750,5),(260,52,'total','Total','£7.88',7.8750,9),(261,53,'sub_total','Sub-Total','£0.00',0.0000,1),(262,53,'shipping','Flat Shipping Rate','£5.00',5.0000,3),(263,53,'tax','Eco Tax (-2.00)','£2.00',2.0000,5),(264,53,'tax','VAT (17.5%)','£0.88',0.8750,5),(265,53,'total','Total','£7.88',7.8750,9),(266,54,'sub_total','Sub-Total','£0.00',0.0000,1),(267,54,'shipping','Flat Shipping Rate','£5.00',5.0000,3),(268,54,'tax','Eco Tax (-2.00)','£2.00',2.0000,5),(269,54,'tax','VAT (17.5%)','£0.88',0.8750,5),(270,54,'total','Total','£7.88',7.8750,9),(271,55,'sub_total','Sub-Total','£0.00',0.0000,1),(272,55,'shipping','Flat Shipping Rate','£5.00',5.0000,3),(273,55,'tax','Eco Tax (-2.00)','£2.00',2.0000,5),(274,55,'tax','VAT (17.5%)','£0.88',0.8750,5),(275,55,'total','Total','£7.88',7.8750,9),(276,56,'sub_total','Sub-Total','£0.00',0.0000,1),(277,56,'shipping','Flat Shipping Rate','£5.00',5.0000,3),(278,56,'tax','Eco Tax (-2.00)','£2.00',2.0000,5),(279,56,'tax','VAT (17.5%)','£0.88',0.8750,5),(280,56,'total','Total','£7.88',7.8750,9),(281,57,'sub_total','Sub-Total','£0.00',0.0000,1),(282,57,'shipping','Flat Shipping Rate','£5.00',5.0000,3),(283,57,'tax','Eco Tax (-2.00)','£2.00',2.0000,5),(284,57,'tax','VAT (17.5%)','£0.88',0.8750,5),(285,57,'total','Total','£7.88',7.8750,9),(286,58,'sub_total','Sub-Total','£0.00',0.0000,1),(287,58,'shipping','Flat Shipping Rate','£5.00',5.0000,3),(288,58,'tax','Eco Tax (-2.00)','£2.00',2.0000,5),(289,58,'tax','VAT (17.5%)','£0.88',0.8750,5),(290,58,'total','Total','£7.88',7.8750,9),(291,59,'sub_total','Sub-Total','£0.00',0.0000,1),(292,59,'shipping','Flat Shipping Rate','£5.00',5.0000,3),(293,59,'tax','Eco Tax (-2.00)','£2.00',2.0000,5),(294,59,'tax','VAT (17.5%)','£0.88',0.8750,5),(295,59,'total','Total','£7.88',7.8750,9),(296,60,'sub_total','Sub-Total','£0.00',0.0000,1),(297,60,'shipping','Flat Shipping Rate','£5.00',5.0000,3),(298,60,'tax','Eco Tax (-2.00)','£2.00',2.0000,5),(299,60,'tax','VAT (17.5%)','£0.88',0.8750,5),(300,60,'total','Total','£7.88',7.8750,9),(301,61,'sub_total','Sub-Total','£0.00',0.0000,1),(302,61,'shipping','Flat Shipping Rate','£5.00',5.0000,3),(303,61,'tax','Eco Tax (-2.00)','£2.00',2.0000,5),(304,61,'tax','VAT (17.5%)','£0.88',0.8750,5),(305,61,'total','Total','£7.88',7.8750,9),(306,62,'sub_total','Sub-Total','£0.00',0.0000,1),(307,62,'shipping','Flat Shipping Rate','£5.00',5.0000,3),(308,62,'tax','Eco Tax (-2.00)','£2.00',2.0000,5),(309,62,'tax','VAT (17.5%)','£0.88',0.8750,5),(310,62,'total','Total','£7.88',7.8750,9),(311,63,'sub_total','Sub-Total','£0.00',0.0000,1),(312,63,'shipping','Flat Shipping Rate','£5.00',5.0000,3),(313,63,'tax','Eco Tax (-2.00)','£2.00',2.0000,5),(314,63,'tax','VAT (17.5%)','£0.88',0.8750,5),(315,63,'total','Total','£7.88',7.8750,9),(316,64,'sub_total','Sub-Total','£0.00',0.0000,1),(317,64,'shipping','Flat Shipping Rate','£5.00',5.0000,3),(318,64,'tax','Eco Tax (-2.00)','£2.00',2.0000,5),(319,64,'tax','VAT (17.5%)','£0.88',0.8750,5),(320,64,'total','Total','£7.88',7.8750,9),(321,65,'sub_total','Sub-Total','£0.00',0.0000,1),(322,65,'shipping','Flat Shipping Rate','£5.00',5.0000,3),(323,65,'tax','Eco Tax (-2.00)','£2.00',2.0000,5),(324,65,'tax','VAT (17.5%)','£0.88',0.8750,5),(325,65,'total','Total','£7.88',7.8750,9),(326,66,'sub_total','Sub-Total','£0.00',0.0000,1),(327,66,'shipping','Flat Shipping Rate','£5.00',5.0000,3),(328,66,'tax','Eco Tax (-2.00)','£2.00',2.0000,5),(329,66,'tax','VAT (17.5%)','£0.88',0.8750,5),(330,66,'total','Total','£7.88',7.8750,9),(331,67,'sub_total','Sub-Total','£0.00',0.0000,1),(332,67,'shipping','Flat Shipping Rate','£5.00',5.0000,3),(333,67,'tax','Eco Tax (-2.00)','£2.00',2.0000,5),(334,67,'tax','VAT (17.5%)','£0.88',0.8750,5),(335,67,'total','Total','£7.88',7.8750,9),(336,68,'sub_total','Sub-Total','£0.00',0.0000,1),(337,68,'shipping','Flat Shipping Rate','£5.00',5.0000,3),(338,68,'tax','Eco Tax (-2.00)','£2.00',2.0000,5),(339,68,'tax','VAT (17.5%)','£0.88',0.8750,5),(340,68,'total','Total','£7.88',7.8750,9),(341,69,'sub_total','Sub-Total','£0.00',0.0000,1),(342,69,'shipping','Flat Shipping Rate','£5.00',5.0000,3),(343,69,'tax','Eco Tax (-2.00)','£2.00',2.0000,5),(344,69,'tax','VAT (17.5%)','£0.88',0.8750,5),(345,69,'total','Total','£7.88',7.8750,9),(346,70,'sub_total','Sub-Total','£0.00',0.0000,1),(347,70,'shipping','Flat Shipping Rate','£5.00',5.0000,3),(348,70,'tax','Eco Tax (-2.00)','£2.00',2.0000,5),(349,70,'tax','VAT (17.5%)','£0.88',0.8750,5),(350,70,'total','Total','£7.88',7.8750,9),(351,71,'sub_total','Sub-Total','£0.00',0.0000,1),(352,71,'shipping','Flat Shipping Rate','£5.00',5.0000,3),(353,71,'tax','Eco Tax (-2.00)','£2.00',2.0000,5),(354,71,'tax','VAT (17.5%)','£0.88',0.8750,5),(355,71,'total','Total','£7.88',7.8750,9),(356,72,'sub_total','Sub-Total','£0.00',0.0000,1),(357,72,'shipping','Flat Shipping Rate','£5.00',5.0000,3),(358,72,'tax','Eco Tax (-2.00)','£2.00',2.0000,5),(359,72,'tax','VAT (17.5%)','£0.88',0.8750,5),(360,72,'total','Total','£7.88',7.8750,9),(361,73,'sub_total','Sub-Total','£0.00',0.0000,1),(362,73,'shipping','Flat Shipping Rate','£5.00',5.0000,3),(363,73,'tax','Eco Tax (-2.00)','£2.00',2.0000,5),(364,73,'tax','VAT (17.5%)','£0.88',0.8750,5),(365,73,'total','Total','£7.88',7.8750,9),(366,74,'sub_total','Sub-Total','£0.00',0.0000,1),(367,74,'shipping','Flat Shipping Rate','£5.00',5.0000,3),(368,74,'tax','Eco Tax (-2.00)','£2.00',2.0000,5),(369,74,'tax','VAT (17.5%)','£0.88',0.8750,5),(370,74,'total','Total','£7.88',7.8750,9),(371,75,'sub_total','Sub-Total','£0.00',0.0000,1),(372,75,'shipping','Flat Shipping Rate','£5.00',5.0000,3),(373,75,'tax','Eco Tax (-2.00)','£2.00',2.0000,5),(374,75,'tax','VAT (17.5%)','£0.88',0.8750,5),(375,75,'total','Total','£7.88',7.8750,9),(376,76,'sub_total','Sub-Total','£0.00',0.0000,1),(377,76,'shipping','Flat Shipping Rate','£5.00',5.0000,3),(378,76,'tax','Eco Tax (-2.00)','£2.00',2.0000,5),(379,76,'tax','VAT (17.5%)','£0.88',0.8750,5),(380,76,'total','Total','£7.88',7.8750,9),(381,77,'sub_total','Sub-Total','£0.00',0.0000,1),(382,77,'shipping','Flat Shipping Rate','£5.00',5.0000,3),(383,77,'tax','Eco Tax (-2.00)','£2.00',2.0000,5),(384,77,'tax','VAT (17.5%)','£0.88',0.8750,5),(385,77,'total','Total','£7.88',7.8750,9),(386,78,'sub_total','Sub-Total','£0.00',0.0000,1),(387,78,'shipping','Flat Shipping Rate','£5.00',5.0000,3),(388,78,'tax','Eco Tax (-2.00)','£2.00',2.0000,5),(389,78,'tax','VAT (17.5%)','£0.88',0.8750,5),(390,78,'total','Total','£7.88',7.8750,9),(391,79,'sub_total','Sub-Total','£0.00',0.0000,1),(392,79,'shipping','Flat Shipping Rate','£5.00',5.0000,3),(393,79,'tax','Eco Tax (-2.00)','£2.00',2.0000,5),(394,79,'tax','VAT (17.5%)','£0.88',0.8750,5),(395,79,'total','Total','£7.88',7.8750,9);
/*!40000 ALTER TABLE `order_total` ENABLE KEYS */;
UNLOCK TABLES;

--
-- Table structure for table `order_voucher`
--

DROP TABLE IF EXISTS `order_voucher`;
/*!40101 SET @saved_cs_client     = @@character_set_client */;
/*!40101 SET character_set_client = utf8 */;
CREATE TABLE `order_voucher` (
  `order_voucher_id` int(11) NOT NULL AUTO_INCREMENT,
  `order_id` int(11) NOT NULL,
  `voucher_id` int(11) NOT NULL,
  `description` varchar(255) COLLATE utf8_bin NOT NULL,
  `code` varchar(10) COLLATE utf8_bin NOT NULL,
  `from_name` varchar(64) COLLATE utf8_bin NOT NULL,
  `from_email` varchar(96) COLLATE utf8_bin NOT NULL,
  `to_name` varchar(64) COLLATE utf8_bin NOT NULL,
  `to_email` varchar(96) COLLATE utf8_bin NOT NULL,
  `voucher_theme_id` int(11) NOT NULL,
  `message` text COLLATE utf8_bin NOT NULL,
  `amount` decimal(15,4) NOT NULL,
  PRIMARY KEY (`order_voucher_id`)
) ENGINE=MyISAM DEFAULT CHARSET=utf8 COLLATE=utf8_bin;
/*!40101 SET character_set_client = @saved_cs_client */;

--
-- Dumping data for table `order_voucher`
--

LOCK TABLES `order_voucher` WRITE;
/*!40000 ALTER TABLE `order_voucher` DISABLE KEYS */;
/*!40000 ALTER TABLE `order_voucher` ENABLE KEYS */;
UNLOCK TABLES;

--
-- Table structure for table `product`
--

DROP TABLE IF EXISTS `product`;
/*!40101 SET @saved_cs_client     = @@character_set_client */;
/*!40101 SET character_set_client = utf8 */;
CREATE TABLE `product` (
  `product_id` int(11) NOT NULL AUTO_INCREMENT,
  `model` varchar(64) COLLATE utf8_bin NOT NULL,
  `sku` varchar(64) COLLATE utf8_bin NOT NULL,
  `upc` varchar(12) COLLATE utf8_bin NOT NULL,
  `ean` varchar(14) COLLATE utf8_bin NOT NULL,
  `jan` varchar(13) COLLATE utf8_bin NOT NULL,
  `isbn` varchar(13) COLLATE utf8_bin NOT NULL,
  `mpn` varchar(64) COLLATE utf8_bin NOT NULL,
  `location` varchar(128) COLLATE utf8_bin NOT NULL,
  `quantity` int(4) NOT NULL DEFAULT '0',
  `stock_status_id` int(11) NOT NULL,
  `image` varchar(255) COLLATE utf8_bin DEFAULT NULL,
  `manufacturer_id` int(11) NOT NULL,
  `shipping` tinyint(1) NOT NULL DEFAULT '1',
  `price` decimal(15,4) NOT NULL DEFAULT '0.0000',
  `points` int(8) NOT NULL DEFAULT '0',
  `tax_class_id` int(11) NOT NULL,
  `date_available` date NOT NULL,
  `weight` decimal(15,8) NOT NULL DEFAULT '0.00000000',
  `weight_class_id` int(11) NOT NULL DEFAULT '0',
  `length` decimal(15,8) NOT NULL DEFAULT '0.00000000',
  `width` decimal(15,8) NOT NULL DEFAULT '0.00000000',
  `height` decimal(15,8) NOT NULL DEFAULT '0.00000000',
  `length_class_id` int(11) NOT NULL DEFAULT '0',
  `subtract` tinyint(1) NOT NULL DEFAULT '1',
  `minimum` int(11) NOT NULL DEFAULT '1',
  `sort_order` int(11) NOT NULL DEFAULT '0',
  `status` tinyint(1) NOT NULL DEFAULT '0',
  `date_added` datetime NOT NULL DEFAULT '0000-00-00 00:00:00',
  `date_modified` datetime NOT NULL DEFAULT '0000-00-00 00:00:00',
  `viewed` int(5) NOT NULL DEFAULT '0',
  PRIMARY KEY (`product_id`)
) ENGINE=MyISAM AUTO_INCREMENT=98 DEFAULT CHARSET=utf8 COLLATE=utf8_bin;
/*!40101 SET character_set_client = @saved_cs_client */;

--
-- Dumping data for table `product`
--

LOCK TABLES `product` WRITE;
/*!40000 ALTER TABLE `product` DISABLE KEYS */;
INSERT INTO `product` VALUES (28,'LAPHROAIG','','','','','','','',1,7,'data/cadenheads/products/bottle_l.png',0,1,100.0000,0,9,'2009-02-03',146.40000000,2,0.00000000,0.00000000,0.00000000,1,1,1,0,1,'2009-02-03 16:06:50','2012-12-18 14:44:09',377),(68,'POTTER DISTILLERS INC. KELOWNA, BC 14Y','','','','','','','',1,5,'data/cadenheads/products/POTTER DISTILLERS2.png',0,1,0.0000,0,0,'2012-11-24',0.00000000,1,0.00000000,0.00000000,0.00000000,1,1,1,1,1,'2012-11-25 19:33:09','2012-12-18 14:45:07',0),(69,'CAMERONBRIDGE DISTILLERY 11Y','','','','','','','',1,5,'data/cadenheads/products/CAMERONBRIDGE 11Y.png',0,1,0.0000,0,0,'2012-11-24',0.00000000,1,0.00000000,0.00000000,0.00000000,1,1,1,1,1,'2012-11-25 19:39:30','2012-12-18 14:42:39',2),(65,'AUCHENTOSHAN DISTILLERY 16Y','','','','','','','',1,5,'data/cadenheads/products/AUCHENTOSHAN 2.png',0,1,0.0000,0,0,'2012-11-24',0.00000000,1,0.00000000,0.00000000,0.00000000,1,1,1,1,1,'2012-11-25 19:20:01','2012-12-18 14:42:02',0),(66,'AUCHROISK DISTILLERY 20Y','','','','','','','',1,5,'data/cadenheads/products/AUCHROISK.png',0,1,0.0000,0,0,'2012-11-24',0.00000000,1,0.00000000,0.00000000,0.00000000,1,1,1,1,1,'2012-11-25 19:25:02','2012-12-18 14:42:08',0),(59,'LEDAIG DISTILLERY 1997','','','','','','','',1,5,'data/cadenheads/products/LEDAIG DISTILLERY 1997.png',0,1,0.0000,0,0,'2012-11-24',0.00000000,1,0.00000000,0.00000000,0.00000000,1,1,1,1,1,'2012-11-25 18:34:29','2012-12-18 14:44:18',11),(60,'ALLT-A-BHAINNE DISTILLERY 1992','','','','','','','',1,5,'data/cadenheads/products/ALLT-A-BHAINNE DISTILLERY 1992.png',0,1,0.0000,0,0,'2012-11-24',0.00000000,1,0.00000000,0.00000000,0.00000000,1,1,1,1,1,'2012-11-25 18:50:27','2013-02-08 15:56:51',22),(61,'ALLT-A-BHAINNE DISTILLERY 1992 16Y','','','','','','','',1,5,'data/cadenheads/products/ALLT-A-BHAINNE DISTILLERY 1992.png',0,1,0.0000,0,0,'2012-11-24',0.00000000,1,0.00000000,0.00000000,0.00000000,1,1,1,1,1,'2012-11-25 18:56:14','2013-02-08 15:56:59',4),(62,'ALLT-A-BHAINNE DISTILLERY 1992 18Y','','','','','','','',1,5,'data/cadenheads/products/ALLT-A-BHAINNE DISTILLERY 1992.png',0,1,0.0000,0,0,'2012-11-24',0.00000000,1,0.00000000,0.00000000,0.00000000,1,1,1,1,1,'2012-11-25 19:01:22','2012-12-18 14:41:39',2),(63,'ABERLOUR DISTILLERY 17Y','','','','','','','',1,5,'data/cadenheads/products/ABERLOUR DISTILLERY 17Y.png',0,1,0.0000,0,0,'2012-11-24',0.00000000,1,0.00000000,0.00000000,0.00000000,1,1,1,1,1,'2012-11-25 19:14:17','2013-02-08 15:56:44',8),(64,'AUCHENTOSHAN DISTILLERY 11Y','','','','','','','',1,5,'data/cadenheads/products/AUCHENTOSHAN DISTILLERY 11Y.png',0,1,0.0000,0,0,'2012-11-24',0.00000000,1,0.00000000,0.00000000,0.00000000,1,1,1,1,1,'2012-11-25 19:18:38','2012-12-18 14:41:53',0),(57,'DEMERARA','','','','','','','',1,5,'data/cadenheads/products/bottle_d.png',0,1,0.0000,0,0,'2012-11-21',0.00000000,1,0.00000000,0.00000000,0.00000000,1,1,1,1,1,'2012-11-22 17:29:03','2012-12-18 14:43:27',2),(67,'POTTER DISTILLERS INC. KELOWNA, BC 11Y','','','','','','','',1,5,'data/cadenheads/products/POTTER DISTILLERS.png',0,1,0.0000,0,0,'2012-11-24',0.00000000,1,0.00000000,0.00000000,0.00000000,1,1,1,1,1,'2012-11-25 19:30:38','2012-12-18 14:44:56',2),(58,'Classic','','','','','','','',1,5,'data/cadenheads/products/bottle_c.png',0,1,0.0000,0,0,'2012-11-21',0.00000000,1,0.00000000,0.00000000,0.00000000,1,1,1,1,1,'2012-11-22 17:35:13','2012-12-18 14:42:56',2),(70,'CAMERONBRIDGE DISTILLERY 19Y','','','','','','','',1,5,'data/cadenheads/products/CAMERONBRIDGE 19Y.png',0,1,0.0000,0,0,'2012-11-24',0.00000000,1,0.00000000,0.00000000,0.00000000,1,1,1,1,1,'2012-11-25 19:43:09','2012-12-18 14:42:48',0),(55,'BARDSTOWN','','','','','','','',1,5,'data/cadenheads/products/bottle_b.png',0,1,0.0000,0,0,'2012-11-21',0.00000000,1,0.00000000,0.00000000,0.00000000,1,1,1,1,1,'2012-11-22 15:14:46','2012-12-18 14:42:32',7),(54,'GLENCRAIG','','','','','','','',1,5,'data/cadenheads/products/bottle_g.png',0,1,0.0000,0,0,'2012-11-21',0.00000000,1,0.00000000,0.00000000,0.00000000,1,1,1,1,1,'2012-11-22 15:11:55','2012-12-18 14:43:51',15),(56,'GLEN ELGIN-GLENLIVET','','','','','','','',0,5,'data/cadenheads/products/bottle_gg.png',0,1,0.0000,0,0,'2012-11-21',0.00000000,1,0.00000000,0.00000000,0.00000000,1,1,1,1,1,'2012-11-22 15:18:02','2012-12-18 14:43:44',9),(53,'ABERFELDY','','','','','','','',1,5,'data/cadenheads/products/bottle_a.png',0,1,0.0000,0,0,'2012-11-21',0.00000000,1,0.00000000,0.00000000,0.00000000,1,1,1,1,1,'2012-11-22 15:08:08','2013-02-08 15:56:36',112),(71,'DUFFTOWN-GLENLIVET','','','','','','','',1,5,'data/cadenheads/products/DUFFTOWN-GLENLIVET.png',0,1,0.0000,0,0,'2012-11-24',0.00000000,1,0.00000000,0.00000000,0.00000000,1,1,1,1,1,'2012-11-25 22:58:20','2012-12-18 14:43:31',3),(72,'GLENLIVET','','','','','','','',1,5,'data/cadenheads/products/GLENLIVET (MINMORE).png',0,1,0.0000,0,0,'2012-11-24',0.00000000,1,0.00000000,0.00000000,0.00000000,1,1,1,1,1,'2012-11-25 23:03:30','2012-12-18 14:44:00',0),(73,'GLEN ELGIN-GLENLIVET','','','','','','','',1,5,'data/cadenheads/products/GLEN.png',0,1,0.0000,0,0,'2012-11-24',0.00000000,1,0.00000000,0.00000000,0.00000000,1,1,1,1,1,'2012-11-25 23:09:56','2012-12-18 14:43:37',0),(74,'BARBADOS GREEN','','','','','','','',1,5,'data/cadenheads/products/BARBADOS.png',0,1,0.0000,0,0,'2012-11-24',0.00000000,1,0.00000000,0.00000000,0.00000000,1,1,1,1,1,'2012-11-25 23:18:07','2012-12-18 14:42:24',0),(75,'SLOE GIN 46%','','','','','','','',1,5,'data/cadenheads/products/SLOE GIN.png',0,1,0.0000,0,0,'2012-11-24',0.00000000,1,0.00000000,0.00000000,0.00000000,1,1,1,1,1,'2012-11-25 23:21:45','2012-12-18 14:45:14',0),(76,'OLD RAJ GIN','','','','','','','',1,5,'data/cadenheads/products/OLD RAJ GIN 46.png',0,1,0.0000,0,0,'2012-11-24',0.00000000,1,0.00000000,0.00000000,0.00000000,1,1,1,1,1,'2012-11-25 23:25:08','2012-12-18 14:44:43',0),(77,'BAMBOO SLEEVELESS TOP BLACK WITH FIRE','','','','','','','',1,5,'data/asquithlondon/cache/data/Products/bamboo_long_sleeved_t-shirt black_lr-381x508.jpg',0,1,0.0000,0,0,'2012-12-04',0.00000000,1,0.00000000,0.00000000,0.00000000,1,1,1,1,1,'2012-12-05 17:06:50','2013-02-08 15:58:16',15),(78,'BAMBOO BOX T FIG','','','','','','','',1,5,'data/asquithlondon/cache/data/Box T FIG ASQ.26-500x500.jpg',0,1,69.0000,0,0,'2012-12-06',0.00000000,1,0.00000000,0.00000000,0.00000000,1,1,1,1,1,'2012-12-07 09:16:53','2013-02-08 15:56:26',258),(79,'BAMBOO LONG SLEEVE TOP BLACK WITH STONE','','','','','','','',1,5,'data/asquithlondon/cache/data/bamboo_long_sleeved_t-shirt black_lr-381x508.jpg',0,1,0.0000,0,0,'2012-12-06',0.00000000,1,0.00000000,0.00000000,0.00000000,1,1,1,1,1,'2012-12-07 09:49:23','2013-02-08 15:57:36',10),(81,'BAMBOO LONG SLEEVE TOP BLACK','','','','','','','',1,5,'data/asquithlondon/cache/data/Products/bamboo_long_sleeved_t-shirt black_lr-381x508.jpg',0,1,0.0000,0,0,'2012-12-06',0.00000000,1,0.00000000,0.00000000,0.00000000,1,1,1,1,1,'2012-12-07 10:25:30','2013-02-08 15:57:54',12),(82,'BAMBOO CROP PANTS BLACK','','','','','','','',0,5,'data/asquithlondon/cache/data/Bamboo Crop Pants Black ASQ.05-381x508.jpg',0,1,0.0000,0,0,'2012-12-06',0.00000000,1,0.00000000,0.00000000,0.00000000,1,1,1,1,1,'2012-12-07 14:13:54','2013-02-08 15:57:23',8),(83,'BAMBOO SCARF BLACK','','','','','','','',1,5,'data/asquithlondon/cache/data/Products/Scarf BLACK ASQ.24 -381x508.jpg',0,1,0.0000,0,0,'2012-12-06',0.00000000,1,0.00000000,0.00000000,0.00000000,1,1,1,1,1,'2012-12-07 14:15:59','2013-02-08 15:58:05',3),(85,'BAMBOO SLEEVELESS TOP BLACK WITH FIRE','','','','','','','',1,5,'data/asquithlondon/cache/data/Products/Long sleeve top BLACK STONE ASQ.12-381x508.jpg',0,1,0.0000,0,0,'2012-12-06',0.00000000,1,0.00000000,0.00000000,0.00000000,1,1,1,1,1,'2012-12-07 18:58:28','2013-02-08 15:58:39',2),(90,'OLD RAJ GIN 46% &amp; 55% 5cl','','','','','','','',10,5,'data/cadenheads/products/other.png',0,1,0.0000,0,0,'2012-12-17',0.00000000,1,0.00000000,0.00000000,0.00000000,1,1,1,1,1,'2012-12-18 14:33:18','2012-12-18 14:44:31',3),(89,'AA5105','','','','','','','',1,5,'data/papillonshop/cache/data/products/AA5105-Vase-4-Arm-Cactus-600x750.png',0,1,0.0000,0,0,'2012-12-16',0.00000000,1,0.00000000,0.00000000,0.00000000,1,1,1,1,1,'2012-12-17 10:27:29','2013-02-08 15:59:06',3),(88,'AA1019','','','','','','','',1,5,'data/papillonshop/cache/data/products/AA1019-Revolving-Hook-600x750.png',0,1,105.0000,0,0,'2012-12-13',0.00000000,1,0.00000000,0.00000000,0.00000000,1,1,1,1,1,'2012-12-14 16:55:01','2013-02-08 15:58:57',52),(91,'WB1','','','','','','','',0,5,'data/sealskinz/product/Waterproof-Beanie.jpg',0,1,0.0000,0,0,'2013-01-22',0.60000000,1,0.00000000,0.00000000,0.00000000,1,1,1,1,1,'2013-01-23 14:28:25','2013-03-07 16:56:16',1289),(95,'hats2','','','','','','','',1,5,'data/sealskinz/product/Outdoor/hats.png',0,1,0.0000,0,0,'2013-02-19',0.00000000,1,0.00000000,0.00000000,0.00000000,1,1,1,1,1,'2013-02-20 15:16:46','2013-03-07 14:32:44',1),(92,'Glov1','','','','','','','',1,5,'data/sealskinz/product/guanti-per-immersione-20050-2874021.jpg',0,1,0.0000,0,0,'2013-02-07',0.00000000,1,0.00000000,0.00000000,0.00000000,1,1,1,1,1,'2013-02-08 16:01:48','2013-03-07 14:33:13',20),(93,'So1','','','','','','','',1,5,'data/sealskinz/product/soks-blue-front_1.jpg',0,1,0.0000,0,0,'2013-02-07',0.00000000,1,0.00000000,0.00000000,0.00000000,1,1,1,1,1,'2013-02-08 16:04:02','2013-03-07 14:33:43',19),(94,'hats2','','','','','','','',1,5,'data/sealskinz/product/Waterproof-Beanie.jpg',0,1,0.0000,0,0,'2013-02-13',0.00000000,1,0.00000000,0.00000000,0.00000000,1,1,1,1,1,'2013-02-14 11:05:19','2013-03-07 14:34:41',5),(96,'soc2','','','','','','','',1,5,'data/sealskinz/product/Outdoor/soks.jpeg',0,1,0.0000,0,0,'2013-02-19',0.00000000,1,0.00000000,0.00000000,0.00000000,1,1,1,1,1,'2013-02-20 15:24:52','2013-03-07 14:34:05',0),(97,'glov3','','','','','','','',1,5,'data/sealskinz/product/golf/gloves2.jpeg',0,1,0.0000,0,0,'2013-02-19',0.00000000,1,0.00000000,0.00000000,0.00000000,1,1,1,1,1,'2013-02-20 15:28:08','2013-03-07 14:33:28',1);
/*!40000 ALTER TABLE `product` ENABLE KEYS */;
UNLOCK TABLES;

--
-- Table structure for table `product_attribute`
--

DROP TABLE IF EXISTS `product_attribute`;
/*!40101 SET @saved_cs_client     = @@character_set_client */;
/*!40101 SET character_set_client = utf8 */;
CREATE TABLE `product_attribute` (
  `product_id` int(11) NOT NULL,
  `attribute_id` int(11) NOT NULL,
  `language_id` int(11) NOT NULL,
  `text` text COLLATE utf8_bin NOT NULL,
  PRIMARY KEY (`product_id`,`attribute_id`,`language_id`)
) ENGINE=MyISAM DEFAULT CHARSET=utf8 COLLATE=utf8_bin;
/*!40101 SET character_set_client = @saved_cs_client */;

--
-- Dumping data for table `product_attribute`
--

LOCK TABLES `product_attribute` WRITE;
/*!40000 ALTER TABLE `product_attribute` DISABLE KEYS */;
INSERT INTO `product_attribute` VALUES (68,12,1,'To follow'),(28,14,1,' Islay'),(28,13,1,'Campbeltown'),(57,12,1,'To follow'),(56,13,1,'Campbeltown'),(56,14,1,'Speyside'),(57,14,1,''),(57,13,1,'Campbeltown'),(58,13,1,'Campbeltown'),(62,21,1,'To follow'),(58,12,1,'Nose: Lemon, aromatic, citrus fruits.  Fresh Botanicals. Palate: Again citrus fruits. Well balanced. Perfect mixed with tonic. Gin lovers will find it very intriguing.'),(74,12,1,'To follow'),(69,12,1,'To follow '),(70,12,1,'To follow'),(54,13,1,'London'),(55,13,1,'Campbeltown'),(59,15,1,'Salt, hints of peat, sweet and soft hints of smoke.'),(59,16,1,'Very sweet with lingering phenolic characteristics. An elegant introduction to peaty whisky.'),(59,13,1,'Campbeltown'),(59,14,1,'Island'),(60,15,1,'Smooth sweetness, almonds and toffee. Slips down with ease.'),(60,13,1,'Campbeltown'),(60,14,1,'Speyside'),(61,21,1,'Butterscotch, marzipan, almonds and pear drops.'),(61,16,1,' '),(62,14,1,'Speyside'),(62,13,1,'Campbeltown'),(63,16,1,'Smooth and sweet with a pleasant lingering dry finish'),(63,21,1,'Tropical fruits and quite malty. Vermouth, white port and ginger shortbread.'),(64,12,1,'Nose: A fruity flavour burst.   Strawberries, raspberries and a very pleasant sweet confectionery aroma.   Palate:  A very gentle, sweet and delicate dram.  Orange fondant, icing sugar and more strawberries.  Finish:  Lingering vanilla and sugary sweetness.'),(65,12,1,'Nose: Parma violets; summer meadows; sweet vanilla.  Palate: Creamy rich butterscotch and fruit.'),(66,12,1,'Nose: Big fudge and toffee with caramelised sugar, cream soda and toffee popcorn.  A little bit of smokiness lends some authority to the whisky. Palate: All of the aromas from the nose are transferred to the palate and are joined by hints of raspberry, rhubarb and vanilla.  Finish: Long, smooth and sweet, like a home baked custard pie.'),(67,12,1,'To follow '),(67,13,1,'Campbeltown'),(68,14,1,'World Whiskies'),(68,13,1,'Campbeltown'),(69,14,1,'World Whiskies'),(69,13,1,'Campbeltown'),(70,14,1,'World Whiskies'),(70,13,1,'Campbeltown'),(71,12,1,'Nose:  Malty with some sherry characteristics;  orange chocolate.   Palate:  A lingering sweetness, smooth and malty.'),(72,12,1,'To follow.'),(72,13,1,'Campbeltown'),(73,12,1,'Nose: Sweet and malty.  Very fruity with rich chocolate notes and subtle treacle notes. Palate: Sweet vanilla toffee with hints of pepper and spice.  Well matured.  '),(74,14,1,'Caribbean'),(74,13,1,'Campbeltown'),(75,13,1,'Campbeltown'),(75,12,1,'To follow'),(76,12,1,'Nose: Perfumed, aromatic and smooth. Palate: This gin slips over the palate with ease.  With tonic it sparkles; on ice with bitters it\'s lively.  Our 55% version is simply described as more.'),(63,13,1,'Campbeltown'),(91,30,1,'Hats'),(54,12,1,'Nose: Once you have let it breathe you get honeycomb and vanilla. Palate: Intensely sweet and fruity with some honeycomb and clover. Finish: A rich sweet finish.'),(55,12,1,'Nose:  Sweet popcorn, chocolate orange, fudge, parma violets, raisins.  Palate:  Floral, rich, creamy and smooth.  Hazelnut.  Finish:  Sweet.  Long soft and delightful.   '),(56,12,1,'Nose: Sweet vanilla; floral. Palate: Smooth, rich and sweet. A typical Speyside whisky.  Finish: Dry.'),(60,21,1,'Sweet with  hints of nuts, malted barley &amp; pear drops. '),(60,16,1,' '),(61,14,1,'Speyside'),(64,13,1,'Campbeltown'),(65,13,1,'Campbeltown'),(66,13,1,'Campbeltown'),(55,14,1,'World Whiskies'),(73,14,1,'Speyside'),(58,14,1,'UK'),(71,14,1,'Speyside'),(71,13,1,'Campbeltown'),(73,13,1,'Campbeltown'),(54,14,1,'Speyside'),(72,14,1,'Speyside'),(53,13,1,'Campbeltown'),(76,13,1,'Campbeltown'),(67,14,1,'World Whiskies'),(75,14,1,'UK'),(53,21,1,'Very floral with prominent notes of rose water.  Sweet confectionary, butterscotch and pear drops become evident as the whisky is allowed to breath. '),(63,14,1,'Speyside'),(63,15,1,'Elegant, hints of spice and more malty notes. Oily with hints of aniseed.'),(78,18,1,'70% Bamboo 25% cotton 5% elastane jersey Embellished with a discreet row of Swarovski crystal, the Asquith signature. Machine wash 30°C'),(78,17,1,' Measurement Guide\r\n\r\nMeasure your bust, waist and hip and compare your measurements with our size guide to help you determine what size to buy.\r\n\r\n    Bust - take the measurement across fullest part of your bust and across your shoulder blades.\r\n    Waist - measure around your natural waistline.\r\n    Hips - measure at the widest part.\r\n    Inside leg - measure from the top of the inside leg at the crutch to the anklebone.\r\n\r\nItems may vary in size from the guide depending on the style and fabric but they will still fit the body size indicated.\r\n\r\nPlease note that in the table below, all measurements are body measurements and not garment measurements. If you have any questions regarding sizing please don’t hesitate to contact us at contact@asquithlondon.com'),(88,26,1,'Interior Decor'),(61,13,1,'Campbeltown'),(53,14,1,'Highland'),(53,15,1,'A very creamy dram with lots of toffee and tablet.  Floral with a very, very pleasant mouth feel.  An enjoyable, flavoursome whisky. '),(53,16,1,'Long, sweet and sugary'),(61,15,1,'Creamy and smooth. Marshmallows and wet straw.'),(88,24,1,'Wall Hooks'),(89,26,1,'Kitchen'),(64,14,1,'Lowland'),(65,14,1,'Lowland'),(66,14,1,'Highland'),(76,14,1,'UK'),(94,30,1,'Hats'),(91,33,1,'Male'),(92,30,1,'Gloves'),(93,28,1,'3'),(93,30,1,'Socks'),(94,28,1,'3'),(92,28,1,'1'),(95,30,1,'Hats'),(96,30,1,'Socks'),(97,28,1,'2'),(96,28,1,'1'),(95,28,1,'3'),(95,33,1,'Female'),(92,33,1,'Male'),(97,30,1,'Gloves'),(97,33,1,'Female'),(93,33,1,'Male'),(96,33,1,'Female'),(91,28,1,'3'),(94,33,1,'Male');
/*!40000 ALTER TABLE `product_attribute` ENABLE KEYS */;
UNLOCK TABLES;

--
-- Table structure for table `product_description`
--

DROP TABLE IF EXISTS `product_description`;
/*!40101 SET @saved_cs_client     = @@character_set_client */;
/*!40101 SET character_set_client = utf8 */;
CREATE TABLE `product_description` (
  `product_id` int(11) NOT NULL AUTO_INCREMENT,
  `language_id` int(11) NOT NULL,
  `name` varchar(255) COLLATE utf8_bin NOT NULL,
  `description` text COLLATE utf8_bin NOT NULL,
  `meta_description` varchar(255) COLLATE utf8_bin NOT NULL,
  `meta_keyword` varchar(255) COLLATE utf8_bin NOT NULL,
  `tag` text COLLATE utf8_bin NOT NULL,
  PRIMARY KEY (`product_id`,`language_id`),
  KEY `name` (`name`),
  FULLTEXT KEY `description` (`description`),
  FULLTEXT KEY `tag` (`tag`)
) ENGINE=MyISAM AUTO_INCREMENT=98 DEFAULT CHARSET=utf8 COLLATE=utf8_bin;
/*!40101 SET character_set_client = @saved_cs_client */;

--
-- Dumping data for table `product_description`
--

LOCK TABLES `product_description` WRITE;
/*!40000 ALTER TABLE `product_description` DISABLE KEYS */;
INSERT INTO `product_description` VALUES (60,1,'ALLT-A-BHAINNE DISTILLERY 1992 15Y/O','&lt;p&gt;\r\n	Distilled 1992 Bottled March 2008 Bourbon cask&lt;/p&gt;\r\n&lt;p&gt;\r\n	&lt;span style=&quot;color: rgb(0, 0, 0); font-family: Arial, Helvetica, sans-serif; font-size: 12px; font-style: normal; font-variant: normal; font-weight: normal; letter-spacing: normal; line-height: normal; orphans: 2; text-align: left; text-indent: 0px; text-transform: none; white-space: normal; widows: 2; word-spacing: 0px; -webkit-text-size-adjust: auto; -webkit-text-stroke-width: 0px; background-color: rgb(255, 255, 255); display: inline !important; float: none;&quot;&gt;Tasting Notes:&lt;/span&gt;&lt;/p&gt;\r\n','','',''),(63,1,'ABERLOUR DISTILLERY 17Y/0 46%','&lt;p&gt;\r\n	&lt;span style=&quot;color: rgb(0, 0, 0); font-family: Arial, Helvetica, sans-serif; font-size: 12px; font-style: normal; font-variant: normal; font-weight: normal; letter-spacing: normal; line-height: normal; orphans: 2; text-align: left; text-indent: 0px; text-transform: none; white-space: normal; widows: 2; word-spacing: 0px; -webkit-text-size-adjust: auto; -webkit-text-stroke-width: 0px; background-color: rgb(255, 255, 255); display: inline !important; float: none;&quot;&gt;Tasting Notes:&lt;/span&gt;&lt;/p&gt;\r\n','','',''),(59,1,'LEDAIG DISTILLERY 1997 15Y/O 56%LEDAIG DISTILLERY 1997 15Y/O 56%','&lt;p&gt;\r\n	&lt;strong&gt;Distilled 1997 Bottled October 2012 Bourbon cask&lt;/strong&gt;&lt;/p&gt;\r\n&lt;p&gt;\r\n	Tasting Notes:&lt;/p&gt;\r\n','','',''),(77,1,'BAMBOO SLEEVELESS TOP BLACK WITH FIRE','&lt;p&gt;\r\n	&lt;strong&gt;LIMITED EDITION - &lt;/strong&gt;Super soft bamboo jersey, scoop neck vest top with gentle gathering at a soft&lt;br /&gt;\r\n	&amp;nbsp;&lt;br /&gt;\r\n	flattering neckline. Extra length for good coverage (top long enough to cover your&lt;br /&gt;\r\n	&amp;nbsp;&lt;br /&gt;\r\n	bottom) whether inverted or extended – and it won’t move if you do. Wear long or&lt;br /&gt;\r\n	&amp;nbsp;&lt;br /&gt;\r\n	softly gathered. Soft against the skin – in breatheable, comfortable, Bamboo jersey.&lt;br /&gt;\r\n	&amp;nbsp;&lt;br /&gt;\r\n	Self binding at neckline and sleeves, hem. Great for layering.&lt;/p&gt;\r\n','','',''),(79,1,'BAMBOO LONG SLEEVE TOP BLACK','','','',''),(92,1,'Gloves 1','','','',''),(81,1,'BAMBOO LONG SLEEVE TOP BLACK','','','',''),(78,1,'BAMBOO BOX T FIG','&lt;p&gt;\r\n	Relaxed, loose fitting, easy to wear, square shaped fluid jersey long sleeve Top in the&lt;/p&gt;\r\n&lt;p&gt;\r\n	softest Bamboo jersey. With raw edge at hem and cuffs. A must have.&lt;/p&gt;\r\n','','',''),(85,1,'BAMBOO SLEEVELESS TOP BLACK WITH FIRE','','','',''),(28,1,'LAPHROAIG DISTILLERY 1998 13Y/O 59.9%','&lt;p&gt;\r\n	Distilled 1998, bottled October 2011. &amp;nbsp;Bourbon cask&lt;/p&gt;\r\n&lt;p&gt;\r\n	Tasting Notes:&lt;/p&gt;\r\n','','',''),(75,1,'SLOE GIN 46%','&lt;p&gt;\r\n	&lt;strong&gt;Infused with sloe berry essence&lt;/strong&gt;&lt;/p&gt;\r\n&lt;p&gt;\r\n	Tasting Notes:&lt;/p&gt;\r\n','','',''),(68,1,'POTTER DISTILLERS INC. KELOWNA, BC 14Y/O 56.9%','&lt;p&gt;\r\n	Indian Corn&lt;/p&gt;\r\n&lt;p&gt;\r\n	Tasting Notes:&lt;/p&gt;\r\n','','',''),(67,1,'POTTER DISTILLERS INC. KELOWNA, BC 11Y/O 55.1%','&lt;p&gt;\r\n	Indian Corn&lt;/p&gt;\r\n&lt;p&gt;\r\n	Tasting Notes:&lt;/p&gt;\r\n','','',''),(76,1,'OLD RAJ GIN 46% &amp; 55% 70cl','&lt;p&gt;\r\n	&lt;strong&gt;Saffron infused gin&lt;/strong&gt;&lt;/p&gt;\r\n&lt;p&gt;\r\n	Tasting Notes:&lt;/p&gt;\r\n','','',''),(53,1,'ABERFELDY DISTILLERY 14Y/0 46%','&lt;p&gt;\r\n	&lt;strong&gt;Bourbon cask&lt;/strong&gt;&lt;/p&gt;\r\n&lt;p&gt;\r\n	Tasting Notes:&lt;/p&gt;\r\n','','',''),(61,1,'ALLT-A-BHAINNE DISTILLERY 1992 16Y/O','&lt;p&gt;\r\n	&lt;strong&gt;Distilled 1992 Bottled October 2008 Bourbon Cask&lt;/strong&gt;&lt;/p&gt;\r\n&lt;p&gt;\r\n	&lt;span style=&quot;color: rgb(0, 0, 0); font-family: Arial, Helvetica, sans-serif; font-size: 12px; font-style: normal; font-variant: normal; font-weight: normal; letter-spacing: normal; line-height: normal; orphans: 2; text-align: left; text-indent: 0px; text-transform: none; white-space: normal; widows: 2; word-spacing: 0px; -webkit-text-size-adjust: auto; -webkit-text-stroke-width: 0px; background-color: rgb(255, 255, 255); display: inline !important; float: none;&quot;&gt;Tasting Notes:&lt;/span&gt;&lt;/p&gt;\r\n','','',''),(62,1,'ALLT-A-BHAINNE DISTILLERY 1992 18Y/O 54.7%','&lt;p&gt;\r\n	&lt;strong&gt;Distilled 1992 Bottled June 2011 Bourbon Cask&lt;/strong&gt;&lt;/p&gt;\r\n&lt;p&gt;\r\n	&lt;span style=&quot;color: rgb(0, 0, 0); font-family: Arial, Helvetica, sans-serif; font-size: 12px; font-style: normal; font-variant: normal; font-weight: normal; letter-spacing: normal; line-height: normal; orphans: 2; text-align: left; text-indent: 0px; text-transform: none; white-space: normal; widows: 2; word-spacing: 0px; -webkit-text-size-adjust: auto; -webkit-text-stroke-width: 0px; background-color: rgb(255, 255, 255); display: inline !important; float: none;&quot;&gt;Tasting Notes:&lt;/span&gt;&lt;/p&gt;\r\n','','',''),(64,1,'AUCHENTOSHAN DISTILLERY 11Y/0 46% ','&lt;p&gt;\r\n	&lt;strong&gt;Bourbon cask.&lt;/strong&gt;&lt;/p&gt;\r\n&lt;p&gt;\r\n	&lt;span style=&quot;color: rgb(0, 0, 0); font-family: Arial, Helvetica, sans-serif; font-size: 12px; font-style: normal; font-variant: normal; font-weight: normal; letter-spacing: normal; line-height: normal; orphans: 2; text-align: left; text-indent: 0px; text-transform: none; white-space: normal; widows: 2; word-spacing: 0px; -webkit-text-size-adjust: auto; -webkit-text-stroke-width: 0px; background-color: rgb(255, 255, 255); display: inline !important; float: none;&quot;&gt;Tasting Notes:&lt;/span&gt;&lt;/p&gt;\r\n','','',''),(65,1,'AUCHENTOSHAN DISTILLERY 16Y/0 46%','&lt;p&gt;\r\n	&lt;strong&gt;Bourbon cask.&lt;/strong&gt;&lt;/p&gt;\r\n&lt;p&gt;\r\n	&lt;span style=&quot;color: rgb(0, 0, 0); font-family: Arial, Helvetica, sans-serif; font-size: 12px; font-style: normal; font-variant: normal; font-weight: normal; letter-spacing: normal; line-height: normal; orphans: 2; text-align: left; text-indent: 0px; text-transform: none; white-space: normal; widows: 2; word-spacing: 0px; -webkit-text-size-adjust: auto; -webkit-text-stroke-width: 0px; background-color: rgb(255, 255, 255); display: inline !important; float: none;&quot;&gt;Tasting Notes:&lt;/span&gt;&lt;/p&gt;\r\n','','',''),(66,1,'AUCHROISK DISTILLERY 20Y/0 46%','&lt;p&gt;\r\n	&lt;strong&gt;Bourbon cask&lt;/strong&gt;&lt;/p&gt;\r\n&lt;p&gt;\r\n	&lt;span style=&quot;color: rgb(0, 0, 0); font-family: Arial, Helvetica, sans-serif; font-size: 12px; font-style: normal; font-variant: normal; font-weight: normal; letter-spacing: normal; line-height: normal; orphans: 2; text-align: left; text-indent: 0px; text-transform: none; white-space: normal; widows: 2; word-spacing: 0px; -webkit-text-size-adjust: auto; -webkit-text-stroke-width: 0px; background-color: rgb(255, 255, 255); display: inline !important; float: none;&quot;&gt;Tasting Notes:&lt;/span&gt;&lt;/p&gt;\r\n','','',''),(74,1,'BARBADOS GREEN LABEL RUM 10Y/O 46%','&lt;p&gt;\r\n	&lt;span style=&quot;color: rgb(0, 0, 0); font-family: Arial, Helvetica, sans-serif; font-size: 12px; font-style: normal; font-variant: normal; font-weight: normal; letter-spacing: normal; line-height: normal; orphans: 2; text-align: left; text-indent: 0px; text-transform: none; white-space: normal; widows: 2; word-spacing: 0px; -webkit-text-size-adjust: auto; -webkit-text-stroke-width: 0px; background-color: rgb(255, 255, 255); display: inline !important; float: none;&quot;&gt;Tasting Notes:&lt;/span&gt;&lt;/p&gt;\r\n','','',''),(55,1,'BARDSTOWN, KENTUCKY, USA 15Y/O 58.9%','&lt;p&gt;\r\n	Bourbon&lt;/p&gt;\r\n&lt;p&gt;\r\n	&lt;span style=&quot;color: rgb(0, 0, 0); font-family: Arial, Helvetica, sans-serif; font-size: 12px; font-style: normal; font-variant: normal; font-weight: normal; letter-spacing: normal; line-height: normal; orphans: 2; text-align: left; text-indent: 0px; text-transform: none; white-space: normal; widows: 2; word-spacing: 0px; -webkit-text-size-adjust: auto; -webkit-text-stroke-width: 0px; background-color: rgb(255, 255, 255); display: inline !important; float: none;&quot;&gt;Tasting Notes:&lt;/span&gt;&lt;/p&gt;\r\n','','',''),(69,1,'CAMERONBRIDGE DISTILLERY 11Y/O 64%','&lt;p&gt;\r\n	Scottish Single Grain&lt;/p&gt;\r\n&lt;p&gt;\r\n	&lt;span style=&quot;color: rgb(0, 0, 0); font-family: Arial, Helvetica, sans-serif; font-size: 12px; font-style: normal; font-variant: normal; font-weight: normal; letter-spacing: normal; line-height: normal; orphans: 2; text-align: left; text-indent: 0px; text-transform: none; white-space: normal; widows: 2; word-spacing: 0px; -webkit-text-size-adjust: auto; -webkit-text-stroke-width: 0px; background-color: rgb(255, 255, 255); display: inline !important; float: none;&quot;&gt;Tasting Notes:&lt;/span&gt;&lt;/p&gt;\r\n','','',''),(70,1,'CAMERONBRIDGE DISTILLERY 19Y/O 59.4%','&lt;p&gt;\r\n	Scottish Single Grain&lt;/p&gt;\r\n&lt;p&gt;\r\n	&lt;span style=&quot;color: rgb(0, 0, 0); font-family: Arial, Helvetica, sans-serif; font-size: 12px; font-style: normal; font-variant: normal; font-weight: normal; letter-spacing: normal; line-height: normal; orphans: 2; text-align: left; text-indent: 0px; text-transform: none; white-space: normal; widows: 2; word-spacing: 0px; -webkit-text-size-adjust: auto; -webkit-text-stroke-width: 0px; background-color: rgb(255, 255, 255); display: inline !important; float: none;&quot;&gt;Tasting Notes:&lt;/span&gt;&lt;/p&gt;\r\n','','',''),(58,1,'CLASSIC GIN 50%','&lt;p&gt;\r\n	&amp;nbsp;&amp;nbsp;&amp;nbsp;&amp;nbsp; &lt;span style=&quot;color: rgb(0, 0, 0); font-family: Arial, Helvetica, sans-serif; font-size: 12px; font-style: normal; font-variant: normal; font-weight: normal; letter-spacing: normal; line-height: normal; orphans: 2; text-align: left; text-indent: 0px; text-transform: none; white-space: normal; widows: 2; word-spacing: 0px; -webkit-text-size-adjust: auto; -webkit-text-stroke-width: 0px; background-color: rgb(255, 255, 255); display: inline !important; float: none;&quot;&gt;Tasting Notes:&lt;/span&gt;&lt;/p&gt;\r\n','','',''),(57,1,'DEMERARA GREEN LABEL RUM 12Y/O 46%','&lt;p&gt;\r\n	&lt;strong&gt;Matured in an ex Laphroaig cask&lt;/strong&gt;&lt;/p&gt;\r\n&lt;p&gt;\r\n	&lt;span style=&quot;color: rgb(0, 0, 0); font-family: Arial, Helvetica, sans-serif; font-size: 12px; font-style: normal; font-variant: normal; font-weight: normal; letter-spacing: normal; line-height: normal; orphans: 2; text-align: left; text-indent: 0px; text-transform: none; white-space: normal; widows: 2; word-spacing: 0px; -webkit-text-size-adjust: auto; -webkit-text-stroke-width: 0px; background-color: rgb(255, 255, 255); display: inline !important; float: none;&quot;&gt;Tasting Notes:&lt;/span&gt;&lt;/p&gt;\r\n','','',''),(71,1,'DUFFTOWN-GLENLIVET DISTILLERY 1978 31Y/O 48.6%  CHAIRMAN\'S STOCK','&lt;p&gt;\r\n	&lt;strong&gt;Distilled 1978 bottled June 2009. &amp;nbsp; Bourbon cask&lt;/strong&gt;&lt;/p&gt;\r\n&lt;p&gt;\r\n	&lt;span style=&quot;color: rgb(0, 0, 0); font-family: Arial, Helvetica, sans-serif; font-size: 12px; font-style: normal; font-variant: normal; font-weight: normal; letter-spacing: normal; line-height: normal; orphans: 2; text-align: left; text-indent: 0px; text-transform: none; white-space: normal; widows: 2; word-spacing: 0px; -webkit-text-size-adjust: auto; -webkit-text-stroke-width: 0px; background-color: rgb(255, 255, 255); display: inline !important; float: none;&quot;&gt;Tasting Notes:&lt;/span&gt;&lt;/p&gt;\r\n','','',''),(73,1,'GLEN ELGIN-GLENLIVET DISTILLERY 1978 30Y/O 49.1%','&lt;p&gt;\r\n	&lt;strong&gt;Distilled 1978, bottled June 2009. Bourbon cask.&lt;/strong&gt;&lt;/p&gt;\r\n&lt;p&gt;\r\n	&lt;span style=&quot;color: rgb(0, 0, 0); font-family: Arial, Helvetica, sans-serif; font-size: 12px; font-style: normal; font-variant: normal; font-weight: normal; letter-spacing: normal; line-height: normal; orphans: 2; text-align: left; text-indent: 0px; text-transform: none; white-space: normal; widows: 2; word-spacing: 0px; -webkit-text-size-adjust: auto; -webkit-text-stroke-width: 0px; background-color: rgb(255, 255, 255); display: inline !important; float: none;&quot;&gt;Tasting Notes:&lt;/span&gt;&lt;/p&gt;\r\n','','',''),(56,1,'GLEN ELGIN-GLENLIVET DISTILLERY 1978 33Y/O 43.1%','&lt;p&gt;\r\n	&lt;strong&gt;Distilled 1978, bottled October 2011. Bourbon cask.&lt;/strong&gt;&lt;/p&gt;\r\n&lt;p&gt;\r\n	&lt;span style=&quot;color: rgb(0, 0, 0); font-family: Arial, Helvetica, sans-serif; font-size: 12px; font-style: normal; font-variant: normal; font-weight: normal; letter-spacing: normal; line-height: normal; orphans: 2; text-align: left; text-indent: 0px; text-transform: none; white-space: normal; widows: 2; word-spacing: 0px; -webkit-text-size-adjust: auto; -webkit-text-stroke-width: 0px; background-color: rgb(255, 255, 255); display: inline !important; float: none;&quot;&gt;Tasting Notes:&lt;/span&gt;&lt;/p&gt;\r\n','','',''),(54,1,'GLENCRAIG DISTILLED AT GLENBURGIE-GLENLIVET 1981 31Y/0 50.8%','&lt;p&gt;\r\n	&lt;span style=&quot;color: rgb(0, 0, 0); font-family: Arial, Helvetica, sans-serif; font-size: 12px; font-style: normal; font-variant: normal; font-weight: normal; letter-spacing: normal; line-height: normal; orphans: 2; text-align: left; text-indent: 0px; text-transform: none; white-space: normal; widows: 2; word-spacing: 0px; -webkit-text-size-adjust: auto; -webkit-text-stroke-width: 0px; background-color: rgb(255, 255, 255); display: inline !important; float: none;&quot;&gt;Tasting Notes:&lt;/span&gt;&lt;/p&gt;\r\n','','',''),(72,1,'GLENLIVET (MINMORE) DISTILLERY 1976 35Y/O 57.3%','&lt;p&gt;\r\n	&lt;strong&gt;Distilled 1976, bottled October 2011. Sherry cask.&lt;/strong&gt;&lt;/p&gt;\r\n&lt;p&gt;\r\n	&lt;span style=&quot;color: rgb(0, 0, 0); font-family: Arial, Helvetica, sans-serif; font-size: 12px; font-style: normal; font-variant: normal; font-weight: normal; letter-spacing: normal; line-height: normal; orphans: 2; text-align: left; text-indent: 0px; text-transform: none; white-space: normal; widows: 2; word-spacing: 0px; -webkit-text-size-adjust: auto; -webkit-text-stroke-width: 0px; background-color: rgb(255, 255, 255); display: inline !important; float: none;&quot;&gt;Tasting Notes:&lt;/span&gt;&lt;/p&gt;\r\n','','',''),(82,1,'BAMBOO CROP PANTS BLACK','&lt;p&gt;\r\n	Super soft, drapey Bamboo jersey trousers. The perfect cure for leg length issues!!!&lt;/p&gt;\r\n&lt;p&gt;\r\n	These unbelievably comfortable Bamboo trousers have side ties at the hem in self fabric&lt;/p&gt;\r\n&lt;p&gt;\r\n	– so they can be worn tied up at the knee or tied at the ankle – fantastically versatile.&lt;/p&gt;\r\n&lt;p&gt;\r\n	With soft elastic at the waist as well as a 3” foldover at the waist, to gently hold in and&lt;/p&gt;\r\n&lt;p&gt;\r\n	flatter the waist and for added comfort.&lt;/p&gt;\r\n','','',''),(83,1,'BAMBOO SCARF BLACK','&lt;div class=&quot;tab-content&quot; id=&quot;tab-description&quot; style=&quot;display: block;&quot;&gt;\r\n	&lt;p&gt;\r\n		&lt;strong&gt;LIMITED EDITION &lt;/strong&gt;- A generously sized scarf – 110cm x 220cm. Wear as a scarf, a cardigan, great for&lt;br /&gt;\r\n		&amp;nbsp;&lt;br /&gt;\r\n		travel – for snuggling up in on a plane, or use as a Savasana.blanket. The most&lt;br /&gt;\r\n		&amp;nbsp;&lt;br /&gt;\r\n		useful item in your wardrobe - the perfect complement to any occasion. The fabric&lt;br /&gt;\r\n		&amp;nbsp;&lt;br /&gt;\r\n		is ultra soft, drapey Bamboo.&lt;br /&gt;\r\n		&amp;nbsp;&lt;br /&gt;\r\n		&lt;em&gt;&lt;strong&gt;As featured in October\'s issue of Women\'s Fitness&lt;/strong&gt;&lt;/em&gt;&lt;/p&gt;\r\n&lt;/div&gt;\r\n&lt;p&gt;\r\n	&amp;nbsp;&lt;/p&gt;\r\n','','',''),(91,1,'Waterproof Beanie','&lt;p&gt;\r\n	Our best selling, totally waterproof, windproof and breathable knitted beanie hat. Suited to a multitude of outdoor users, could this be the most versatule hat on the market?&lt;/p&gt;\r\n&lt;p&gt;\r\n	&amp;nbsp;&lt;/p&gt;\r\n&lt;ul&gt;\r\n	&lt;li&gt;\r\n		Totally waterproof, windproof and breathable&lt;/li&gt;\r\n	&lt;li&gt;\r\n		Acrylic knitted outer for maximum water repellancy&lt;/li&gt;\r\n	&lt;li&gt;\r\n		Close fitting knitted construction with IMPROVED fit&lt;/li&gt;\r\n	&lt;li&gt;\r\n		Micro fleece lining for warmth and moisture control&lt;/li&gt;\r\n&lt;/ul&gt;\r\n&lt;div id=&quot;left&quot;&gt;\r\n	&lt;img alt=&quot;Designed by a great British company&quot; src=&quot;catalog/view/theme/sealskinz/image/product/great.png&quot; /&gt;\r\n	&lt;div class=&quot;design-tab&quot;&gt;\r\n		Designed by a great British Company&lt;/div&gt;\r\n&lt;/div&gt;\r\n','','',''),(88,1,'Revolving Hook','&lt;p&gt;\r\n	This is what we call the Mother Ship of Coat Hooks. Its attached to the wall and the Hooks completly rotate 360 degrees. Ideal if you have a lot of coats to hang or if you want maximum hanging space without taking up valuable floor space. Polished Chrome H 40cm x W40cm x L32cm&lt;/p&gt;\r\n','','',''),(89,1,'Vase 4 Arm Cactus','','','',''),(90,1,'OLD RAJ GIN 46% &amp; 55% 5cl','&lt;p&gt;\r\n	&lt;strong&gt;Saffron infused gin&lt;/strong&gt;&lt;/p&gt;\r\n','','',''),(93,1,'Soks 1','','','',''),(94,1,'hats test','','','',''),(95,1,'Hats 2','','','',''),(96,1,'Soks 2','','','',''),(97,1,'Gloves 3','','','','');
/*!40000 ALTER TABLE `product_description` ENABLE KEYS */;
UNLOCK TABLES;

--
-- Table structure for table `product_discount`
--

DROP TABLE IF EXISTS `product_discount`;
/*!40101 SET @saved_cs_client     = @@character_set_client */;
/*!40101 SET character_set_client = utf8 */;
CREATE TABLE `product_discount` (
  `product_discount_id` int(11) NOT NULL AUTO_INCREMENT,
  `product_id` int(11) NOT NULL,
  `customer_group_id` int(11) NOT NULL,
  `quantity` int(4) NOT NULL DEFAULT '0',
  `priority` int(5) NOT NULL DEFAULT '1',
  `price` decimal(15,4) NOT NULL DEFAULT '0.0000',
  `date_start` date NOT NULL DEFAULT '0000-00-00',
  `date_end` date NOT NULL DEFAULT '0000-00-00',
  PRIMARY KEY (`product_discount_id`),
  KEY `product_id` (`product_id`)
) ENGINE=MyISAM AUTO_INCREMENT=495 DEFAULT CHARSET=utf8 COLLATE=utf8_bin;
/*!40101 SET character_set_client = @saved_cs_client */;

--
-- Dumping data for table `product_discount`
--

LOCK TABLES `product_discount` WRITE;
/*!40000 ALTER TABLE `product_discount` DISABLE KEYS */;
/*!40000 ALTER TABLE `product_discount` ENABLE KEYS */;
UNLOCK TABLES;

--
-- Table structure for table `product_image`
--

DROP TABLE IF EXISTS `product_image`;
/*!40101 SET @saved_cs_client     = @@character_set_client */;
/*!40101 SET character_set_client = utf8 */;
CREATE TABLE `product_image` (
  `product_image_id` int(11) NOT NULL AUTO_INCREMENT,
  `product_id` int(11) NOT NULL,
  `image` varchar(255) COLLATE utf8_bin DEFAULT NULL,
  `sort_order` int(3) NOT NULL DEFAULT '0',
  PRIMARY KEY (`product_image_id`)
) ENGINE=MyISAM AUTO_INCREMENT=2943 DEFAULT CHARSET=utf8 COLLATE=utf8_bin;
/*!40101 SET character_set_client = @saved_cs_client */;

--
-- Dumping data for table `product_image`
--

LOCK TABLES `product_image` WRITE;
/*!40000 ALTER TABLE `product_image` DISABLE KEYS */;
INSERT INTO `product_image` VALUES (2813,78,'data/asquithlondon/cache/data/Box T BLACK ASQ.26 small-500x500.jpg',2),(2812,78,'data/asquithlondon/cache/data/page.4R small-86x117.jpg',0),(2811,78,'data/asquithlondon/cache/data/11_2218lr-86x117.jpg',1),(2942,91,'data/sealskinz/product/Waterproof-Beanie.jpg',0),(2941,91,'data/sealskinz/product/Waterproof-Beanie.jpg',0),(2940,91,'data/sealskinz/product/Waterproof-Beanie.jpg',0);
/*!40000 ALTER TABLE `product_image` ENABLE KEYS */;
UNLOCK TABLES;

--
-- Table structure for table `product_option`
--

DROP TABLE IF EXISTS `product_option`;
/*!40101 SET @saved_cs_client     = @@character_set_client */;
/*!40101 SET character_set_client = utf8 */;
CREATE TABLE `product_option` (
  `product_option_id` int(11) NOT NULL AUTO_INCREMENT,
  `product_id` int(11) NOT NULL,
  `option_id` int(11) NOT NULL,
  `option_value` text COLLATE utf8_bin NOT NULL,
  `required` tinyint(1) NOT NULL,
  PRIMARY KEY (`product_option_id`)
) ENGINE=MyISAM AUTO_INCREMENT=233 DEFAULT CHARSET=utf8 COLLATE=utf8_bin;
/*!40101 SET character_set_client = @saved_cs_client */;

--
-- Dumping data for table `product_option`
--

LOCK TABLES `product_option` WRITE;
/*!40000 ALTER TABLE `product_option` DISABLE KEYS */;
INSERT INTO `product_option` VALUES (227,78,11,'',1),(229,91,13,'',1),(231,93,13,'',1),(230,92,13,'',1);
/*!40000 ALTER TABLE `product_option` ENABLE KEYS */;
UNLOCK TABLES;

--
-- Table structure for table `product_option_value`
--

DROP TABLE IF EXISTS `product_option_value`;
/*!40101 SET @saved_cs_client     = @@character_set_client */;
/*!40101 SET character_set_client = utf8 */;
CREATE TABLE `product_option_value` (
  `product_option_value_id` int(11) NOT NULL AUTO_INCREMENT,
  `product_option_id` int(11) NOT NULL,
  `product_id` int(11) NOT NULL,
  `option_id` int(11) NOT NULL,
  `option_value_id` int(11) NOT NULL,
  `quantity` int(3) NOT NULL,
  `subtract` tinyint(1) NOT NULL,
  `price` decimal(15,4) NOT NULL,
  `price_prefix` varchar(1) COLLATE utf8_bin NOT NULL,
  `points` int(8) NOT NULL,
  `points_prefix` varchar(1) COLLATE utf8_bin NOT NULL,
  `weight` decimal(15,8) NOT NULL,
  `weight_prefix` varchar(1) COLLATE utf8_bin NOT NULL,
  PRIMARY KEY (`product_option_value_id`)
) ENGINE=MyISAM AUTO_INCREMENT=41 DEFAULT CHARSET=utf8 COLLATE=utf8_bin;
/*!40101 SET character_set_client = @saved_cs_client */;

--
-- Dumping data for table `product_option_value`
--

LOCK TABLES `product_option_value` WRITE;
/*!40000 ALTER TABLE `product_option_value` DISABLE KEYS */;
INSERT INTO `product_option_value` VALUES (19,227,78,11,48,1,1,0.0000,'+',0,'+',0.00000000,'+'),(18,227,78,11,47,1,1,0.0000,'+',0,'+',0.00000000,'+'),(17,227,78,11,46,1,1,0.0000,'+',0,'+',0.00000000,'+'),(26,229,91,13,55,1,1,0.0000,'+',0,'+',0.00000000,'+'),(25,229,91,13,54,1,1,0.0000,'+',0,'+',0.00000000,'+'),(24,229,91,13,53,1,1,0.0000,'+',0,'+',0.00000000,'+'),(23,229,91,13,52,1,1,0.0000,'+',0,'+',0.00000000,'+'),(27,229,91,13,51,1,1,0.0000,'+',0,'+',0.00000000,'+'),(32,230,92,13,55,1,1,0.0000,'+',0,'+',0.00000000,'+'),(31,230,92,13,54,1,1,0.0000,'+',0,'+',0.00000000,'+'),(36,231,93,13,54,1,1,0.0000,'+',0,'+',0.00000000,'+'),(35,231,93,13,53,1,1,0.0000,'+',0,'+',0.00000000,'+'),(34,231,93,13,52,1,1,0.0000,'+',0,'+',0.00000000,'+'),(37,231,93,13,51,1,1,0.0000,'+',0,'+',0.00000000,'+'),(33,231,93,13,51,1,1,0.0000,'+',0,'+',0.00000000,'+'),(30,230,92,13,53,1,1,0.0000,'+',0,'+',0.00000000,'+'),(29,230,92,13,52,1,1,0.0000,'+',0,'+',0.00000000,'+'),(28,230,92,13,51,1,1,0.0000,'+',0,'+',0.00000000,'+');
/*!40000 ALTER TABLE `product_option_value` ENABLE KEYS */;
UNLOCK TABLES;

--
-- Table structure for table `product_related`
--

DROP TABLE IF EXISTS `product_related`;
/*!40101 SET @saved_cs_client     = @@character_set_client */;
/*!40101 SET character_set_client = utf8 */;
CREATE TABLE `product_related` (
  `product_id` int(11) NOT NULL,
  `related_id` int(11) NOT NULL,
  PRIMARY KEY (`product_id`,`related_id`)
) ENGINE=MyISAM DEFAULT CHARSET=utf8 COLLATE=utf8_bin;
/*!40101 SET character_set_client = @saved_cs_client */;

--
-- Dumping data for table `product_related`
--

LOCK TABLES `product_related` WRITE;
/*!40000 ALTER TABLE `product_related` DISABLE KEYS */;
INSERT INTO `product_related` VALUES (91,92),(91,93),(92,91),(93,91);
/*!40000 ALTER TABLE `product_related` ENABLE KEYS */;
UNLOCK TABLES;

--
-- Table structure for table `product_reward`
--

DROP TABLE IF EXISTS `product_reward`;
/*!40101 SET @saved_cs_client     = @@character_set_client */;
/*!40101 SET character_set_client = utf8 */;
CREATE TABLE `product_reward` (
  `product_reward_id` int(11) NOT NULL AUTO_INCREMENT,
  `product_id` int(11) NOT NULL DEFAULT '0',
  `customer_group_id` int(11) NOT NULL DEFAULT '0',
  `points` int(8) NOT NULL DEFAULT '0',
  PRIMARY KEY (`product_reward_id`)
) ENGINE=MyISAM AUTO_INCREMENT=1080 DEFAULT CHARSET=utf8 COLLATE=utf8_bin;
/*!40101 SET character_set_client = @saved_cs_client */;

--
-- Dumping data for table `product_reward`
--

LOCK TABLES `product_reward` WRITE;
/*!40000 ALTER TABLE `product_reward` DISABLE KEYS */;
INSERT INTO `product_reward` VALUES (891,58,1,0),(892,57,1,0),(898,28,1,0),(893,71,1,0),(902,67,1,0),(972,63,1,0),(884,64,1,0),(897,72,1,0),(890,70,1,0),(889,69,1,0),(903,68,1,0),(899,59,1,0),(886,66,1,0),(888,55,1,0),(885,65,1,0),(883,62,1,0),(974,61,1,0),(973,60,1,0),(895,56,1,0),(971,53,1,0),(896,54,1,0),(894,73,1,0),(887,74,1,0),(904,75,1,0),(901,76,1,0),(979,77,1,0),(970,78,1,0),(976,79,1,0),(980,85,1,0),(977,81,1,0),(975,82,1,0),(978,83,1,0),(982,89,1,0),(981,88,1,0),(900,90,1,0),(1079,91,1,0),(1073,92,1,0),(1075,93,1,0),(1078,94,1,0),(1072,95,1,0),(1076,96,1,0),(1074,97,1,0);
/*!40000 ALTER TABLE `product_reward` ENABLE KEYS */;
UNLOCK TABLES;

--
-- Table structure for table `product_special`
--

DROP TABLE IF EXISTS `product_special`;
/*!40101 SET @saved_cs_client     = @@character_set_client */;
/*!40101 SET character_set_client = utf8 */;
CREATE TABLE `product_special` (
  `product_special_id` int(11) NOT NULL AUTO_INCREMENT,
  `product_id` int(11) NOT NULL,
  `customer_group_id` int(11) NOT NULL,
  `priority` int(5) NOT NULL DEFAULT '1',
  `price` decimal(15,4) NOT NULL DEFAULT '0.0000',
  `date_start` date NOT NULL DEFAULT '0000-00-00',
  `date_end` date NOT NULL DEFAULT '0000-00-00',
  PRIMARY KEY (`product_special_id`),
  KEY `product_id` (`product_id`)
) ENGINE=MyISAM AUTO_INCREMENT=489 DEFAULT CHARSET=utf8 COLLATE=utf8_bin;
/*!40101 SET character_set_client = @saved_cs_client */;

--
-- Dumping data for table `product_special`
--

LOCK TABLES `product_special` WRITE;
/*!40000 ALTER TABLE `product_special` DISABLE KEYS */;
INSERT INTO `product_special` VALUES (488,78,1,1,19.0000,'0000-00-00','0000-00-00');
/*!40000 ALTER TABLE `product_special` ENABLE KEYS */;
UNLOCK TABLES;

--
-- Table structure for table `product_to_category`
--

DROP TABLE IF EXISTS `product_to_category`;
/*!40101 SET @saved_cs_client     = @@character_set_client */;
/*!40101 SET character_set_client = utf8 */;
CREATE TABLE `product_to_category` (
  `product_id` int(11) NOT NULL,
  `category_id` int(11) NOT NULL,
  PRIMARY KEY (`product_id`,`category_id`)
) ENGINE=MyISAM DEFAULT CHARSET=utf8 COLLATE=utf8_bin;
/*!40101 SET character_set_client = @saved_cs_client */;

--
-- Dumping data for table `product_to_category`
--

LOCK TABLES `product_to_category` WRITE;
/*!40000 ALTER TABLE `product_to_category` DISABLE KEYS */;
INSERT INTO `product_to_category` VALUES (28,59),(28,67),(53,60),(53,67),(53,114),(54,61),(54,67),(55,62),(55,67),(56,63),(56,67),(57,64),(57,67),(58,65),(58,67),(59,59),(59,67),(60,59),(60,67),(61,59),(61,67),(62,59),(62,67),(63,60),(63,67),(63,114),(64,60),(64,67),(65,60),(65,67),(66,60),(66,67),(67,62),(67,67),(68,62),(68,67),(69,62),(69,67),(70,62),(70,67),(71,63),(71,67),(72,63),(72,67),(73,63),(73,67),(74,64),(74,67),(75,65),(75,67),(76,65),(76,67),(78,74),(79,75),(81,87),(82,88),(83,89),(88,105),(89,105),(90,65),(90,67),(91,116),(92,116),(93,116),(94,117),(95,118),(96,118),(97,117);
/*!40000 ALTER TABLE `product_to_category` ENABLE KEYS */;
UNLOCK TABLES;

--
-- Table structure for table `product_to_download`
--

DROP TABLE IF EXISTS `product_to_download`;
/*!40101 SET @saved_cs_client     = @@character_set_client */;
/*!40101 SET character_set_client = utf8 */;
CREATE TABLE `product_to_download` (
  `product_id` int(11) NOT NULL,
  `download_id` int(11) NOT NULL,
  PRIMARY KEY (`product_id`,`download_id`)
) ENGINE=MyISAM DEFAULT CHARSET=utf8 COLLATE=utf8_bin;
/*!40101 SET character_set_client = @saved_cs_client */;

--
-- Dumping data for table `product_to_download`
--

LOCK TABLES `product_to_download` WRITE;
/*!40000 ALTER TABLE `product_to_download` DISABLE KEYS */;
/*!40000 ALTER TABLE `product_to_download` ENABLE KEYS */;
UNLOCK TABLES;

--
-- Table structure for table `product_to_layout`
--

DROP TABLE IF EXISTS `product_to_layout`;
/*!40101 SET @saved_cs_client     = @@character_set_client */;
/*!40101 SET character_set_client = utf8 */;
CREATE TABLE `product_to_layout` (
  `product_id` int(11) NOT NULL,
  `store_id` int(11) NOT NULL,
  `layout_id` int(11) NOT NULL,
  PRIMARY KEY (`product_id`,`store_id`)
) ENGINE=MyISAM DEFAULT CHARSET=utf8 COLLATE=utf8_bin;
/*!40101 SET character_set_client = @saved_cs_client */;

--
-- Dumping data for table `product_to_layout`
--

LOCK TABLES `product_to_layout` WRITE;
/*!40000 ALTER TABLE `product_to_layout` DISABLE KEYS */;
/*!40000 ALTER TABLE `product_to_layout` ENABLE KEYS */;
UNLOCK TABLES;

--
-- Table structure for table `product_to_store`
--

DROP TABLE IF EXISTS `product_to_store`;
/*!40101 SET @saved_cs_client     = @@character_set_client */;
/*!40101 SET character_set_client = utf8 */;
CREATE TABLE `product_to_store` (
  `product_id` int(11) NOT NULL,
  `store_id` int(11) NOT NULL DEFAULT '0',
  PRIMARY KEY (`product_id`,`store_id`)
) ENGINE=MyISAM DEFAULT CHARSET=utf8 COLLATE=utf8_bin;
/*!40101 SET character_set_client = @saved_cs_client */;

--
-- Dumping data for table `product_to_store`
--

LOCK TABLES `product_to_store` WRITE;
/*!40000 ALTER TABLE `product_to_store` DISABLE KEYS */;
INSERT INTO `product_to_store` VALUES (28,1),(53,1),(53,4),(54,1),(55,1),(56,1),(57,1),(58,1),(59,1),(60,1),(61,1),(62,1),(63,1),(63,4),(64,1),(65,1),(66,1),(67,1),(68,1),(69,1),(70,1),(71,1),(72,1),(73,1),(74,1),(75,1),(76,1),(77,0),(77,4),(78,0),(78,4),(79,0),(81,0),(82,0),(82,4),(83,0),(83,4),(85,0),(88,2),(89,2),(90,1),(91,5),(92,5),(93,0),(93,5),(94,5),(95,5),(96,5),(97,5);
/*!40000 ALTER TABLE `product_to_store` ENABLE KEYS */;
UNLOCK TABLES;

--
-- Table structure for table `return`
--

DROP TABLE IF EXISTS `return`;
/*!40101 SET @saved_cs_client     = @@character_set_client */;
/*!40101 SET character_set_client = utf8 */;
CREATE TABLE `return` (
  `return_id` int(11) NOT NULL AUTO_INCREMENT,
  `order_id` int(11) NOT NULL,
  `product_id` int(11) NOT NULL,
  `customer_id` int(11) NOT NULL,
  `firstname` varchar(32) COLLATE utf8_bin NOT NULL,
  `lastname` varchar(32) COLLATE utf8_bin NOT NULL,
  `email` varchar(96) COLLATE utf8_bin NOT NULL,
  `telephone` varchar(32) COLLATE utf8_bin NOT NULL,
  `product` varchar(255) COLLATE utf8_bin NOT NULL,
  `model` varchar(64) COLLATE utf8_bin NOT NULL,
  `quantity` int(4) NOT NULL,
  `opened` tinyint(1) NOT NULL,
  `return_reason_id` int(11) NOT NULL,
  `return_action_id` int(11) NOT NULL,
  `return_status_id` int(11) NOT NULL,
  `comment` text COLLATE utf8_bin,
  `date_ordered` date NOT NULL,
  `date_added` datetime NOT NULL,
  `date_modified` datetime NOT NULL,
  PRIMARY KEY (`return_id`)
) ENGINE=MyISAM DEFAULT CHARSET=utf8 COLLATE=utf8_bin;
/*!40101 SET character_set_client = @saved_cs_client */;

--
-- Dumping data for table `return`
--

LOCK TABLES `return` WRITE;
/*!40000 ALTER TABLE `return` DISABLE KEYS */;
/*!40000 ALTER TABLE `return` ENABLE KEYS */;
UNLOCK TABLES;

--
-- Table structure for table `return_action`
--

DROP TABLE IF EXISTS `return_action`;
/*!40101 SET @saved_cs_client     = @@character_set_client */;
/*!40101 SET character_set_client = utf8 */;
CREATE TABLE `return_action` (
  `return_action_id` int(11) NOT NULL AUTO_INCREMENT,
  `language_id` int(11) NOT NULL DEFAULT '0',
  `name` varchar(64) COLLATE utf8_bin NOT NULL DEFAULT '',
  PRIMARY KEY (`return_action_id`,`language_id`)
) ENGINE=MyISAM AUTO_INCREMENT=4 DEFAULT CHARSET=utf8 COLLATE=utf8_bin;
/*!40101 SET character_set_client = @saved_cs_client */;

--
-- Dumping data for table `return_action`
--

LOCK TABLES `return_action` WRITE;
/*!40000 ALTER TABLE `return_action` DISABLE KEYS */;
INSERT INTO `return_action` VALUES (1,1,'Refunded'),(2,1,'Credit Issued'),(3,1,'Replacement Sent');
/*!40000 ALTER TABLE `return_action` ENABLE KEYS */;
UNLOCK TABLES;

--
-- Table structure for table `return_history`
--

DROP TABLE IF EXISTS `return_history`;
/*!40101 SET @saved_cs_client     = @@character_set_client */;
/*!40101 SET character_set_client = utf8 */;
CREATE TABLE `return_history` (
  `return_history_id` int(11) NOT NULL AUTO_INCREMENT,
  `return_id` int(11) NOT NULL,
  `return_status_id` int(11) NOT NULL,
  `notify` tinyint(1) NOT NULL,
  `comment` text COLLATE utf8_bin NOT NULL,
  `date_added` datetime NOT NULL,
  PRIMARY KEY (`return_history_id`)
) ENGINE=MyISAM DEFAULT CHARSET=utf8 COLLATE=utf8_bin;
/*!40101 SET character_set_client = @saved_cs_client */;

--
-- Dumping data for table `return_history`
--

LOCK TABLES `return_history` WRITE;
/*!40000 ALTER TABLE `return_history` DISABLE KEYS */;
/*!40000 ALTER TABLE `return_history` ENABLE KEYS */;
UNLOCK TABLES;

--
-- Table structure for table `return_reason`
--

DROP TABLE IF EXISTS `return_reason`;
/*!40101 SET @saved_cs_client     = @@character_set_client */;
/*!40101 SET character_set_client = utf8 */;
CREATE TABLE `return_reason` (
  `return_reason_id` int(11) NOT NULL AUTO_INCREMENT,
  `language_id` int(11) NOT NULL DEFAULT '0',
  `name` varchar(128) COLLATE utf8_bin NOT NULL DEFAULT '',
  PRIMARY KEY (`return_reason_id`,`language_id`)
) ENGINE=MyISAM AUTO_INCREMENT=6 DEFAULT CHARSET=utf8 COLLATE=utf8_bin;
/*!40101 SET character_set_client = @saved_cs_client */;

--
-- Dumping data for table `return_reason`
--

LOCK TABLES `return_reason` WRITE;
/*!40000 ALTER TABLE `return_reason` DISABLE KEYS */;
INSERT INTO `return_reason` VALUES (1,1,'Dead On Arrival'),(2,1,'Received Wrong Item'),(3,1,'Order Error'),(4,1,'Faulty, please supply details'),(5,1,'Other, please supply details');
/*!40000 ALTER TABLE `return_reason` ENABLE KEYS */;
UNLOCK TABLES;

--
-- Table structure for table `return_status`
--

DROP TABLE IF EXISTS `return_status`;
/*!40101 SET @saved_cs_client     = @@character_set_client */;
/*!40101 SET character_set_client = utf8 */;
CREATE TABLE `return_status` (
  `return_status_id` int(11) NOT NULL AUTO_INCREMENT,
  `language_id` int(11) NOT NULL DEFAULT '0',
  `name` varchar(32) COLLATE utf8_bin NOT NULL DEFAULT '',
  PRIMARY KEY (`return_status_id`,`language_id`)
) ENGINE=MyISAM AUTO_INCREMENT=4 DEFAULT CHARSET=utf8 COLLATE=utf8_bin;
/*!40101 SET character_set_client = @saved_cs_client */;

--
-- Dumping data for table `return_status`
--

LOCK TABLES `return_status` WRITE;
/*!40000 ALTER TABLE `return_status` DISABLE KEYS */;
INSERT INTO `return_status` VALUES (1,1,'Pending'),(3,1,'Complete'),(2,1,'Awaiting Products');
/*!40000 ALTER TABLE `return_status` ENABLE KEYS */;
UNLOCK TABLES;

--
-- Table structure for table `review`
--

DROP TABLE IF EXISTS `review`;
/*!40101 SET @saved_cs_client     = @@character_set_client */;
/*!40101 SET character_set_client = utf8 */;
CREATE TABLE `review` (
  `review_id` int(11) NOT NULL AUTO_INCREMENT,
  `product_id` int(11) NOT NULL,
  `customer_id` int(11) NOT NULL,
  `author` varchar(64) COLLATE utf8_bin NOT NULL DEFAULT '',
  `text` text COLLATE utf8_bin NOT NULL,
  `rating` int(1) NOT NULL,
  `status` tinyint(1) NOT NULL DEFAULT '0',
  `date_added` datetime NOT NULL DEFAULT '0000-00-00 00:00:00',
  `date_modified` datetime NOT NULL DEFAULT '0000-00-00 00:00:00',
  PRIMARY KEY (`review_id`),
  KEY `product_id` (`product_id`)
) ENGINE=MyISAM DEFAULT CHARSET=utf8 COLLATE=utf8_bin;
/*!40101 SET character_set_client = @saved_cs_client */;

--
-- Dumping data for table `review`
--

LOCK TABLES `review` WRITE;
/*!40000 ALTER TABLE `review` DISABLE KEYS */;
/*!40000 ALTER TABLE `review` ENABLE KEYS */;
UNLOCK TABLES;

--
-- Table structure for table `setting`
--

DROP TABLE IF EXISTS `setting`;
/*!40101 SET @saved_cs_client     = @@character_set_client */;
/*!40101 SET character_set_client = utf8 */;
CREATE TABLE `setting` (
  `setting_id` int(11) NOT NULL AUTO_INCREMENT,
  `store_id` int(11) NOT NULL DEFAULT '0',
  `group` varchar(32) COLLATE utf8_bin NOT NULL,
  `key` varchar(64) COLLATE utf8_bin NOT NULL DEFAULT '',
  `value` text COLLATE utf8_bin NOT NULL,
  `serialized` tinyint(1) NOT NULL,
  PRIMARY KEY (`setting_id`)
) ENGINE=MyISAM AUTO_INCREMENT=7242 DEFAULT CHARSET=utf8 COLLATE=utf8_bin;
/*!40101 SET character_set_client = @saved_cs_client */;

--
-- Dumping data for table `setting`
--

LOCK TABLES `setting` WRITE;
/*!40000 ALTER TABLE `setting` DISABLE KEYS */;
INSERT INTO `setting` VALUES (1,0,'shipping','shipping_sort_order','3',0),(2,0,'sub_total','sub_total_sort_order','1',0),(3,0,'sub_total','sub_total_status','1',0),(4,0,'tax','tax_status','1',0),(5,0,'total','total_sort_order','9',0),(6,0,'total','total_status','1',0),(7,0,'tax','tax_sort_order','5',0),(8,0,'free_checkout','free_checkout_sort_order','1',0),(9,0,'cod','cod_sort_order','5',0),(10,0,'cod','cod_total','0.01',0),(11,0,'cod','cod_order_status_id','1',0),(12,0,'cod','cod_geo_zone_id','0',0),(13,0,'cod','cod_status','1',0),(14,0,'shipping','shipping_status','1',0),(15,0,'shipping','shipping_estimator','1',0),(27,0,'coupon','coupon_sort_order','4',0),(28,0,'coupon','coupon_status','1',0),(3091,0,'config','config_email_order_subject','',0),(3092,0,'config','config_email_order_body','',0),(34,0,'flat','flat_sort_order','1',0),(35,0,'flat','flat_status','1',0),(36,0,'flat','flat_geo_zone_id','0',0),(37,0,'flat','flat_tax_class_id','9',0),(5610,0,'carousel','carousel_module','a:1:{i:0;a:9:{s:9:\"banner_id\";s:1:\"8\";s:5:\"limit\";s:1:\"5\";s:6:\"scroll\";s:1:\"3\";s:5:\"width\";s:2:\"80\";s:6:\"height\";s:2:\"80\";s:9:\"layout_id\";s:1:\"1\";s:8:\"position\";s:14:\"content_bottom\";s:6:\"status\";s:1:\"0\";s:10:\"sort_order\";s:2:\"-1\";}}',1),(41,0,'flat','flat_cost','5.00',0),(42,0,'credit','credit_sort_order','7',0),(43,0,'credit','credit_status','1',0),(3090,0,'config','config_email_customer_body','',0),(3089,0,'config','config_email_customer_subject','',0),(3088,0,'config','config_email_affiliate_body','',0),(3087,0,'config','config_email_affiliate_subject','',0),(3086,0,'config','config_email_newsletter_body','',0),(56,0,'affiliate','affiliate_module','a:1:{i:0;a:4:{s:9:\"layout_id\";s:2:\"10\";s:8:\"position\";s:12:\"column_right\";s:6:\"status\";s:1:\"1\";s:10:\"sort_order\";s:1:\"1\";}}',1),(3085,0,'config','config_email_newsletter_subject','',0),(7241,0,'account','account_module','a:1:{i:0;a:4:{s:9:\"layout_id\";s:2:\"31\";s:8:\"position\";s:11:\"column_left\";s:6:\"status\";s:1:\"0\";s:10:\"sort_order\";s:1:\"1\";}}',1),(3084,0,'config','config_google_analytics','',0),(3083,0,'config','config_error_filename','error.txt',0),(3080,0,'config','config_compression','0',0),(3082,0,'config','config_error_log','1',0),(3081,0,'config','config_error_display','1',0),(3079,0,'config','config_encryption','55447f085d2e3ee7eb4bbcd7bf89e655',0),(3078,0,'config','config_maintenance','0',0),(3077,0,'config','config_seo_url','1',0),(3076,0,'config','config_use_ssl','0',0),(3075,0,'config','config_fraud_status_id','7',0),(3074,0,'config','config_fraud_score','',0),(3073,0,'config','config_fraud_key','',0),(3072,0,'config','config_fraud_detection','0',0),(3071,0,'config','config_alert_emails','',0),(3070,0,'config','config_account_mail','0',0),(3069,0,'config','config_alert_mail','0',0),(3068,0,'config','config_smtp_timeout','5',0),(93,0,'voucher','voucher_sort_order','8',0),(94,0,'voucher','voucher_status','1',0),(3067,0,'config','config_smtp_port','25',0),(3066,0,'config','config_smtp_password','',0),(3065,0,'config','config_smtp_username','',0),(102,0,'free_checkout','free_checkout_status','1',0),(103,0,'free_checkout','free_checkout_order_status_id','1',0),(3064,0,'config','config_smtp_host','',0),(3063,0,'config','config_mail_parameter','',0),(4212,1,'config','config_use_ssl','0',0),(3062,0,'config','config_mail_protocol','mail',0),(3061,0,'config','config_image_cart_height','47',0),(3060,0,'config','config_image_cart_width','47',0),(3059,0,'config','config_image_wishlist_height','47',0),(3058,0,'config','config_image_wishlist_width','47',0),(3057,0,'config','config_image_compare_height','90',0),(3056,0,'config','config_image_compare_width','90',0),(3055,0,'config','config_image_related_height','80',0),(3054,0,'config','config_image_related_width','80',0),(3053,0,'config','config_image_additional_height','117',0),(3052,0,'config','config_image_additional_width','86',0),(3051,0,'config','config_image_product_height','250',0),(3050,0,'config','config_image_product_width','159',0),(3049,0,'config','config_image_popup_height','500',0),(3048,0,'config','config_image_popup_width','500',0),(3047,0,'config','config_image_thumb_height','500',0),(3046,0,'config','config_image_thumb_width','381',0),(3045,0,'config','config_image_category_height','80',0),(3044,0,'config','config_image_category_width','80',0),(3043,0,'config','config_icon','data/cart.png',0),(3042,0,'config','config_logo','data/asquithlondon/asquith-yoga-clothing-logo.gif',0),(3041,0,'config','config_return_status_id','2',0),(3040,0,'config','config_commission','5',0),(3039,0,'config','config_affiliate_id','4',0),(3038,0,'config','config_allow_affiliate','0',0),(3035,0,'config','config_stock_warning','0',0),(3036,0,'config','config_stock_checkout','0',0),(3037,0,'config','config_stock_status_id','5',0),(3034,0,'config','config_stock_display','1',0),(3033,0,'config','config_complete_status_id','5',0),(3031,0,'config','config_invoice_prefix','INV-2012-00',0),(3032,0,'config','config_order_status_id','1',0),(3030,0,'config','config_order_edit','100',0),(7231,0,'afilters','afilters_module','a:3:{i:0;a:4:{s:9:\"layout_id\";s:2:\"22\";s:8:\"position\";s:11:\"column_left\";s:6:\"status\";s:1:\"1\";s:10:\"sort_order\";s:0:\"\";}i:1;a:4:{s:9:\"layout_id\";s:2:\"27\";s:8:\"position\";s:11:\"column_left\";s:6:\"status\";s:1:\"1\";s:10:\"sort_order\";s:0:\"\";}i:2;a:4:{s:9:\"layout_id\";s:2:\"28\";s:8:\"position\";s:11:\"column_left\";s:6:\"status\";s:1:\"1\";s:10:\"sort_order\";s:0:\"\";}}',1),(4647,0,'google_base','google_base_status','1',0),(5525,4,'config','config_use_ssl','0',0),(4805,0,'newsletter','newsletter_mailcampaign_listid','dbf26f83b0ed6442791523e085e64beb',0),(4806,0,'newsletter','newsletter_mailcampaign_client_id','4113b4cb5402caa458aaf8a67bac2365',0),(4804,0,'newsletter','newsletter_mailcampaign_apikey','c5b9a54763d113e8d24fad6e93e55c7a',0),(2970,0,'event','event_module','a:1:{i:0;a:4:{s:9:\"layout_id\";s:2:\"17\";s:8:\"position\";s:11:\"column_left\";s:6:\"status\";s:1:\"1\";s:10:\"sort_order\";s:1:\"0\";}}',1),(3029,0,'config','config_checkout_id','5',0),(3028,0,'config','config_guest_checkout','1',0),(3027,0,'config','config_cart_weight','1',0),(3026,0,'config','config_account_id','3',0),(3025,0,'config','config_customer_price','0',0),(3024,0,'config','config_customer_group_display','a:1:{i:0;s:1:\"1\";}',1),(3023,0,'config','config_customer_group_id','1',0),(3022,0,'config','config_customer_online','0',0),(3021,0,'config','config_tax_customer','shipping',0),(3020,0,'config','config_tax_default','shipping',0),(3019,0,'config','config_vat','0',0),(3018,0,'config','config_tax','1',0),(3017,0,'config','config_voucher_max','1000',0),(3015,0,'config','config_upload_allowed','jpg, JPG, jpeg, gif, png, txt',0),(3016,0,'config','config_voucher_min','1',0),(3014,0,'config','config_download','1',0),(3013,0,'config','config_review_status','1',0),(3012,0,'config','config_product_count','0',0),(3011,0,'config','config_admin_limit','20',0),(3010,0,'config','config_catalog_limit','15',0),(3009,0,'config','config_weight_class_id','1',0),(3008,0,'config','config_length_class_id','1',0),(3006,0,'config','config_currency','GBP',0),(3007,0,'config','config_currency_auto','1',0),(3005,0,'config','config_admin_language','en',0),(3004,0,'config','config_language','en',0),(3003,0,'config','config_zone_id','3563',0),(3002,0,'config','config_country_id','222',0),(3001,0,'config','config_layout_id','4',0),(2999,0,'config','config_meta_description','My Store',0),(3000,0,'config','config_template','asquith',0),(2998,0,'config','config_title','Your Store',0),(2997,0,'config','config_fax','',0),(4211,1,'config','config_image_cart_height','80',0),(4210,1,'config','config_image_cart_width','80',0),(4209,1,'config','config_image_wishlist_height','50',0),(4208,1,'config','config_image_wishlist_width','50',0),(4207,1,'config','config_image_compare_height','90',0),(4206,1,'config','config_image_compare_width','90',0),(4205,1,'config','config_image_related_height','80',0),(4204,1,'config','config_image_related_width','80',0),(4203,1,'config','config_image_additional_height','74',0),(4202,1,'config','config_image_additional_width','74',0),(4201,1,'config','config_image_product_height','160',0),(4200,1,'config','config_image_product_width','160',0),(4199,1,'config','config_image_popup_height','500',0),(4198,1,'config','config_image_popup_width','500',0),(4197,1,'config','config_image_thumb_height','228',0),(4196,1,'config','config_image_thumb_width','228',0),(4195,1,'config','config_image_category_height','77',0),(4194,1,'config','config_image_category_width','750',0),(4193,1,'config','config_icon','',0),(4192,1,'config','config_logo','data/logoch.png',0),(4191,1,'config','config_stock_checkout','0',0),(4190,1,'config','config_stock_display','0',0),(4189,1,'config','config_order_status_id','7',0),(4188,1,'config','config_checkout_id','0',0),(4187,1,'config','config_guest_checkout','0',0),(4186,1,'config','config_cart_weight','0',0),(4185,1,'config','config_account_id','0',0),(4184,1,'config','config_customer_price','0',0),(4183,1,'config','config_customer_group_id','1',0),(4182,1,'config','config_tax_customer','',0),(4181,1,'config','config_tax_default','',0),(4180,1,'config','config_tax','0',0),(2995,0,'config','config_email','antonio.villella6@gmail.com',0),(2996,0,'config','config_telephone','123456789',0),(2994,0,'config','config_address','Address 1',0),(4179,1,'config','config_catalog_limit','12',0),(4178,1,'config','config_currency','GBP',0),(4177,1,'config','config_language','en',0),(4176,1,'config','config_zone_id','3563',0),(4175,1,'config','config_country_id','222',0),(4174,1,'config','config_layout_id','6',0),(4173,1,'config','config_template','cadenhead',0),(4172,1,'config','config_meta_description','',0),(4171,1,'config','config_title','Cadenheads',0),(4170,1,'config','config_fax','',0),(4167,1,'config','config_address','cccccccccc',0),(4168,1,'config','config_email','antonio.villella@boundlesscommerce.co.uk',0),(4169,1,'config','config_telephone','ccc',0),(4166,1,'config','config_owner','ccc',0),(4164,1,'config','config_ssl','',0),(4513,3,'config','config_image_cart_height','80',0),(2993,0,'config','config_owner','Your Name',0),(2992,0,'config','config_name','Your Store',0),(4165,1,'config','config_name','Whisky Shop',0),(7239,0,'welcome','welcome_module','a:4:{i:1;a:5:{s:11:\"description\";a:1:{i:1;s:1053:\"&lt;div class=&quot;welcome&quot;&gt;\r\n	&lt;h1&gt;\r\n		YOGA CLOTHING - YOGA TOPS - YOGA PANTS - YOGA WEAR&lt;/h1&gt;\r\n	&lt;p&gt;\r\n		Asquith provides the finest quality Organic Cotton and Bamboo yoga clothing for women. Soft silhouettes and stylishly functional pieces which are perfect for layering and don’t feel “sporty”. The collection is versatile enough for Pilates and yoga classes, fitness, travel, holidays, running around town, wearing at home….simply for living in.&lt;/p&gt;\r\n	&lt;p&gt;\r\n		By using the softest, breathable, chemical free fabrics; brushed Certified Organic Cotton and Bamboo jersey, that feel fabulous against your skin, alongside carefully monitored production methods, Asquith London allows the wearer to buy ethically without sacrificing quality, style and design.&lt;/p&gt;\r\n	&lt;p&gt;\r\n		Our flattering, elegant and comfortable Pilates and yoga wear includes yoga pants, yoga trousers, yoga tops, yoga t-shirts and cover ups…ready to take you anywhere.&lt;/p&gt;\r\n&lt;/div&gt;\r\n&lt;p&gt;\r\n	&amp;nbsp;&lt;/p&gt;\r\n\";}s:9:\"layout_id\";s:2:\"12\";s:8:\"position\";s:14:\"content_bottom\";s:6:\"status\";s:1:\"1\";s:10:\"sort_order\";s:0:\"\";}i:2;a:5:{s:11:\"description\";a:1:{i:1;s:663:\"&lt;div id=&quot;textbottom1&quot;&gt;\r\n	&lt;b&gt;Cadenhead\'s Whisky Shop &amp;amp; Tasting Room&lt;/b&gt;&lt;br /&gt;\r\n	&lt;br /&gt;\r\n	Based in Chiltern Street, Marylebone, London; Cadenhead\'s Whisky Shop &amp;amp; Tasting Room is firmly estabilished as one of London\'s cask strenght single malt wisky suppliers.&lt;/div&gt;\r\n&lt;div id=&quot;textbottom2&quot;&gt;\r\n	&lt;b&gt;Cadenhead\'s Whisky Club&lt;/b&gt;&lt;br /&gt;\r\n	&lt;br /&gt;\r\n	Are you a regular whisky drinker? Do you know a regular whisky drinker?&lt;br /&gt;\r\n	&lt;br /&gt;\r\n	Try our new service... The Cadenhead\'s whisky Club, a regular supply of exclusive whiskies at a great price.&lt;/div&gt;\r\n\";}s:9:\"layout_id\";s:1:\"1\";s:8:\"position\";s:14:\"content_bottom\";s:6:\"status\";s:1:\"1\";s:10:\"sort_order\";s:0:\"\";}i:3;a:5:{s:11:\"description\";a:1:{i:1;s:499:\"&lt;p&gt;\r\n	Coming soon...&lt;/p&gt;\r\n&lt;p&gt;\r\n	Sia Boutique will help you realise the passion you have for your home. Whether you\'re inspired by anything from floral to furniture, indoor to outdoor, or beautifully subtle to statement piece, very soon you will be able to browse and purchase the complete sia collection from the comfort of your living room.&lt;/p&gt;\r\n&lt;div class=&quot;box-heading&quot;&gt;\r\n	Keep your finger on the sia pulse by signing up to our mailing list...&lt;/div&gt;\r\n\";}s:9:\"layout_id\";s:2:\"23\";s:8:\"position\";s:14:\"content_bottom\";s:6:\"status\";s:1:\"1\";s:10:\"sort_order\";s:1:\"0\";}i:4;a:5:{s:11:\"description\";a:1:{i:1;s:2448:\"&lt;div id=&quot;container-in&quot;&gt;\r\n	&lt;div class=&quot;sections&quot;&gt;\r\n		&lt;div class=&quot;span4&quot;&gt;\r\n			&lt;a href=&quot;technology&quot;&gt;&lt;img alt=&quot;Sealskinz Technology&quot; src=&quot;catalog/view/theme/sealskinz/image/img/sealskinz_technology.png&quot; /&gt;&lt;/a&gt;\r\n			&lt;h3&gt;\r\n				&lt;a href=&quot;technology&quot; style=&quot;text-decoration: none !important;&quot;&gt;Sealkinz Technology&lt;/a&gt;&lt;/h3&gt;\r\n			&lt;p&gt;\r\n				Lorem ipsum dolor sit amet, consectetur adipiscing elit. Aenean ut erat et lorem volutpat rutrum. Curabitur vitae lacus vel tellus aliquet sollicitudin.&lt;/p&gt;\r\n			&lt;img src=&quot;catalog/view/theme/sealskinz/image/link.png&quot; style=&quot;margin-right: 10px&quot; /&gt;&lt;a href=&quot;technology&quot; style=&quot;font-size: 12px&quot;&gt; FIND OUT MORE&lt;/a&gt;&lt;/div&gt;\r\n		&lt;div class=&quot;span4&quot;&gt;\r\n			&lt;a href=&quot;&quot;&gt;&lt;img alt=&quot;finger_tip&quot; src=&quot;catalog/view/theme/sealskinz/image/img/finger_tip.png&quot; /&gt;&lt;/a&gt;\r\n			&lt;h3&gt;\r\n				&lt;a href=&quot;&quot; style=&quot;text-decoration: none !important;&quot;&gt;Finger un feature for smart phone users&lt;/a&gt;&lt;/h3&gt;\r\n			&lt;p&gt;\r\n				Lorem ipsum dolor sit amet, consectetur adipiscing elit. Aenean ut erat et lorem volutpat rutrum. Curabitur vitae lacus vel tellus aliquet sollicitudin.&lt;/p&gt;\r\n			&lt;img src=&quot;catalog/view/theme/sealskinz/image/link.png&quot; style=&quot;margin-right: 10px&quot; /&gt;&lt;a href=&quot;&quot; style=&quot;font-size: 12px&quot;&gt; VIEW PRODUCT&lt;/a&gt;&lt;/div&gt;\r\n		&lt;div class=&quot;span4&quot; style=&quot;margin-right: 0 !important&quot;&gt;\r\n			&lt;a href=&quot;&quot;&gt;&lt;img alt=&quot;Video Customer&quot; src=&quot;catalog/view/theme/sealskinz/image/img/video_customer.png&quot; /&gt;&lt;/a&gt;\r\n			&lt;h3&gt;\r\n				&lt;a href=&quot;&quot; style=&quot;text-decoration: none !important;&quot;&gt;Customer Video Competition&lt;/a&gt;&lt;/h3&gt;\r\n			&lt;p&gt;\r\n				Lorem ipsum dolor sit amet, consectetur adipiscing elit. Aenean ut erat et lorem volutpat rutrum. Curabitur vitae lacus vel tellus aliquet sollicitudin.&lt;/p&gt;\r\n			&lt;img src=&quot;catalog/view/theme/sealskinz/image/link.png&quot; style=&quot;margin-right: 10px&quot; /&gt;&lt;a href=&quot;&quot; style=&quot;font-size: 12px&quot;&gt; VIEW PRODUCT&lt;/a&gt;&lt;/div&gt;\r\n	&lt;/div&gt;\r\n&lt;/div&gt;\r\n&lt;p&gt;\r\n	&amp;nbsp;&lt;/p&gt;\r\n\";}s:9:\"layout_id\";s:2:\"25\";s:8:\"position\";s:14:\"content_bottom\";s:6:\"status\";s:1:\"1\";s:10:\"sort_order\";s:0:\"\";}}',1),(4163,1,'config','config_url','http://whisky.local/',0),(4802,0,'newsletter','newsletter_mailchimp_send_welcome','1',0),(4803,0,'newsletter','newsletter_mailcampaign_enabled','1',0),(4512,3,'config','config_image_cart_width','80',0),(4054,2,'config','config_use_ssl','0',0),(4053,2,'config','config_image_cart_height','80',0),(4052,2,'config','config_image_cart_width','80',0),(4051,2,'config','config_image_wishlist_height','50',0),(4050,2,'config','config_image_wishlist_width','50',0),(4049,2,'config','config_image_compare_height','90',0),(4043,2,'config','config_image_product_height','239',0),(4044,2,'config','config_image_additional_width','74',0),(4045,2,'config','config_image_additional_height','74',0),(4046,2,'config','config_image_related_width','80',0),(4047,2,'config','config_image_related_height','80',0),(4048,2,'config','config_image_compare_width','90',0),(4042,2,'config','config_image_product_width','191',0),(4041,2,'config','config_image_popup_height','500',0),(4040,2,'config','config_image_popup_width','500',0),(4039,2,'config','config_image_thumb_height','545',0),(4037,2,'config','config_image_category_height','270',0),(4034,2,'config','config_logo','data/papillonshop/data/papillon_logo.png',0),(4038,2,'config','config_image_thumb_width','436',0),(4036,2,'config','config_image_category_width','1070',0),(4035,2,'config','config_icon','',0),(4033,2,'config','config_stock_checkout','0',0),(4032,2,'config','config_stock_display','0',0),(4031,2,'config','config_order_status_id','7',0),(4030,2,'config','config_checkout_id','0',0),(4029,2,'config','config_guest_checkout','0',0),(4028,2,'config','config_cart_weight','0',0),(4027,2,'config','config_account_id','0',0),(4026,2,'config','config_customer_price','0',0),(4025,2,'config','config_customer_group_id','1',0),(4024,2,'config','config_tax_customer','',0),(4023,2,'config','config_tax_default','',0),(4022,2,'config','config_tax','0',0),(4021,2,'config','config_catalog_limit','12',0),(4020,2,'config','config_currency','GBP',0),(4019,2,'config','config_language','en',0),(4017,2,'config','config_country_id','222',0),(4018,2,'config','config_zone_id','3563',0),(4016,2,'config','config_layout_id','6',0),(4015,2,'config','config_template','papillon',0),(4014,2,'config','config_meta_description','',0),(4013,2,'config','config_title','Papillon Shop',0),(4012,2,'config','config_fax','',0),(4011,2,'config','config_telephone','vvv',0),(4009,2,'config','config_address','vvv',0),(4010,2,'config','config_email','antonio.villella@boundlesscommerce.co.uk',0),(4008,2,'config','config_owner','vvv',0),(4007,2,'config','config_name','Papillon Retail',0),(4006,2,'config','config_ssl','',0),(4005,2,'config','config_url','http://papillon.local/',0),(4511,3,'config','config_image_wishlist_height','50',0),(4510,3,'config','config_image_wishlist_width','50',0),(4509,3,'config','config_image_compare_height','90',0),(4508,3,'config','config_image_compare_width','90',0),(4507,3,'config','config_image_related_height','80',0),(4506,3,'config','config_image_related_width','80',0),(4505,3,'config','config_image_additional_height','74',0),(4503,3,'config','config_image_product_height','80',0),(4504,3,'config','config_image_additional_width','74',0),(4501,3,'config','config_image_popup_height','500',0),(4502,3,'config','config_image_product_width','80',0),(4500,3,'config','config_image_popup_width','500',0),(4499,3,'config','config_image_thumb_height','228',0),(4498,3,'config','config_image_thumb_width','228',0),(4497,3,'config','config_image_category_height','80',0),(4496,3,'config','config_image_category_width','80',0),(4495,3,'config','config_icon','',0),(4494,3,'config','config_logo','data/sia_boutique/data/LOGO_144x154.png',0),(4493,3,'config','config_stock_checkout','0',0),(4492,3,'config','config_stock_display','0',0),(4491,3,'config','config_order_status_id','7',0),(4490,3,'config','config_checkout_id','0',0),(4489,3,'config','config_guest_checkout','0',0),(4488,3,'config','config_cart_weight','0',0),(4487,3,'config','config_account_id','0',0),(4486,3,'config','config_customer_price','0',0),(4485,3,'config','config_customer_group_id','1',0),(4484,3,'config','config_tax_customer','',0),(4483,3,'config','config_tax_default','',0),(4482,3,'config','config_tax','0',0),(4481,3,'config','config_catalog_limit','12',0),(4480,3,'config','config_currency','GBP',0),(4479,3,'config','config_language','en',0),(4478,3,'config','config_zone_id','3563',0),(4477,3,'config','config_country_id','222',0),(4476,3,'config','config_layout_id','6',0),(4475,3,'config','config_template','sia_holding',0),(4474,3,'config','config_meta_description','',0),(4473,3,'config','config_title','SIA Boutique',0),(4472,3,'config','config_fax','',0),(4470,3,'config','config_email','antonio.villella@boundlesscommerce.co.uk',0),(4471,3,'config','config_telephone','062181',0),(4469,3,'config','config_address','sdfsdf',0),(4468,3,'config','config_owner','dssdf',0),(4465,3,'config','config_url','http://siaboutique.local/',0),(4466,3,'config','config_ssl','',0),(4467,3,'config','config_name','SIA Boutique',0),(5594,0,'slideshow','slideshow_module','a:6:{i:0;a:7:{s:9:\"banner_id\";s:1:\"7\";s:5:\"width\";s:3:\"933\";s:6:\"height\";s:3:\"131\";s:9:\"layout_id\";s:1:\"1\";s:8:\"position\";s:11:\"content_top\";s:6:\"status\";s:1:\"1\";s:10:\"sort_order\";s:1:\"1\";}i:1;a:7:{s:9:\"banner_id\";s:2:\"11\";s:5:\"width\";s:3:\"757\";s:6:\"height\";s:3:\"413\";s:9:\"layout_id\";s:2:\"12\";s:8:\"position\";s:11:\"content_top\";s:6:\"status\";s:1:\"1\";s:10:\"sort_order\";s:0:\"\";}i:2;a:7:{s:9:\"banner_id\";s:2:\"12\";s:5:\"width\";s:3:\"600\";s:6:\"height\";s:3:\"780\";s:9:\"layout_id\";s:2:\"16\";s:8:\"position\";s:11:\"content_top\";s:6:\"status\";s:1:\"1\";s:10:\"sort_order\";s:0:\"\";}i:3;a:7:{s:9:\"banner_id\";s:2:\"18\";s:5:\"width\";s:4:\"1070\";s:6:\"height\";s:3:\"535\";s:9:\"layout_id\";s:2:\"21\";s:8:\"position\";s:11:\"content_top\";s:6:\"status\";s:1:\"1\";s:10:\"sort_order\";s:1:\"0\";}i:4;a:7:{s:9:\"banner_id\";s:2:\"24\";s:5:\"width\";s:3:\"720\";s:6:\"height\";s:3:\"379\";s:9:\"layout_id\";s:2:\"23\";s:8:\"position\";s:11:\"content_top\";s:6:\"status\";s:1:\"1\";s:10:\"sort_order\";s:0:\"\";}i:5;a:7:{s:9:\"banner_id\";s:2:\"26\";s:5:\"width\";s:4:\"1427\";s:6:\"height\";s:3:\"517\";s:9:\"layout_id\";s:2:\"25\";s:8:\"position\";s:11:\"content_top\";s:6:\"status\";s:1:\"1\";s:10:\"sort_order\";s:0:\"\";}}',1),(4514,3,'config','config_use_ssl','0',0),(4801,0,'newsletter','newsletter_mailchimp_update_existing','1',0),(4800,0,'newsletter','newsletter_mailchimp_double_optin','0',0),(4799,0,'newsletter','newsletter_mailchimp_listid','1a56d50db4',0),(4798,0,'newsletter','newsletter_mailchimp_apikey','56c8baeabd7f07f353247fe2a3453a4c-us6',0),(4797,0,'newsletter','newsletter_mailchimp_enabled','0',0),(4796,0,'newsletter','newsletter_module','a:2:{i:0;a:7:{s:11:\"language_id\";a:1:{i:1;s:10:\"Newsletter\";}s:4:\"name\";s:8:\"required\";s:8:\"store_id\";s:1:\"0\";s:9:\"layout_id\";s:1:\"6\";s:8:\"position\";s:14:\"content_bottom\";s:6:\"status\";s:1:\"0\";s:10:\"sort_order\";s:0:\"\";}i:1;a:7:{s:11:\"language_id\";a:1:{i:1;s:22:\"Newsletter_siaboutique\";}s:4:\"name\";s:8:\"required\";s:8:\"store_id\";s:1:\"3\";s:9:\"layout_id\";s:2:\"23\";s:8:\"position\";s:14:\"content_bottom\";s:6:\"status\";s:1:\"1\";s:10:\"sort_order\";s:1:\"1\";}}',1),(5524,4,'config','config_image_cart_height','80',0),(5523,4,'config','config_image_cart_width','80',0),(5522,4,'config','config_image_wishlist_height','50',0),(5521,4,'config','config_image_wishlist_width','50',0),(5520,4,'config','config_image_compare_height','90',0),(5519,4,'config','config_image_compare_width','90',0),(5514,4,'config','config_image_product_height','80',0),(5515,4,'config','config_image_additional_width','74',0),(5516,4,'config','config_image_additional_height','74',0),(5517,4,'config','config_image_related_width','80',0),(5518,4,'config','config_image_related_height','80',0),(5512,4,'config','config_image_popup_height','500',0),(5513,4,'config','config_image_product_width','80',0),(5509,4,'config','config_image_thumb_width','228',0),(5511,4,'config','config_image_popup_width','500',0),(5510,4,'config','config_image_thumb_height','228',0),(5508,4,'config','config_image_category_height','80',0),(5505,4,'config','config_logo','data/logo.png',0),(5506,4,'config','config_icon','',0),(5507,4,'config','config_image_category_width','80',0),(5504,4,'config','config_stock_checkout','0',0),(5503,4,'config','config_stock_display','0',0),(5502,4,'config','config_order_status_id','7',0),(5501,4,'config','config_checkout_id','0',0),(5500,4,'config','config_guest_checkout','0',0),(5499,4,'config','config_cart_weight','0',0),(5498,4,'config','config_account_id','0',0),(5497,4,'config','config_customer_price','0',0),(5496,4,'config','config_customer_group_id','1',0),(5495,4,'config','config_tax_customer','',0),(5494,4,'config','config_tax_default','',0),(5493,4,'config','config_tax','0',0),(5492,4,'config','config_catalog_limit','12',0),(5491,4,'config','config_currency','GBP',0),(5490,4,'config','config_language','en',0),(5489,4,'config','config_zone_id','3563',0),(5488,4,'config','config_country_id','222',0),(5487,4,'config','config_layout_id','6',0),(5486,4,'config','config_template','bootstrap',0),(5485,4,'config','config_meta_description','',0),(5484,4,'config','config_title','Bootstrap Twitter',0),(5483,4,'config','config_fax','',0),(5482,4,'config','config_telephone','061651651',0),(5481,4,'config','config_email','dfsf@alice.it',0),(5480,4,'config','config_address','sdfdsf',0),(5477,4,'config','config_ssl','',0),(5478,4,'config','config_name','Bootstrap Twitter',0),(5479,4,'config','config_owner','sdf',0),(5607,0,'featured','product','',0),(5608,0,'featured','featured_product','28,55,56,53,69,77,78,82,83',0),(5609,0,'featured','featured_module','a:4:{i:0;a:7:{s:5:\"limit\";s:1:\"9\";s:11:\"image_width\";s:3:\"180\";s:12:\"image_height\";s:3:\"216\";s:9:\"layout_id\";s:1:\"1\";s:8:\"position\";s:11:\"content_top\";s:6:\"status\";s:1:\"1\";s:10:\"sort_order\";s:1:\"2\";}i:1;a:7:{s:5:\"limit\";s:1:\"9\";s:11:\"image_width\";s:3:\"100\";s:12:\"image_height\";s:3:\"150\";s:9:\"layout_id\";s:2:\"12\";s:8:\"position\";s:14:\"content_bottom\";s:6:\"status\";s:1:\"1\";s:10:\"sort_order\";s:0:\"\";}i:2;a:7:{s:5:\"limit\";s:1:\"9\";s:11:\"image_width\";s:3:\"100\";s:12:\"image_height\";s:3:\"150\";s:9:\"layout_id\";s:2:\"24\";s:8:\"position\";s:14:\"content_bottom\";s:6:\"status\";s:1:\"1\";s:10:\"sort_order\";s:0:\"\";}i:3;a:7:{s:5:\"limit\";s:1:\"9\";s:11:\"image_width\";s:3:\"100\";s:12:\"image_height\";s:3:\"150\";s:9:\"layout_id\";s:2:\"25\";s:8:\"position\";s:14:\"content_bottom\";s:6:\"status\";s:1:\"0\";s:10:\"sort_order\";s:0:\"\";}}',1),(5476,4,'config','config_url','http://bootstrap.local/',0),(7234,0,'category','category_module','a:6:{i:0;a:5:{s:9:\"layout_id\";s:1:\"3\";s:8:\"position\";s:11:\"column_left\";s:5:\"count\";s:1:\"0\";s:6:\"status\";s:1:\"1\";s:10:\"sort_order\";s:1:\"1\";}i:1;a:5:{s:9:\"layout_id\";s:1:\"2\";s:8:\"position\";s:11:\"column_left\";s:5:\"count\";s:1:\"0\";s:6:\"status\";s:1:\"1\";s:10:\"sort_order\";s:1:\"1\";}i:2;a:5:{s:9:\"layout_id\";s:1:\"6\";s:8:\"position\";s:11:\"column_left\";s:5:\"count\";s:1:\"1\";s:6:\"status\";s:1:\"0\";s:10:\"sort_order\";s:0:\"\";}i:3;a:5:{s:9:\"layout_id\";s:2:\"16\";s:8:\"position\";s:11:\"column_left\";s:5:\"count\";s:1:\"0\";s:6:\"status\";s:1:\"1\";s:10:\"sort_order\";s:0:\"\";}i:4;a:5:{s:9:\"layout_id\";s:2:\"15\";s:8:\"position\";s:11:\"column_left\";s:5:\"count\";s:1:\"0\";s:6:\"status\";s:1:\"1\";s:10:\"sort_order\";s:0:\"\";}i:5;a:5:{s:9:\"layout_id\";s:2:\"22\";s:8:\"position\";s:11:\"column_left\";s:5:\"count\";s:1:\"1\";s:6:\"status\";s:1:\"0\";s:10:\"sort_order\";s:0:\"\";}}',1),(7212,5,'config','config_use_ssl','0',0),(7211,5,'config','config_image_cart_height','80',0),(7210,5,'config','config_image_cart_width','80',0),(7209,5,'config','config_image_wishlist_height','50',0),(7208,5,'config','config_image_wishlist_width','50',0),(7207,5,'config','config_image_compare_height','90',0),(7206,5,'config','config_image_compare_width','90',0),(7205,5,'config','config_image_related_height','136',0),(7204,5,'config','config_image_related_width','220',0),(7203,5,'config','config_image_additional_height','98',0),(7202,5,'config','config_image_additional_width','98',0),(7201,5,'config','config_image_product_height','136',0),(7200,5,'config','config_image_product_width','220',0),(7199,5,'config','config_image_popup_height','500',0),(7198,5,'config','config_image_popup_width','500',0),(7197,5,'config','config_image_thumb_height','228',0),(7196,5,'config','config_image_thumb_width','228',0),(7195,5,'config','config_image_information_height','428',0),(7193,5,'config','config_image_category_height','354',0),(7194,5,'config','config_image_information_width','769',0),(7192,5,'config','config_image_category_width','1427',0),(7191,5,'config','config_icon','',0),(7190,5,'config','config_logo','data/sealskinz/SEALSKINZ-logo.png',0),(7189,5,'config','config_stock_checkout','0',0),(7188,5,'config','config_stock_display','0',0),(7187,5,'config','config_order_status_id','7',0),(7186,5,'config','config_checkout_id','0',0),(7185,5,'config','config_guest_checkout','1',0),(7184,5,'config','config_cart_weight','1',0),(7183,5,'config','config_account_id','0',0),(7182,5,'config','config_customer_price','0',0),(7181,5,'config','config_customer_group_id','1',0),(7180,5,'config','config_tax_customer','',0),(7179,5,'config','config_tax_default','',0),(7178,5,'config','config_tax','0',0),(7177,5,'config','config_catalog_limit','12',0),(7176,5,'config','config_currency','GBP',0),(7175,5,'config','config_language','en',0),(7174,5,'config','config_zone_id','3563',0),(7173,5,'config','config_country_id','222',0),(7172,5,'config','config_layout_id','6',0),(7171,5,'config','config_template','sealskinz',0),(7170,5,'config','config_meta_description','',0),(7169,5,'config','config_title','Sealskinz',0),(7168,5,'config','config_fax','',0),(7047,0,'banner','banner_module','a:8:{i:0;a:7:{s:9:\"banner_id\";s:1:\"7\";s:5:\"width\";s:3:\"182\";s:6:\"height\";s:3:\"182\";s:9:\"layout_id\";s:1:\"3\";s:8:\"position\";s:11:\"column_left\";s:6:\"status\";s:1:\"0\";s:10:\"sort_order\";s:1:\"3\";}i:1;a:7:{s:9:\"banner_id\";s:2:\"14\";s:5:\"width\";s:3:\"760\";s:6:\"height\";s:2:\"77\";s:9:\"layout_id\";s:1:\"3\";s:8:\"position\";s:11:\"content_top\";s:6:\"status\";s:1:\"0\";s:10:\"sort_order\";s:1:\"2\";}i:2;a:7:{s:9:\"banner_id\";s:2:\"15\";s:5:\"width\";s:3:\"980\";s:6:\"height\";s:3:\"414\";s:9:\"layout_id\";s:2:\"16\";s:8:\"position\";s:14:\"content_banner\";s:6:\"status\";s:1:\"1\";s:10:\"sort_order\";s:0:\"\";}i:3;a:7:{s:9:\"banner_id\";s:2:\"13\";s:5:\"width\";s:3:\"980\";s:6:\"height\";s:3:\"414\";s:9:\"layout_id\";s:2:\"16\";s:8:\"position\";s:14:\"content_banner\";s:6:\"status\";s:1:\"0\";s:10:\"sort_order\";s:0:\"\";}i:4;a:7:{s:9:\"banner_id\";s:2:\"16\";s:5:\"width\";s:3:\"210\";s:6:\"height\";s:3:\"200\";s:9:\"layout_id\";s:2:\"12\";s:8:\"position\";s:11:\"content_top\";s:6:\"status\";s:1:\"1\";s:10:\"sort_order\";s:1:\"2\";}i:5;a:7:{s:9:\"banner_id\";s:2:\"17\";s:5:\"width\";s:3:\"210\";s:6:\"height\";s:3:\"200\";s:9:\"layout_id\";s:2:\"12\";s:8:\"position\";s:11:\"content_top\";s:6:\"status\";s:1:\"1\";s:10:\"sort_order\";s:1:\"3\";}i:6;a:7:{s:9:\"banner_id\";s:2:\"21\";s:5:\"width\";s:3:\"537\";s:6:\"height\";s:3:\"266\";s:9:\"layout_id\";s:2:\"21\";s:8:\"position\";s:14:\"content_bottom\";s:6:\"status\";s:1:\"1\";s:10:\"sort_order\";s:1:\"0\";}i:7;a:7:{s:9:\"banner_id\";s:2:\"31\";s:5:\"width\";s:3:\"769\";s:6:\"height\";s:3:\"428\";s:9:\"layout_id\";s:2:\"30\";s:8:\"position\";s:11:\"content_top\";s:6:\"status\";s:1:\"1\";s:10:\"sort_order\";s:0:\"\";}}',1),(7223,0,'information','information_module','a:4:{i:0;a:4:{s:9:\"layout_id\";s:1:\"6\";s:8:\"position\";s:11:\"column_left\";s:6:\"status\";s:1:\"0\";s:10:\"sort_order\";s:0:\"\";}i:1;a:4:{s:9:\"layout_id\";s:2:\"26\";s:8:\"position\";s:11:\"column_left\";s:6:\"status\";s:1:\"1\";s:10:\"sort_order\";s:0:\"\";}i:2;a:4:{s:9:\"layout_id\";s:2:\"29\";s:8:\"position\";s:11:\"column_left\";s:6:\"status\";s:1:\"1\";s:10:\"sort_order\";s:0:\"\";}i:3;a:4:{s:9:\"layout_id\";s:2:\"30\";s:8:\"position\";s:11:\"column_left\";s:6:\"status\";s:1:\"0\";s:10:\"sort_order\";s:0:\"\";}}',1),(7166,5,'config','config_email','antonio.villella@boundlesscommerce.co.uk',0),(7167,5,'config','config_telephone','016108068',0),(7165,5,'config','config_address','36 Oldmedow Road\r\nHardwick Industrial Estate\r\nKings Lynn\r\nNorfolk\r\nPE30 4PP',0),(7164,5,'config','config_owner','SealSkinz Limited',0),(7163,5,'config','config_name','Sealskinz',0),(7162,5,'config','config_ssl','',0),(7161,5,'config','config_url','http://sealskinz.local/',0),(7224,0,'contact','contact_module','a:1:{i:0;a:4:{s:9:\"layout_id\";s:2:\"30\";s:8:\"position\";s:11:\"column_left\";s:6:\"status\";s:1:\"1\";s:10:\"sort_order\";s:0:\"\";}}',1);
/*!40000 ALTER TABLE `setting` ENABLE KEYS */;
UNLOCK TABLES;

--
-- Table structure for table `stock_status`
--

DROP TABLE IF EXISTS `stock_status`;
/*!40101 SET @saved_cs_client     = @@character_set_client */;
/*!40101 SET character_set_client = utf8 */;
CREATE TABLE `stock_status` (
  `stock_status_id` int(11) NOT NULL AUTO_INCREMENT,
  `language_id` int(11) NOT NULL,
  `name` varchar(32) COLLATE utf8_bin NOT NULL,
  PRIMARY KEY (`stock_status_id`,`language_id`)
) ENGINE=MyISAM AUTO_INCREMENT=9 DEFAULT CHARSET=utf8 COLLATE=utf8_bin;
/*!40101 SET character_set_client = @saved_cs_client */;

--
-- Dumping data for table `stock_status`
--

LOCK TABLES `stock_status` WRITE;
/*!40000 ALTER TABLE `stock_status` DISABLE KEYS */;
INSERT INTO `stock_status` VALUES (7,1,'In Stock'),(8,1,'Pre-Order'),(5,1,'Out Of Stock'),(6,1,'2 - 3 Days');
/*!40000 ALTER TABLE `stock_status` ENABLE KEYS */;
UNLOCK TABLES;

--
-- Table structure for table `store`
--

DROP TABLE IF EXISTS `store`;
/*!40101 SET @saved_cs_client     = @@character_set_client */;
/*!40101 SET character_set_client = utf8 */;
CREATE TABLE `store` (
  `store_id` int(11) NOT NULL AUTO_INCREMENT,
  `name` varchar(64) COLLATE utf8_bin NOT NULL,
  `url` varchar(255) COLLATE utf8_bin NOT NULL,
  `ssl` varchar(255) COLLATE utf8_bin NOT NULL,
  PRIMARY KEY (`store_id`)
) ENGINE=MyISAM AUTO_INCREMENT=6 DEFAULT CHARSET=utf8 COLLATE=utf8_bin;
/*!40101 SET character_set_client = @saved_cs_client */;

--
-- Dumping data for table `store`
--

LOCK TABLES `store` WRITE;
/*!40000 ALTER TABLE `store` DISABLE KEYS */;
INSERT INTO `store` VALUES (1,'Whisky Shop','http://whisky.local/',''),(2,'Papillon Retail','http://papillon.local/',''),(3,'SIA Boutique','http://siaboutique.local/',''),(4,'Bootstrap Twitter','http://bootstrap.local/',''),(5,'Sealskinz','http://sealskinz.local/','');
/*!40000 ALTER TABLE `store` ENABLE KEYS */;
UNLOCK TABLES;

--
-- Table structure for table `tax_class`
--

DROP TABLE IF EXISTS `tax_class`;
/*!40101 SET @saved_cs_client     = @@character_set_client */;
/*!40101 SET character_set_client = utf8 */;
CREATE TABLE `tax_class` (
  `tax_class_id` int(11) NOT NULL AUTO_INCREMENT,
  `title` varchar(32) COLLATE utf8_bin NOT NULL DEFAULT '',
  `description` varchar(255) COLLATE utf8_bin NOT NULL DEFAULT '',
  `date_added` datetime NOT NULL DEFAULT '0000-00-00 00:00:00',
  `date_modified` datetime NOT NULL DEFAULT '0000-00-00 00:00:00',
  PRIMARY KEY (`tax_class_id`)
) ENGINE=MyISAM AUTO_INCREMENT=11 DEFAULT CHARSET=utf8 COLLATE=utf8_bin;
/*!40101 SET character_set_client = @saved_cs_client */;

--
-- Dumping data for table `tax_class`
--

LOCK TABLES `tax_class` WRITE;
/*!40000 ALTER TABLE `tax_class` DISABLE KEYS */;
INSERT INTO `tax_class` VALUES (9,'Taxable Goods','Taxed Stuff','2009-01-06 23:21:53','2011-09-23 14:07:50'),(10,'Downloadable Products','Downloadable','2011-09-21 22:19:39','2011-09-22 10:27:36');
/*!40000 ALTER TABLE `tax_class` ENABLE KEYS */;
UNLOCK TABLES;

--
-- Table structure for table `tax_rate`
--

DROP TABLE IF EXISTS `tax_rate`;
/*!40101 SET @saved_cs_client     = @@character_set_client */;
/*!40101 SET character_set_client = utf8 */;
CREATE TABLE `tax_rate` (
  `tax_rate_id` int(11) NOT NULL AUTO_INCREMENT,
  `geo_zone_id` int(11) NOT NULL DEFAULT '0',
  `name` varchar(32) COLLATE utf8_bin NOT NULL,
  `rate` decimal(15,4) NOT NULL DEFAULT '0.0000',
  `type` char(1) COLLATE utf8_bin NOT NULL,
  `date_added` datetime NOT NULL DEFAULT '0000-00-00 00:00:00',
  `date_modified` datetime NOT NULL DEFAULT '0000-00-00 00:00:00',
  PRIMARY KEY (`tax_rate_id`)
) ENGINE=MyISAM AUTO_INCREMENT=88 DEFAULT CHARSET=utf8 COLLATE=utf8_bin;
/*!40101 SET character_set_client = @saved_cs_client */;

--
-- Dumping data for table `tax_rate`
--

LOCK TABLES `tax_rate` WRITE;
/*!40000 ALTER TABLE `tax_rate` DISABLE KEYS */;
INSERT INTO `tax_rate` VALUES (86,3,'VAT (17.5%)',17.5000,'P','2011-03-09 21:17:10','2011-09-22 22:24:29'),(87,3,'Eco Tax (-2.00)',2.0000,'F','2011-09-21 21:49:23','2011-09-23 00:40:19');
/*!40000 ALTER TABLE `tax_rate` ENABLE KEYS */;
UNLOCK TABLES;

--
-- Table structure for table `tax_rate_to_customer_group`
--

DROP TABLE IF EXISTS `tax_rate_to_customer_group`;
/*!40101 SET @saved_cs_client     = @@character_set_client */;
/*!40101 SET character_set_client = utf8 */;
CREATE TABLE `tax_rate_to_customer_group` (
  `tax_rate_id` int(11) NOT NULL,
  `customer_group_id` int(11) NOT NULL,
  PRIMARY KEY (`tax_rate_id`,`customer_group_id`)
) ENGINE=MyISAM DEFAULT CHARSET=utf8 COLLATE=utf8_bin;
/*!40101 SET character_set_client = @saved_cs_client */;

--
-- Dumping data for table `tax_rate_to_customer_group`
--

LOCK TABLES `tax_rate_to_customer_group` WRITE;
/*!40000 ALTER TABLE `tax_rate_to_customer_group` DISABLE KEYS */;
INSERT INTO `tax_rate_to_customer_group` VALUES (86,1),(87,1);
/*!40000 ALTER TABLE `tax_rate_to_customer_group` ENABLE KEYS */;
UNLOCK TABLES;

--
-- Table structure for table `tax_rule`
--

DROP TABLE IF EXISTS `tax_rule`;
/*!40101 SET @saved_cs_client     = @@character_set_client */;
/*!40101 SET character_set_client = utf8 */;
CREATE TABLE `tax_rule` (
  `tax_rule_id` int(11) NOT NULL AUTO_INCREMENT,
  `tax_class_id` int(11) NOT NULL,
  `tax_rate_id` int(11) NOT NULL,
  `based` varchar(10) COLLATE utf8_bin NOT NULL,
  `priority` int(5) NOT NULL DEFAULT '1',
  PRIMARY KEY (`tax_rule_id`)
) ENGINE=MyISAM AUTO_INCREMENT=129 DEFAULT CHARSET=utf8 COLLATE=utf8_bin;
/*!40101 SET character_set_client = @saved_cs_client */;

--
-- Dumping data for table `tax_rule`
--

LOCK TABLES `tax_rule` WRITE;
/*!40000 ALTER TABLE `tax_rule` DISABLE KEYS */;
INSERT INTO `tax_rule` VALUES (121,10,86,'payment',1),(120,10,87,'store',0),(128,9,86,'shipping',1),(127,9,87,'shipping',2);
/*!40000 ALTER TABLE `tax_rule` ENABLE KEYS */;
UNLOCK TABLES;

--
-- Table structure for table `url_alias`
--

DROP TABLE IF EXISTS `url_alias`;
/*!40101 SET @saved_cs_client     = @@character_set_client */;
/*!40101 SET character_set_client = utf8 */;
CREATE TABLE `url_alias` (
  `url_alias_id` int(11) NOT NULL AUTO_INCREMENT,
  `query` varchar(255) COLLATE utf8_bin NOT NULL,
  `keyword` varchar(255) COLLATE utf8_bin NOT NULL,
  PRIMARY KEY (`url_alias_id`)
) ENGINE=MyISAM AUTO_INCREMENT=980 DEFAULT CHARSET=utf8 COLLATE=utf8_bin;
/*!40101 SET character_set_client = @saved_cs_client */;

--
-- Dumping data for table `url_alias`
--

LOCK TABLES `url_alias` WRITE;
/*!40000 ALTER TABLE `url_alias` DISABLE KEYS */;
INSERT INTO `url_alias` VALUES (811,'information_id=4','about_us'),(812,'news/headlines','articles-headlines'),(908,'information_id=55','our-factory'),(962,'information_id=56','our-history'),(979,'information_id=58','registration'),(920,'information_id=44','privacy-policy'),(884,'information_id=57','technology'),(931,'information_id=37','about-us'),(952,'information_id=40','gloves-size-guides'),(956,'information_id=39','hats-size-guides'),(958,'information_id=38','socks-size-guides'),(936,'information_id=41','terms-conditions'),(972,'information_id=42','delivery'),(960,'information_id=43','returns'),(977,'information_id=45','faqs'),(925,'information_id=47','how-it-works'),(963,'information_id=48','product-care'),(975,'information_id=51','international'),(901,'information_id=49','testimonials'),(902,'information_id=50','uk-stockist'),(970,'information_id=59','free-uk-delivery'),(971,'information_id=60','free-uk-returns'),(978,'information_id=61','blog');
/*!40000 ALTER TABLE `url_alias` ENABLE KEYS */;
UNLOCK TABLES;

--
-- Table structure for table `user`
--

DROP TABLE IF EXISTS `user`;
/*!40101 SET @saved_cs_client     = @@character_set_client */;
/*!40101 SET character_set_client = utf8 */;
CREATE TABLE `user` (
  `user_id` int(11) NOT NULL AUTO_INCREMENT,
  `user_group_id` int(11) NOT NULL,
  `username` varchar(20) COLLATE utf8_bin NOT NULL DEFAULT '',
  `password` varchar(40) COLLATE utf8_bin NOT NULL DEFAULT '',
  `salt` varchar(9) COLLATE utf8_bin NOT NULL DEFAULT '',
  `firstname` varchar(32) COLLATE utf8_bin NOT NULL DEFAULT '',
  `lastname` varchar(32) COLLATE utf8_bin NOT NULL DEFAULT '',
  `email` varchar(96) COLLATE utf8_bin NOT NULL DEFAULT '',
  `code` varchar(32) COLLATE utf8_bin NOT NULL,
  `ip` varchar(40) COLLATE utf8_bin NOT NULL DEFAULT '',
  `status` tinyint(1) NOT NULL,
  `date_added` datetime NOT NULL DEFAULT '0000-00-00 00:00:00',
  PRIMARY KEY (`user_id`)
) ENGINE=MyISAM AUTO_INCREMENT=2 DEFAULT CHARSET=utf8 COLLATE=utf8_bin;
/*!40101 SET character_set_client = @saved_cs_client */;

--
-- Dumping data for table `user`
--

LOCK TABLES `user` WRITE;
/*!40000 ALTER TABLE `user` DISABLE KEYS */;
INSERT INTO `user` VALUES (1,1,'antonio.villella','7a01126b02cbc856921e6fc94ce0d9625d97d4b2','394741f51','','','antonio.villella@boundlesscommerce.co.uk','','127.0.0.1',1,'2012-11-20 12:38:27');
/*!40000 ALTER TABLE `user` ENABLE KEYS */;
UNLOCK TABLES;

--
-- Table structure for table `user_group`
--

DROP TABLE IF EXISTS `user_group`;
/*!40101 SET @saved_cs_client     = @@character_set_client */;
/*!40101 SET character_set_client = utf8 */;
CREATE TABLE `user_group` (
  `user_group_id` int(11) NOT NULL AUTO_INCREMENT,
  `name` varchar(64) COLLATE utf8_bin NOT NULL,
  `permission` text COLLATE utf8_bin NOT NULL,
  PRIMARY KEY (`user_group_id`)
) ENGINE=MyISAM AUTO_INCREMENT=11 DEFAULT CHARSET=utf8 COLLATE=utf8_bin;
/*!40101 SET character_set_client = @saved_cs_client */;

--
-- Dumping data for table `user_group`
--

LOCK TABLES `user_group` WRITE;
/*!40000 ALTER TABLE `user_group` DISABLE KEYS */;
INSERT INTO `user_group` VALUES (1,'Top Administrator','a:2:{s:6:\"access\";a:139:{i:0;s:17:\"catalog/attribute\";i:1;s:23:\"catalog/attribute_group\";i:2;s:16:\"catalog/category\";i:3;s:16:\"catalog/download\";i:4;s:13:\"catalog/event\";i:5;s:19:\"catalog/information\";i:6;s:20:\"catalog/manufacturer\";i:7;s:17:\"catalog/ncategory\";i:8;s:17:\"catalog/ncomments\";i:9;s:12:\"catalog/news\";i:10;s:14:\"catalog/option\";i:11;s:15:\"catalog/product\";i:12;s:14:\"catalog/review\";i:13;s:18:\"common/filemanager\";i:14;s:16:\"common/newspanel\";i:15;s:13:\"design/banner\";i:16;s:13:\"design/layout\";i:17;s:14:\"extension/feed\";i:18;s:16:\"extension/module\";i:19;s:17:\"extension/payment\";i:20;s:18:\"extension/shipping\";i:21;s:15:\"extension/total\";i:22;s:25:\"feed/articles_google_base\";i:23;s:28:\"feed/articles_google_sitemap\";i:24;s:16:\"feed/google_base\";i:25;s:19:\"feed/google_sitemap\";i:26;s:20:\"localisation/country\";i:27;s:21:\"localisation/currency\";i:28;s:21:\"localisation/geo_zone\";i:29;s:21:\"localisation/language\";i:30;s:25:\"localisation/length_class\";i:31;s:25:\"localisation/order_status\";i:32;s:26:\"localisation/return_action\";i:33;s:26:\"localisation/return_reason\";i:34;s:26:\"localisation/return_status\";i:35;s:25:\"localisation/stock_status\";i:36;s:22:\"localisation/tax_class\";i:37;s:21:\"localisation/tax_rate\";i:38;s:25:\"localisation/weight_class\";i:39;s:17:\"localisation/zone\";i:40;s:14:\"module/account\";i:41;s:22:\"module/advanced_coupon\";i:42;s:16:\"module/affiliate\";i:43;s:15:\"module/afilters\";i:44;s:13:\"module/banner\";i:45;s:17:\"module/bestseller\";i:46;s:15:\"module/carousel\";i:47;s:15:\"module/category\";i:48;s:12:\"module/event\";i:49;s:15:\"module/featured\";i:50;s:18:\"module/google_talk\";i:51;s:18:\"module/information\";i:52;s:13:\"module/latest\";i:53;s:16:\"module/ncategory\";i:54;s:11:\"module/news\";i:55;s:17:\"module/newsletter\";i:56;s:16:\"module/slideshow\";i:57;s:14:\"module/special\";i:58;s:12:\"module/store\";i:59;s:14:\"module/welcome\";i:60;s:24:\"payment/authorizenet_aim\";i:61;s:21:\"payment/bank_transfer\";i:62;s:14:\"payment/cheque\";i:63;s:11:\"payment/cod\";i:64;s:21:\"payment/free_checkout\";i:65;s:14:\"payment/liqpay\";i:66;s:20:\"payment/moneybookers\";i:67;s:14:\"payment/nochex\";i:68;s:15:\"payment/paymate\";i:69;s:16:\"payment/paypoint\";i:70;s:13:\"payment/payza\";i:71;s:26:\"payment/perpetual_payments\";i:72;s:14:\"payment/pp_pro\";i:73;s:17:\"payment/pp_pro_uk\";i:74;s:19:\"payment/pp_standard\";i:75;s:15:\"payment/sagepay\";i:76;s:22:\"payment/sagepay_direct\";i:77;s:18:\"payment/sagepay_us\";i:78;s:19:\"payment/twocheckout\";i:79;s:28:\"payment/web_payment_software\";i:80;s:16:\"payment/worldpay\";i:81;s:27:\"report/affiliate_commission\";i:82;s:22:\"report/customer_credit\";i:83;s:22:\"report/customer_online\";i:84;s:21:\"report/customer_order\";i:85;s:25:\"report/customer_purchased\";i:86;s:22:\"report/customer_reward\";i:87;s:24:\"report/product_purchased\";i:88;s:20:\"report/product_stock\";i:89;s:21:\"report/product_viewed\";i:90;s:27:\"report/sale_advanced_coupon\";i:91;s:18:\"report/sale_coupon\";i:92;s:17:\"report/sale_order\";i:93;s:18:\"report/sale_return\";i:94;s:20:\"report/sale_shipping\";i:95;s:15:\"report/sale_tax\";i:96;s:20:\"sale/advanced_coupon\";i:97;s:14:\"sale/affiliate\";i:98;s:12:\"sale/contact\";i:99;s:11:\"sale/coupon\";i:100;s:13:\"sale/customer\";i:101;s:23:\"sale/customer_blacklist\";i:102;s:19:\"sale/customer_group\";i:103;s:10:\"sale/order\";i:104;s:11:\"sale/return\";i:105;s:12:\"sale/voucher\";i:106;s:18:\"sale/voucher_theme\";i:107;s:15:\"setting/setting\";i:108;s:13:\"setting/store\";i:109;s:16:\"shipping/auspost\";i:110;s:17:\"shipping/citylink\";i:111;s:14:\"shipping/fedex\";i:112;s:13:\"shipping/flat\";i:113;s:13:\"shipping/free\";i:114;s:13:\"shipping/item\";i:115;s:23:\"shipping/parcelforce_48\";i:116;s:15:\"shipping/pickup\";i:117;s:19:\"shipping/royal_mail\";i:118;s:12:\"shipping/ups\";i:119;s:13:\"shipping/usps\";i:120;s:15:\"shipping/weight\";i:121;s:11:\"tool/backup\";i:122;s:14:\"tool/error_log\";i:123;s:21:\"total/advanced_coupon\";i:124;s:12:\"total/coupon\";i:125;s:12:\"total/credit\";i:126;s:14:\"total/handling\";i:127;s:16:\"total/klarna_fee\";i:128;s:19:\"total/low_order_fee\";i:129;s:12:\"total/reward\";i:130;s:14:\"total/shipping\";i:131;s:15:\"total/sub_total\";i:132;s:9:\"total/tax\";i:133;s:11:\"total/total\";i:134;s:13:\"total/voucher\";i:135;s:9:\"user/user\";i:136;s:20:\"user/user_permission\";i:137;s:16:\"feed/google_base\";i:138;s:14:\"module/contact\";}s:6:\"modify\";a:139:{i:0;s:17:\"catalog/attribute\";i:1;s:23:\"catalog/attribute_group\";i:2;s:16:\"catalog/category\";i:3;s:16:\"catalog/download\";i:4;s:13:\"catalog/event\";i:5;s:19:\"catalog/information\";i:6;s:20:\"catalog/manufacturer\";i:7;s:17:\"catalog/ncategory\";i:8;s:17:\"catalog/ncomments\";i:9;s:12:\"catalog/news\";i:10;s:14:\"catalog/option\";i:11;s:15:\"catalog/product\";i:12;s:14:\"catalog/review\";i:13;s:18:\"common/filemanager\";i:14;s:16:\"common/newspanel\";i:15;s:13:\"design/banner\";i:16;s:13:\"design/layout\";i:17;s:14:\"extension/feed\";i:18;s:16:\"extension/module\";i:19;s:17:\"extension/payment\";i:20;s:18:\"extension/shipping\";i:21;s:15:\"extension/total\";i:22;s:25:\"feed/articles_google_base\";i:23;s:28:\"feed/articles_google_sitemap\";i:24;s:16:\"feed/google_base\";i:25;s:19:\"feed/google_sitemap\";i:26;s:20:\"localisation/country\";i:27;s:21:\"localisation/currency\";i:28;s:21:\"localisation/geo_zone\";i:29;s:21:\"localisation/language\";i:30;s:25:\"localisation/length_class\";i:31;s:25:\"localisation/order_status\";i:32;s:26:\"localisation/return_action\";i:33;s:26:\"localisation/return_reason\";i:34;s:26:\"localisation/return_status\";i:35;s:25:\"localisation/stock_status\";i:36;s:22:\"localisation/tax_class\";i:37;s:21:\"localisation/tax_rate\";i:38;s:25:\"localisation/weight_class\";i:39;s:17:\"localisation/zone\";i:40;s:14:\"module/account\";i:41;s:22:\"module/advanced_coupon\";i:42;s:16:\"module/affiliate\";i:43;s:15:\"module/afilters\";i:44;s:13:\"module/banner\";i:45;s:17:\"module/bestseller\";i:46;s:15:\"module/carousel\";i:47;s:15:\"module/category\";i:48;s:12:\"module/event\";i:49;s:15:\"module/featured\";i:50;s:18:\"module/google_talk\";i:51;s:18:\"module/information\";i:52;s:13:\"module/latest\";i:53;s:16:\"module/ncategory\";i:54;s:11:\"module/news\";i:55;s:17:\"module/newsletter\";i:56;s:16:\"module/slideshow\";i:57;s:14:\"module/special\";i:58;s:12:\"module/store\";i:59;s:14:\"module/welcome\";i:60;s:24:\"payment/authorizenet_aim\";i:61;s:21:\"payment/bank_transfer\";i:62;s:14:\"payment/cheque\";i:63;s:11:\"payment/cod\";i:64;s:21:\"payment/free_checkout\";i:65;s:14:\"payment/liqpay\";i:66;s:20:\"payment/moneybookers\";i:67;s:14:\"payment/nochex\";i:68;s:15:\"payment/paymate\";i:69;s:16:\"payment/paypoint\";i:70;s:13:\"payment/payza\";i:71;s:26:\"payment/perpetual_payments\";i:72;s:14:\"payment/pp_pro\";i:73;s:17:\"payment/pp_pro_uk\";i:74;s:19:\"payment/pp_standard\";i:75;s:15:\"payment/sagepay\";i:76;s:22:\"payment/sagepay_direct\";i:77;s:18:\"payment/sagepay_us\";i:78;s:19:\"payment/twocheckout\";i:79;s:28:\"payment/web_payment_software\";i:80;s:16:\"payment/worldpay\";i:81;s:27:\"report/affiliate_commission\";i:82;s:22:\"report/customer_credit\";i:83;s:22:\"report/customer_online\";i:84;s:21:\"report/customer_order\";i:85;s:25:\"report/customer_purchased\";i:86;s:22:\"report/customer_reward\";i:87;s:24:\"report/product_purchased\";i:88;s:20:\"report/product_stock\";i:89;s:21:\"report/product_viewed\";i:90;s:27:\"report/sale_advanced_coupon\";i:91;s:18:\"report/sale_coupon\";i:92;s:17:\"report/sale_order\";i:93;s:18:\"report/sale_return\";i:94;s:20:\"report/sale_shipping\";i:95;s:15:\"report/sale_tax\";i:96;s:20:\"sale/advanced_coupon\";i:97;s:14:\"sale/affiliate\";i:98;s:12:\"sale/contact\";i:99;s:11:\"sale/coupon\";i:100;s:13:\"sale/customer\";i:101;s:23:\"sale/customer_blacklist\";i:102;s:19:\"sale/customer_group\";i:103;s:10:\"sale/order\";i:104;s:11:\"sale/return\";i:105;s:12:\"sale/voucher\";i:106;s:18:\"sale/voucher_theme\";i:107;s:15:\"setting/setting\";i:108;s:13:\"setting/store\";i:109;s:16:\"shipping/auspost\";i:110;s:17:\"shipping/citylink\";i:111;s:14:\"shipping/fedex\";i:112;s:13:\"shipping/flat\";i:113;s:13:\"shipping/free\";i:114;s:13:\"shipping/item\";i:115;s:23:\"shipping/parcelforce_48\";i:116;s:15:\"shipping/pickup\";i:117;s:19:\"shipping/royal_mail\";i:118;s:12:\"shipping/ups\";i:119;s:13:\"shipping/usps\";i:120;s:15:\"shipping/weight\";i:121;s:11:\"tool/backup\";i:122;s:14:\"tool/error_log\";i:123;s:21:\"total/advanced_coupon\";i:124;s:12:\"total/coupon\";i:125;s:12:\"total/credit\";i:126;s:14:\"total/handling\";i:127;s:16:\"total/klarna_fee\";i:128;s:19:\"total/low_order_fee\";i:129;s:12:\"total/reward\";i:130;s:14:\"total/shipping\";i:131;s:15:\"total/sub_total\";i:132;s:9:\"total/tax\";i:133;s:11:\"total/total\";i:134;s:13:\"total/voucher\";i:135;s:9:\"user/user\";i:136;s:20:\"user/user_permission\";i:137;s:16:\"feed/google_base\";i:138;s:14:\"module/contact\";}}'),(10,'Demonstration','');
/*!40000 ALTER TABLE `user_group` ENABLE KEYS */;
UNLOCK TABLES;

--
-- Table structure for table `voucher`
--

DROP TABLE IF EXISTS `voucher`;
/*!40101 SET @saved_cs_client     = @@character_set_client */;
/*!40101 SET character_set_client = utf8 */;
CREATE TABLE `voucher` (
  `voucher_id` int(11) NOT NULL AUTO_INCREMENT,
  `order_id` int(11) NOT NULL,
  `code` varchar(10) COLLATE utf8_bin NOT NULL,
  `from_name` varchar(64) COLLATE utf8_bin NOT NULL,
  `from_email` varchar(96) COLLATE utf8_bin NOT NULL,
  `to_name` varchar(64) COLLATE utf8_bin NOT NULL,
  `to_email` varchar(96) COLLATE utf8_bin NOT NULL,
  `voucher_theme_id` int(11) NOT NULL,
  `message` text COLLATE utf8_bin NOT NULL,
  `amount` decimal(15,4) NOT NULL,
  `status` tinyint(1) NOT NULL,
  `date_added` datetime NOT NULL DEFAULT '0000-00-00 00:00:00',
  PRIMARY KEY (`voucher_id`)
) ENGINE=MyISAM AUTO_INCREMENT=2 DEFAULT CHARSET=utf8 COLLATE=utf8_bin;
/*!40101 SET character_set_client = @saved_cs_client */;

--
-- Dumping data for table `voucher`
--

LOCK TABLES `voucher` WRITE;
/*!40000 ALTER TABLE `voucher` DISABLE KEYS */;
/*!40000 ALTER TABLE `voucher` ENABLE KEYS */;
UNLOCK TABLES;

--
-- Table structure for table `voucher_history`
--

DROP TABLE IF EXISTS `voucher_history`;
/*!40101 SET @saved_cs_client     = @@character_set_client */;
/*!40101 SET character_set_client = utf8 */;
CREATE TABLE `voucher_history` (
  `voucher_history_id` int(11) NOT NULL AUTO_INCREMENT,
  `voucher_id` int(11) NOT NULL,
  `order_id` int(11) NOT NULL,
  `amount` decimal(15,4) NOT NULL,
  `date_added` datetime NOT NULL,
  PRIMARY KEY (`voucher_history_id`)
) ENGINE=MyISAM DEFAULT CHARSET=utf8 COLLATE=utf8_bin;
/*!40101 SET character_set_client = @saved_cs_client */;

--
-- Dumping data for table `voucher_history`
--

LOCK TABLES `voucher_history` WRITE;
/*!40000 ALTER TABLE `voucher_history` DISABLE KEYS */;
/*!40000 ALTER TABLE `voucher_history` ENABLE KEYS */;
UNLOCK TABLES;

--
-- Table structure for table `voucher_theme`
--

DROP TABLE IF EXISTS `voucher_theme`;
/*!40101 SET @saved_cs_client     = @@character_set_client */;
/*!40101 SET character_set_client = utf8 */;
CREATE TABLE `voucher_theme` (
  `voucher_theme_id` int(11) NOT NULL AUTO_INCREMENT,
  `image` varchar(255) COLLATE utf8_bin NOT NULL,
  PRIMARY KEY (`voucher_theme_id`)
) ENGINE=MyISAM AUTO_INCREMENT=9 DEFAULT CHARSET=utf8 COLLATE=utf8_bin;
/*!40101 SET character_set_client = @saved_cs_client */;

--
-- Dumping data for table `voucher_theme`
--

LOCK TABLES `voucher_theme` WRITE;
/*!40000 ALTER TABLE `voucher_theme` DISABLE KEYS */;
INSERT INTO `voucher_theme` VALUES (8,'data/demo/canon_eos_5d_2.jpg'),(7,'data/demo/gift-voucher-birthday.jpg'),(6,'data/demo/apple_logo.jpg');
/*!40000 ALTER TABLE `voucher_theme` ENABLE KEYS */;
UNLOCK TABLES;

--
-- Table structure for table `voucher_theme_description`
--

DROP TABLE IF EXISTS `voucher_theme_description`;
/*!40101 SET @saved_cs_client     = @@character_set_client */;
/*!40101 SET character_set_client = utf8 */;
CREATE TABLE `voucher_theme_description` (
  `voucher_theme_id` int(11) NOT NULL,
  `language_id` int(11) NOT NULL,
  `name` varchar(32) COLLATE utf8_bin NOT NULL,
  PRIMARY KEY (`voucher_theme_id`,`language_id`)
) ENGINE=MyISAM DEFAULT CHARSET=utf8 COLLATE=utf8_bin;
/*!40101 SET character_set_client = @saved_cs_client */;

--
-- Dumping data for table `voucher_theme_description`
--

LOCK TABLES `voucher_theme_description` WRITE;
/*!40000 ALTER TABLE `voucher_theme_description` DISABLE KEYS */;
INSERT INTO `voucher_theme_description` VALUES (6,1,'Christmas'),(7,1,'Birthday'),(8,1,'General');
/*!40000 ALTER TABLE `voucher_theme_description` ENABLE KEYS */;
UNLOCK TABLES;

--
-- Table structure for table `weight_class`
--

DROP TABLE IF EXISTS `weight_class`;
/*!40101 SET @saved_cs_client     = @@character_set_client */;
/*!40101 SET character_set_client = utf8 */;
CREATE TABLE `weight_class` (
  `weight_class_id` int(11) NOT NULL AUTO_INCREMENT,
  `value` decimal(15,8) NOT NULL DEFAULT '0.00000000',
  PRIMARY KEY (`weight_class_id`)
) ENGINE=MyISAM AUTO_INCREMENT=7 DEFAULT CHARSET=utf8 COLLATE=utf8_bin;
/*!40101 SET character_set_client = @saved_cs_client */;

--
-- Dumping data for table `weight_class`
--

LOCK TABLES `weight_class` WRITE;
/*!40000 ALTER TABLE `weight_class` DISABLE KEYS */;
INSERT INTO `weight_class` VALUES (1,1.00000000),(2,1000.00000000),(5,2.20460000),(6,35.27400000);
/*!40000 ALTER TABLE `weight_class` ENABLE KEYS */;
UNLOCK TABLES;

--
-- Table structure for table `weight_class_description`
--

DROP TABLE IF EXISTS `weight_class_description`;
/*!40101 SET @saved_cs_client     = @@character_set_client */;
/*!40101 SET character_set_client = utf8 */;
CREATE TABLE `weight_class_description` (
  `weight_class_id` int(11) NOT NULL AUTO_INCREMENT,
  `language_id` int(11) NOT NULL,
  `title` varchar(32) COLLATE utf8_bin NOT NULL,
  `unit` varchar(4) COLLATE utf8_bin NOT NULL DEFAULT '',
  PRIMARY KEY (`weight_class_id`,`language_id`)
) ENGINE=MyISAM AUTO_INCREMENT=7 DEFAULT CHARSET=utf8 COLLATE=utf8_bin;
/*!40101 SET character_set_client = @saved_cs_client */;

--
-- Dumping data for table `weight_class_description`
--

LOCK TABLES `weight_class_description` WRITE;
/*!40000 ALTER TABLE `weight_class_description` DISABLE KEYS */;
INSERT INTO `weight_class_description` VALUES (1,1,'Kilogram','kg'),(2,1,'Gram','g'),(5,1,'Pound ','lb'),(6,1,'Ounce','oz');
/*!40000 ALTER TABLE `weight_class_description` ENABLE KEYS */;
UNLOCK TABLES;

--
-- Table structure for table `zone`
--

DROP TABLE IF EXISTS `zone`;
/*!40101 SET @saved_cs_client     = @@character_set_client */;
/*!40101 SET character_set_client = utf8 */;
CREATE TABLE `zone` (
  `zone_id` int(11) NOT NULL AUTO_INCREMENT,
  `country_id` int(11) NOT NULL,
  `name` varchar(128) COLLATE utf8_bin NOT NULL,
  `code` varchar(32) COLLATE utf8_bin NOT NULL DEFAULT '',
  `status` tinyint(1) NOT NULL DEFAULT '1',
  PRIMARY KEY (`zone_id`)
) ENGINE=MyISAM AUTO_INCREMENT=3970 DEFAULT CHARSET=utf8 COLLATE=utf8_bin;
/*!40101 SET character_set_client = @saved_cs_client */;

--
-- Dumping data for table `zone`
--

LOCK TABLES `zone` WRITE;
/*!40000 ALTER TABLE `zone` DISABLE KEYS */;
INSERT INTO `zone` VALUES (1,1,'Badakhshan','BDS',1),(2,1,'Badghis','BDG',1),(3,1,'Baghlan','BGL',1),(4,1,'Balkh','BAL',1),(5,1,'Bamian','BAM',1),(6,1,'Farah','FRA',1),(7,1,'Faryab','FYB',1),(8,1,'Ghazni','GHA',1),(9,1,'Ghowr','GHO',1),(10,1,'Helmand','HEL',1),(11,1,'Herat','HER',1),(12,1,'Jowzjan','JOW',1),(13,1,'Kabul','KAB',1),(14,1,'Kandahar','KAN',1),(15,1,'Kapisa','KAP',1),(16,1,'Khost','KHO',1),(17,1,'Konar','KNR',1),(18,1,'Kondoz','KDZ',1),(19,1,'Laghman','LAG',1),(20,1,'Lowgar','LOW',1),(21,1,'Nangrahar','NAN',1),(22,1,'Nimruz','NIM',1),(23,1,'Nurestan','NUR',1),(24,1,'Oruzgan','ORU',1),(25,1,'Paktia','PIA',1),(26,1,'Paktika','PKA',1),(27,1,'Parwan','PAR',1),(28,1,'Samangan','SAM',1),(29,1,'Sar-e Pol','SAR',1),(30,1,'Takhar','TAK',1),(31,1,'Wardak','WAR',1),(32,1,'Zabol','ZAB',1),(33,2,'Berat','BR',1),(34,2,'Bulqize','BU',1),(35,2,'Delvine','DL',1),(36,2,'Devoll','DV',1),(37,2,'Diber','DI',1),(38,2,'Durres','DR',1),(39,2,'Elbasan','EL',1),(40,2,'Kolonje','ER',1),(41,2,'Fier','FR',1),(42,2,'Gjirokaster','GJ',1),(43,2,'Gramsh','GR',1),(44,2,'Has','HA',1),(45,2,'Kavaje','KA',1),(46,2,'Kurbin','KB',1),(47,2,'Kucove','KC',1),(48,2,'Korce','KO',1),(49,2,'Kruje','KR',1),(50,2,'Kukes','KU',1),(51,2,'Librazhd','LB',1),(52,2,'Lezhe','LE',1),(53,2,'Lushnje','LU',1),(54,2,'Malesi e Madhe','MM',1),(55,2,'Mallakaster','MK',1),(56,2,'Mat','MT',1),(57,2,'Mirdite','MR',1),(58,2,'Peqin','PQ',1),(59,2,'Permet','PR',1),(60,2,'Pogradec','PG',1),(61,2,'Puke','PU',1),(62,2,'Shkoder','SH',1),(63,2,'Skrapar','SK',1),(64,2,'Sarande','SR',1),(65,2,'Tepelene','TE',1),(66,2,'Tropoje','TP',1),(67,2,'Tirane','TR',1),(68,2,'Vlore','VL',1),(69,3,'Adrar','ADR',1),(70,3,'Ain Defla','ADE',1),(71,3,'Ain Temouchent','ATE',1),(72,3,'Alger','ALG',1),(73,3,'Annaba','ANN',1),(74,3,'Batna','BAT',1),(75,3,'Bechar','BEC',1),(76,3,'Bejaia','BEJ',1),(77,3,'Biskra','BIS',1),(78,3,'Blida','BLI',1),(79,3,'Bordj Bou Arreridj','BBA',1),(80,3,'Bouira','BOA',1),(81,3,'Boumerdes','BMD',1),(82,3,'Chlef','CHL',1),(83,3,'Constantine','CON',1),(84,3,'Djelfa','DJE',1),(85,3,'El Bayadh','EBA',1),(86,3,'El Oued','EOU',1),(87,3,'El Tarf','ETA',1),(88,3,'Ghardaia','GHA',1),(89,3,'Guelma','GUE',1),(90,3,'Illizi','ILL',1),(91,3,'Jijel','JIJ',1),(92,3,'Khenchela','KHE',1),(93,3,'Laghouat','LAG',1),(94,3,'Muaskar','MUA',1),(95,3,'Medea','MED',1),(96,3,'Mila','MIL',1),(97,3,'Mostaganem','MOS',1),(98,3,'M\'Sila','MSI',1),(99,3,'Naama','NAA',1),(100,3,'Oran','ORA',1),(101,3,'Ouargla','OUA',1),(102,3,'Oum el-Bouaghi','OEB',1),(103,3,'Relizane','REL',1),(104,3,'Saida','SAI',1),(105,3,'Setif','SET',1),(106,3,'Sidi Bel Abbes','SBA',1),(107,3,'Skikda','SKI',1),(108,3,'Souk Ahras','SAH',1),(109,3,'Tamanghasset','TAM',1),(110,3,'Tebessa','TEB',1),(111,3,'Tiaret','TIA',1),(112,3,'Tindouf','TIN',1),(113,3,'Tipaza','TIP',1),(114,3,'Tissemsilt','TIS',1),(115,3,'Tizi Ouzou','TOU',1),(116,3,'Tlemcen','TLE',1),(117,4,'Eastern','E',1),(118,4,'Manu\'a','M',1),(119,4,'Rose Island','R',1),(120,4,'Swains Island','S',1),(121,4,'Western','W',1),(122,5,'Andorra la Vella','ALV',1),(123,5,'Canillo','CAN',1),(124,5,'Encamp','ENC',1),(125,5,'Escaldes-Engordany','ESE',1),(126,5,'La Massana','LMA',1),(127,5,'Ordino','ORD',1),(128,5,'Sant Julia de Loria','SJL',1),(129,6,'Bengo','BGO',1),(130,6,'Benguela','BGU',1),(131,6,'Bie','BIE',1),(132,6,'Cabinda','CAB',1),(133,6,'Cuando-Cubango','CCU',1),(134,6,'Cuanza Norte','CNO',1),(135,6,'Cuanza Sul','CUS',1),(136,6,'Cunene','CNN',1),(137,6,'Huambo','HUA',1),(138,6,'Huila','HUI',1),(139,6,'Luanda','LUA',1),(140,6,'Lunda Norte','LNO',1),(141,6,'Lunda Sul','LSU',1),(142,6,'Malange','MAL',1),(143,6,'Moxico','MOX',1),(144,6,'Namibe','NAM',1),(145,6,'Uige','UIG',1),(146,6,'Zaire','ZAI',1),(147,9,'Saint George','ASG',1),(148,9,'Saint John','ASJ',1),(149,9,'Saint Mary','ASM',1),(150,9,'Saint Paul','ASL',1),(151,9,'Saint Peter','ASR',1),(152,9,'Saint Philip','ASH',1),(153,9,'Barbuda','BAR',1),(154,9,'Redonda','RED',1),(155,10,'Antartida e Islas del Atlantico','AN',1),(156,10,'Buenos Aires','BA',1),(157,10,'Catamarca','CA',1),(158,10,'Chaco','CH',1),(159,10,'Chubut','CU',1),(160,10,'Cordoba','CO',1),(161,10,'Corrientes','CR',1),(162,10,'Distrito Federal','DF',1),(163,10,'Entre Rios','ER',1),(164,10,'Formosa','FO',1),(165,10,'Jujuy','JU',1),(166,10,'La Pampa','LP',1),(167,10,'La Rioja','LR',1),(168,10,'Mendoza','ME',1),(169,10,'Misiones','MI',1),(170,10,'Neuquen','NE',1),(171,10,'Rio Negro','RN',1),(172,10,'Salta','SA',1),(173,10,'San Juan','SJ',1),(174,10,'San Luis','SL',1),(175,10,'Santa Cruz','SC',1),(176,10,'Santa Fe','SF',1),(177,10,'Santiago del Estero','SD',1),(178,10,'Tierra del Fuego','TF',1),(179,10,'Tucuman','TU',1),(180,11,'Aragatsotn','AGT',1),(181,11,'Ararat','ARR',1),(182,11,'Armavir','ARM',1),(183,11,'Geghark\'unik\'','GEG',1),(184,11,'Kotayk\'','KOT',1),(185,11,'Lorri','LOR',1),(186,11,'Shirak','SHI',1),(187,11,'Syunik\'','SYU',1),(188,11,'Tavush','TAV',1),(189,11,'Vayots\' Dzor','VAY',1),(190,11,'Yerevan','YER',1),(191,13,'Australian Capital Territory','ACT',1),(192,13,'New South Wales','NSW',1),(193,13,'Northern Territory','NT',1),(194,13,'Queensland','QLD',1),(195,13,'South Australia','SA',1),(196,13,'Tasmania','TAS',1),(197,13,'Victoria','VIC',1),(198,13,'Western Australia','WA',1),(199,14,'Burgenland','BUR',1),(200,14,'Kärnten','KAR',1),(201,14,'Nieder&ouml;sterreich','NOS',1),(202,14,'Ober&ouml;sterreich','OOS',1),(203,14,'Salzburg','SAL',1),(204,14,'Steiermark','STE',1),(205,14,'Tirol','TIR',1),(206,14,'Vorarlberg','VOR',1),(207,14,'Wien','WIE',1),(208,15,'Ali Bayramli','AB',1),(209,15,'Abseron','ABS',1),(210,15,'AgcabAdi','AGC',1),(211,15,'Agdam','AGM',1),(212,15,'Agdas','AGS',1),(213,15,'Agstafa','AGA',1),(214,15,'Agsu','AGU',1),(215,15,'Astara','AST',1),(216,15,'Baki','BA',1),(217,15,'BabAk','BAB',1),(218,15,'BalakAn','BAL',1),(219,15,'BArdA','BAR',1),(220,15,'Beylaqan','BEY',1),(221,15,'Bilasuvar','BIL',1),(222,15,'Cabrayil','CAB',1),(223,15,'Calilabab','CAL',1),(224,15,'Culfa','CUL',1),(225,15,'Daskasan','DAS',1),(226,15,'Davaci','DAV',1),(227,15,'Fuzuli','FUZ',1),(228,15,'Ganca','GA',1),(229,15,'Gadabay','GAD',1),(230,15,'Goranboy','GOR',1),(231,15,'Goycay','GOY',1),(232,15,'Haciqabul','HAC',1),(233,15,'Imisli','IMI',1),(234,15,'Ismayilli','ISM',1),(235,15,'Kalbacar','KAL',1),(236,15,'Kurdamir','KUR',1),(237,15,'Lankaran','LA',1),(238,15,'Lacin','LAC',1),(239,15,'Lankaran','LAN',1),(240,15,'Lerik','LER',1),(241,15,'Masalli','MAS',1),(242,15,'Mingacevir','MI',1),(243,15,'Naftalan','NA',1),(244,15,'Neftcala','NEF',1),(245,15,'Oguz','OGU',1),(246,15,'Ordubad','ORD',1),(247,15,'Qabala','QAB',1),(248,15,'Qax','QAX',1),(249,15,'Qazax','QAZ',1),(250,15,'Qobustan','QOB',1),(251,15,'Quba','QBA',1),(252,15,'Qubadli','QBI',1),(253,15,'Qusar','QUS',1),(254,15,'Saki','SA',1),(255,15,'Saatli','SAT',1),(256,15,'Sabirabad','SAB',1),(257,15,'Sadarak','SAD',1),(258,15,'Sahbuz','SAH',1),(259,15,'Saki','SAK',1),(260,15,'Salyan','SAL',1),(261,15,'Sumqayit','SM',1),(262,15,'Samaxi','SMI',1),(263,15,'Samkir','SKR',1),(264,15,'Samux','SMX',1),(265,15,'Sarur','SAR',1),(266,15,'Siyazan','SIY',1),(267,15,'Susa','SS',1),(268,15,'Susa','SUS',1),(269,15,'Tartar','TAR',1),(270,15,'Tovuz','TOV',1),(271,15,'Ucar','UCA',1),(272,15,'Xankandi','XA',1),(273,15,'Xacmaz','XAC',1),(274,15,'Xanlar','XAN',1),(275,15,'Xizi','XIZ',1),(276,15,'Xocali','XCI',1),(277,15,'Xocavand','XVD',1),(278,15,'Yardimli','YAR',1),(279,15,'Yevlax','YEV',1),(280,15,'Zangilan','ZAN',1),(281,15,'Zaqatala','ZAQ',1),(282,15,'Zardab','ZAR',1),(283,15,'Naxcivan','NX',1),(284,16,'Acklins','ACK',1),(285,16,'Berry Islands','BER',1),(286,16,'Bimini','BIM',1),(287,16,'Black Point','BLK',1),(288,16,'Cat Island','CAT',1),(289,16,'Central Abaco','CAB',1),(290,16,'Central Andros','CAN',1),(291,16,'Central Eleuthera','CEL',1),(292,16,'City of Freeport','FRE',1),(293,16,'Crooked Island','CRO',1),(294,16,'East Grand Bahama','EGB',1),(295,16,'Exuma','EXU',1),(296,16,'Grand Cay','GRD',1),(297,16,'Harbour Island','HAR',1),(298,16,'Hope Town','HOP',1),(299,16,'Inagua','INA',1),(300,16,'Long Island','LNG',1),(301,16,'Mangrove Cay','MAN',1),(302,16,'Mayaguana','MAY',1),(303,16,'Moore\'s Island','MOO',1),(304,16,'North Abaco','NAB',1),(305,16,'North Andros','NAN',1),(306,16,'North Eleuthera','NEL',1),(307,16,'Ragged Island','RAG',1),(308,16,'Rum Cay','RUM',1),(309,16,'San Salvador','SAL',1),(310,16,'South Abaco','SAB',1),(311,16,'South Andros','SAN',1),(312,16,'South Eleuthera','SEL',1),(313,16,'Spanish Wells','SWE',1),(314,16,'West Grand Bahama','WGB',1),(315,17,'Capital','CAP',1),(316,17,'Central','CEN',1),(317,17,'Muharraq','MUH',1),(318,17,'Northern','NOR',1),(319,17,'Southern','SOU',1),(320,18,'Barisal','BAR',1),(321,18,'Chittagong','CHI',1),(322,18,'Dhaka','DHA',1),(323,18,'Khulna','KHU',1),(324,18,'Rajshahi','RAJ',1),(325,18,'Sylhet','SYL',1),(326,19,'Christ Church','CC',1),(327,19,'Saint Andrew','AND',1),(328,19,'Saint George','GEO',1),(329,19,'Saint James','JAM',1),(330,19,'Saint John','JOH',1),(331,19,'Saint Joseph','JOS',1),(332,19,'Saint Lucy','LUC',1),(333,19,'Saint Michael','MIC',1),(334,19,'Saint Peter','PET',1),(335,19,'Saint Philip','PHI',1),(336,19,'Saint Thomas','THO',1),(337,20,'Brestskaya (Brest)','BR',1),(338,20,'Homyel\'skaya (Homyel\')','HO',1),(339,20,'Horad Minsk','HM',1),(340,20,'Hrodzyenskaya (Hrodna)','HR',1),(341,20,'Mahilyowskaya (Mahilyow)','MA',1),(342,20,'Minskaya','MI',1),(343,20,'Vitsyebskaya (Vitsyebsk)','VI',1),(344,21,'Antwerpen','VAN',1),(345,21,'Brabant Wallon','WBR',1),(346,21,'Hainaut','WHT',1),(347,21,'Liege','WLG',1),(348,21,'Limburg','VLI',1),(349,21,'Luxembourg','WLX',1),(350,21,'Namur','WNA',1),(351,21,'Oost-Vlaanderen','VOV',1),(352,21,'Vlaams Brabant','VBR',1),(353,21,'West-Vlaanderen','VWV',1),(354,22,'Belize','BZ',1),(355,22,'Cayo','CY',1),(356,22,'Corozal','CR',1),(357,22,'Orange Walk','OW',1),(358,22,'Stann Creek','SC',1),(359,22,'Toledo','TO',1),(360,23,'Alibori','AL',1),(361,23,'Atakora','AK',1),(362,23,'Atlantique','AQ',1),(363,23,'Borgou','BO',1),(364,23,'Collines','CO',1),(365,23,'Donga','DO',1),(366,23,'Kouffo','KO',1),(367,23,'Littoral','LI',1),(368,23,'Mono','MO',1),(369,23,'Oueme','OU',1),(370,23,'Plateau','PL',1),(371,23,'Zou','ZO',1),(372,24,'Devonshire','DS',1),(373,24,'Hamilton City','HC',1),(374,24,'Hamilton','HA',1),(375,24,'Paget','PG',1),(376,24,'Pembroke','PB',1),(377,24,'Saint George City','GC',1),(378,24,'Saint George\'s','SG',1),(379,24,'Sandys','SA',1),(380,24,'Smith\'s','SM',1),(381,24,'Southampton','SH',1),(382,24,'Warwick','WA',1),(383,25,'Bumthang','BUM',1),(384,25,'Chukha','CHU',1),(385,25,'Dagana','DAG',1),(386,25,'Gasa','GAS',1),(387,25,'Haa','HAA',1),(388,25,'Lhuntse','LHU',1),(389,25,'Mongar','MON',1),(390,25,'Paro','PAR',1),(391,25,'Pemagatshel','PEM',1),(392,25,'Punakha','PUN',1),(393,25,'Samdrup Jongkhar','SJO',1),(394,25,'Samtse','SAT',1),(395,25,'Sarpang','SAR',1),(396,25,'Thimphu','THI',1),(397,25,'Trashigang','TRG',1),(398,25,'Trashiyangste','TRY',1),(399,25,'Trongsa','TRO',1),(400,25,'Tsirang','TSI',1),(401,25,'Wangdue Phodrang','WPH',1),(402,25,'Zhemgang','ZHE',1),(403,26,'Beni','BEN',1),(404,26,'Chuquisaca','CHU',1),(405,26,'Cochabamba','COC',1),(406,26,'La Paz','LPZ',1),(407,26,'Oruro','ORU',1),(408,26,'Pando','PAN',1),(409,26,'Potosi','POT',1),(410,26,'Santa Cruz','SCZ',1),(411,26,'Tarija','TAR',1),(412,27,'Brcko district','BRO',1),(413,27,'Unsko-Sanski Kanton','FUS',1),(414,27,'Posavski Kanton','FPO',1),(415,27,'Tuzlanski Kanton','FTU',1),(416,27,'Zenicko-Dobojski Kanton','FZE',1),(417,27,'Bosanskopodrinjski Kanton','FBP',1),(418,27,'Srednjebosanski Kanton','FSB',1),(419,27,'Hercegovacko-neretvanski Kanton','FHN',1),(420,27,'Zapadnohercegovacka Zupanija','FZH',1),(421,27,'Kanton Sarajevo','FSA',1),(422,27,'Zapadnobosanska','FZA',1),(423,27,'Banja Luka','SBL',1),(424,27,'Doboj','SDO',1),(425,27,'Bijeljina','SBI',1),(426,27,'Vlasenica','SVL',1),(427,27,'Sarajevo-Romanija or Sokolac','SSR',1),(428,27,'Foca','SFO',1),(429,27,'Trebinje','STR',1),(430,28,'Central','CE',1),(431,28,'Ghanzi','GH',1),(432,28,'Kgalagadi','KD',1),(433,28,'Kgatleng','KT',1),(434,28,'Kweneng','KW',1),(435,28,'Ngamiland','NG',1),(436,28,'North East','NE',1),(437,28,'North West','NW',1),(438,28,'South East','SE',1),(439,28,'Southern','SO',1),(440,30,'Acre','AC',1),(441,30,'Alagoas','AL',1),(442,30,'Amapa','AP',1),(443,30,'Amazonas','AM',1),(444,30,'Bahia','BA',1),(445,30,'Ceara','CE',1),(446,30,'Distrito Federal','DF',1),(447,30,'Espirito Santo','ES',1),(448,30,'Goias','GO',1),(449,30,'Maranhao','MA',1),(450,30,'Mato Grosso','MT',1),(451,30,'Mato Grosso do Sul','MS',1),(452,30,'Minas Gerais','MG',1),(453,30,'Para','PA',1),(454,30,'Paraiba','PB',1),(455,30,'Parana','PR',1),(456,30,'Pernambuco','PE',1),(457,30,'Piaui','PI',1),(458,30,'Rio de Janeiro','RJ',1),(459,30,'Rio Grande do Norte','RN',1),(460,30,'Rio Grande do Sul','RS',1),(461,30,'Rondonia','RO',1),(462,30,'Roraima','RR',1),(463,30,'Santa Catarina','SC',1),(464,30,'Sao Paulo','SP',1),(465,30,'Sergipe','SE',1),(466,30,'Tocantins','TO',1),(467,31,'Peros Banhos','PB',1),(468,31,'Salomon Islands','SI',1),(469,31,'Nelsons Island','NI',1),(470,31,'Three Brothers','TB',1),(471,31,'Eagle Islands','EA',1),(472,31,'Danger Island','DI',1),(473,31,'Egmont Islands','EG',1),(474,31,'Diego Garcia','DG',1),(475,32,'Belait','BEL',1),(476,32,'Brunei and Muara','BRM',1),(477,32,'Temburong','TEM',1),(478,32,'Tutong','TUT',1),(479,33,'Blagoevgrad','',1),(480,33,'Burgas','',1),(481,33,'Dobrich','',1),(482,33,'Gabrovo','',1),(483,33,'Haskovo','',1),(484,33,'Kardjali','',1),(485,33,'Kyustendil','',1),(486,33,'Lovech','',1),(487,33,'Montana','',1),(488,33,'Pazardjik','',1),(489,33,'Pernik','',1),(490,33,'Pleven','',1),(491,33,'Plovdiv','',1),(492,33,'Razgrad','',1),(493,33,'Shumen','',1),(494,33,'Silistra','',1),(495,33,'Sliven','',1),(496,33,'Smolyan','',1),(497,33,'Sofia','',1),(498,33,'Sofia - town','',1),(499,33,'Stara Zagora','',1),(500,33,'Targovishte','',1),(501,33,'Varna','',1),(502,33,'Veliko Tarnovo','',1),(503,33,'Vidin','',1),(504,33,'Vratza','',1),(505,33,'Yambol','',1),(506,34,'Bale','BAL',1),(507,34,'Bam','BAM',1),(508,34,'Banwa','BAN',1),(509,34,'Bazega','BAZ',1),(510,34,'Bougouriba','BOR',1),(511,34,'Boulgou','BLG',1),(512,34,'Boulkiemde','BOK',1),(513,34,'Comoe','COM',1),(514,34,'Ganzourgou','GAN',1),(515,34,'Gnagna','GNA',1),(516,34,'Gourma','GOU',1),(517,34,'Houet','HOU',1),(518,34,'Ioba','IOA',1),(519,34,'Kadiogo','KAD',1),(520,34,'Kenedougou','KEN',1),(521,34,'Komondjari','KOD',1),(522,34,'Kompienga','KOP',1),(523,34,'Kossi','KOS',1),(524,34,'Koulpelogo','KOL',1),(525,34,'Kouritenga','KOT',1),(526,34,'Kourweogo','KOW',1),(527,34,'Leraba','LER',1),(528,34,'Loroum','LOR',1),(529,34,'Mouhoun','MOU',1),(530,34,'Nahouri','NAH',1),(531,34,'Namentenga','NAM',1),(532,34,'Nayala','NAY',1),(533,34,'Noumbiel','NOU',1),(534,34,'Oubritenga','OUB',1),(535,34,'Oudalan','OUD',1),(536,34,'Passore','PAS',1),(537,34,'Poni','PON',1),(538,34,'Sanguie','SAG',1),(539,34,'Sanmatenga','SAM',1),(540,34,'Seno','SEN',1),(541,34,'Sissili','SIS',1),(542,34,'Soum','SOM',1),(543,34,'Sourou','SOR',1),(544,34,'Tapoa','TAP',1),(545,34,'Tuy','TUY',1),(546,34,'Yagha','YAG',1),(547,34,'Yatenga','YAT',1),(548,34,'Ziro','ZIR',1),(549,34,'Zondoma','ZOD',1),(550,34,'Zoundweogo','ZOW',1),(551,35,'Bubanza','BB',1),(552,35,'Bujumbura','BJ',1),(553,35,'Bururi','BR',1),(554,35,'Cankuzo','CA',1),(555,35,'Cibitoke','CI',1),(556,35,'Gitega','GI',1),(557,35,'Karuzi','KR',1),(558,35,'Kayanza','KY',1),(559,35,'Kirundo','KI',1),(560,35,'Makamba','MA',1),(561,35,'Muramvya','MU',1),(562,35,'Muyinga','MY',1),(563,35,'Mwaro','MW',1),(564,35,'Ngozi','NG',1),(565,35,'Rutana','RT',1),(566,35,'Ruyigi','RY',1),(567,36,'Phnom Penh','PP',1),(568,36,'Preah Seihanu (Kompong Som or Sihanoukville)','PS',1),(569,36,'Pailin','PA',1),(570,36,'Keb','KB',1),(571,36,'Banteay Meanchey','BM',1),(572,36,'Battambang','BA',1),(573,36,'Kampong Cham','KM',1),(574,36,'Kampong Chhnang','KN',1),(575,36,'Kampong Speu','KU',1),(576,36,'Kampong Som','KO',1),(577,36,'Kampong Thom','KT',1),(578,36,'Kampot','KP',1),(579,36,'Kandal','KL',1),(580,36,'Kaoh Kong','KK',1),(581,36,'Kratie','KR',1),(582,36,'Mondul Kiri','MK',1),(583,36,'Oddar Meancheay','OM',1),(584,36,'Pursat','PU',1),(585,36,'Preah Vihear','PR',1),(586,36,'Prey Veng','PG',1),(587,36,'Ratanak Kiri','RK',1),(588,36,'Siemreap','SI',1),(589,36,'Stung Treng','ST',1),(590,36,'Svay Rieng','SR',1),(591,36,'Takeo','TK',1),(592,37,'Adamawa (Adamaoua)','ADA',1),(593,37,'Centre','CEN',1),(594,37,'East (Est)','EST',1),(595,37,'Extreme North (Extreme-Nord)','EXN',1),(596,37,'Littoral','LIT',1),(597,37,'North (Nord)','NOR',1),(598,37,'Northwest (Nord-Ouest)','NOT',1),(599,37,'West (Ouest)','OUE',1),(600,37,'South (Sud)','SUD',1),(601,37,'Southwest (Sud-Ouest).','SOU',1),(602,38,'Alberta','AB',1),(603,38,'British Columbia','BC',1),(604,38,'Manitoba','MB',1),(605,38,'New Brunswick','NB',1),(606,38,'Newfoundland and Labrador','NL',1),(607,38,'Northwest Territories','NT',1),(608,38,'Nova Scotia','NS',1),(609,38,'Nunavut','NU',1),(610,38,'Ontario','ON',1),(611,38,'Prince Edward Island','PE',1),(612,38,'Qu&eacute;bec','QC',1),(613,38,'Saskatchewan','SK',1),(614,38,'Yukon Territory','YT',1),(615,39,'Boa Vista','BV',1),(616,39,'Brava','BR',1),(617,39,'Calheta de Sao Miguel','CS',1),(618,39,'Maio','MA',1),(619,39,'Mosteiros','MO',1),(620,39,'Paul','PA',1),(621,39,'Porto Novo','PN',1),(622,39,'Praia','PR',1),(623,39,'Ribeira Grande','RG',1),(624,39,'Sal','SL',1),(625,39,'Santa Catarina','CA',1),(626,39,'Santa Cruz','CR',1),(627,39,'Sao Domingos','SD',1),(628,39,'Sao Filipe','SF',1),(629,39,'Sao Nicolau','SN',1),(630,39,'Sao Vicente','SV',1),(631,39,'Tarrafal','TA',1),(632,40,'Creek','CR',1),(633,40,'Eastern','EA',1),(634,40,'Midland','ML',1),(635,40,'South Town','ST',1),(636,40,'Spot Bay','SP',1),(637,40,'Stake Bay','SK',1),(638,40,'West End','WD',1),(639,40,'Western','WN',1),(640,41,'Bamingui-Bangoran','BBA',1),(641,41,'Basse-Kotto','BKO',1),(642,41,'Haute-Kotto','HKO',1),(643,41,'Haut-Mbomou','HMB',1),(644,41,'Kemo','KEM',1),(645,41,'Lobaye','LOB',1),(646,41,'Mambere-KadeÔ','MKD',1),(647,41,'Mbomou','MBO',1),(648,41,'Nana-Mambere','NMM',1),(649,41,'Ombella-M\'Poko','OMP',1),(650,41,'Ouaka','OUK',1),(651,41,'Ouham','OUH',1),(652,41,'Ouham-Pende','OPE',1),(653,41,'Vakaga','VAK',1),(654,41,'Nana-Grebizi','NGR',1),(655,41,'Sangha-Mbaere','SMB',1),(656,41,'Bangui','BAN',1),(657,42,'Batha','BA',1),(658,42,'Biltine','BI',1),(659,42,'Borkou-Ennedi-Tibesti','BE',1),(660,42,'Chari-Baguirmi','CB',1),(661,42,'Guera','GU',1),(662,42,'Kanem','KA',1),(663,42,'Lac','LA',1),(664,42,'Logone Occidental','LC',1),(665,42,'Logone Oriental','LR',1),(666,42,'Mayo-Kebbi','MK',1),(667,42,'Moyen-Chari','MC',1),(668,42,'Ouaddai','OU',1),(669,42,'Salamat','SA',1),(670,42,'Tandjile','TA',1),(671,43,'Aisen del General Carlos Ibanez','AI',1),(672,43,'Antofagasta','AN',1),(673,43,'Araucania','AR',1),(674,43,'Atacama','AT',1),(675,43,'Bio-Bio','BI',1),(676,43,'Coquimbo','CO',1),(677,43,'Libertador General Bernardo O\'Hi','LI',1),(678,43,'Los Lagos','LL',1),(679,43,'Magallanes y de la Antartica Chi','MA',1),(680,43,'Maule','ML',1),(681,43,'Region Metropolitana','RM',1),(682,43,'Tarapaca','TA',1),(683,43,'Valparaiso','VS',1),(684,44,'Anhui','AN',1),(685,44,'Beijing','BE',1),(686,44,'Chongqing','CH',1),(687,44,'Fujian','FU',1),(688,44,'Gansu','GA',1),(689,44,'Guangdong','GU',1),(690,44,'Guangxi','GX',1),(691,44,'Guizhou','GZ',1),(692,44,'Hainan','HA',1),(693,44,'Hebei','HB',1),(694,44,'Heilongjiang','HL',1),(695,44,'Henan','HE',1),(696,44,'Hong Kong','HK',1),(697,44,'Hubei','HU',1),(698,44,'Hunan','HN',1),(699,44,'Inner Mongolia','IM',1),(700,44,'Jiangsu','JI',1),(701,44,'Jiangxi','JX',1),(702,44,'Jilin','JL',1),(703,44,'Liaoning','LI',1),(704,44,'Macau','MA',1),(705,44,'Ningxia','NI',1),(706,44,'Shaanxi','SH',1),(707,44,'Shandong','SA',1),(708,44,'Shanghai','SG',1),(709,44,'Shanxi','SX',1),(710,44,'Sichuan','SI',1),(711,44,'Tianjin','TI',1),(712,44,'Xinjiang','XI',1),(713,44,'Yunnan','YU',1),(714,44,'Zhejiang','ZH',1),(715,46,'Direction Island','D',1),(716,46,'Home Island','H',1),(717,46,'Horsburgh Island','O',1),(718,46,'South Island','S',1),(719,46,'West Island','W',1),(720,47,'Amazonas','AMZ',1),(721,47,'Antioquia','ANT',1),(722,47,'Arauca','ARA',1),(723,47,'Atlantico','ATL',1),(724,47,'Bogota D.C.','BDC',1),(725,47,'Bolivar','BOL',1),(726,47,'Boyaca','BOY',1),(727,47,'Caldas','CAL',1),(728,47,'Caqueta','CAQ',1),(729,47,'Casanare','CAS',1),(730,47,'Cauca','CAU',1),(731,47,'Cesar','CES',1),(732,47,'Choco','CHO',1),(733,47,'Cordoba','COR',1),(734,47,'Cundinamarca','CAM',1),(735,47,'Guainia','GNA',1),(736,47,'Guajira','GJR',1),(737,47,'Guaviare','GVR',1),(738,47,'Huila','HUI',1),(739,47,'Magdalena','MAG',1),(740,47,'Meta','MET',1),(741,47,'Narino','NAR',1),(742,47,'Norte de Santander','NDS',1),(743,47,'Putumayo','PUT',1),(744,47,'Quindio','QUI',1),(745,47,'Risaralda','RIS',1),(746,47,'San Andres y Providencia','SAP',1),(747,47,'Santander','SAN',1),(748,47,'Sucre','SUC',1),(749,47,'Tolima','TOL',1),(750,47,'Valle del Cauca','VDC',1),(751,47,'Vaupes','VAU',1),(752,47,'Vichada','VIC',1),(753,48,'Grande Comore','G',1),(754,48,'Anjouan','A',1),(755,48,'Moheli','M',1),(756,49,'Bouenza','BO',1),(757,49,'Brazzaville','BR',1),(758,49,'Cuvette','CU',1),(759,49,'Cuvette-Ouest','CO',1),(760,49,'Kouilou','KO',1),(761,49,'Lekoumou','LE',1),(762,49,'Likouala','LI',1),(763,49,'Niari','NI',1),(764,49,'Plateaux','PL',1),(765,49,'Pool','PO',1),(766,49,'Sangha','SA',1),(767,50,'Pukapuka','PU',1),(768,50,'Rakahanga','RK',1),(769,50,'Manihiki','MK',1),(770,50,'Penrhyn','PE',1),(771,50,'Nassau Island','NI',1),(772,50,'Surwarrow','SU',1),(773,50,'Palmerston','PA',1),(774,50,'Aitutaki','AI',1),(775,50,'Manuae','MA',1),(776,50,'Takutea','TA',1),(777,50,'Mitiaro','MT',1),(778,50,'Atiu','AT',1),(779,50,'Mauke','MU',1),(780,50,'Rarotonga','RR',1),(781,50,'Mangaia','MG',1),(782,51,'Alajuela','AL',1),(783,51,'Cartago','CA',1),(784,51,'Guanacaste','GU',1),(785,51,'Heredia','HE',1),(786,51,'Limon','LI',1),(787,51,'Puntarenas','PU',1),(788,51,'San Jose','SJ',1),(789,52,'Abengourou','ABE',1),(790,52,'Abidjan','ABI',1),(791,52,'Aboisso','ABO',1),(792,52,'Adiake','ADI',1),(793,52,'Adzope','ADZ',1),(794,52,'Agboville','AGB',1),(795,52,'Agnibilekrou','AGN',1),(796,52,'Alepe','ALE',1),(797,52,'Bocanda','BOC',1),(798,52,'Bangolo','BAN',1),(799,52,'Beoumi','BEO',1),(800,52,'Biankouma','BIA',1),(801,52,'Bondoukou','BDK',1),(802,52,'Bongouanou','BGN',1),(803,52,'Bouafle','BFL',1),(804,52,'Bouake','BKE',1),(805,52,'Bouna','BNA',1),(806,52,'Boundiali','BDL',1),(807,52,'Dabakala','DKL',1),(808,52,'Dabou','DBU',1),(809,52,'Daloa','DAL',1),(810,52,'Danane','DAN',1),(811,52,'Daoukro','DAO',1),(812,52,'Dimbokro','DIM',1),(813,52,'Divo','DIV',1),(814,52,'Duekoue','DUE',1),(815,52,'Ferkessedougou','FER',1),(816,52,'Gagnoa','GAG',1),(817,52,'Grand-Bassam','GBA',1),(818,52,'Grand-Lahou','GLA',1),(819,52,'Guiglo','GUI',1),(820,52,'Issia','ISS',1),(821,52,'Jacqueville','JAC',1),(822,52,'Katiola','KAT',1),(823,52,'Korhogo','KOR',1),(824,52,'Lakota','LAK',1),(825,52,'Man','MAN',1),(826,52,'Mankono','MKN',1),(827,52,'Mbahiakro','MBA',1),(828,52,'Odienne','ODI',1),(829,52,'Oume','OUM',1),(830,52,'Sakassou','SAK',1),(831,52,'San-Pedro','SPE',1),(832,52,'Sassandra','SAS',1),(833,52,'Seguela','SEG',1),(834,52,'Sinfra','SIN',1),(835,52,'Soubre','SOU',1),(836,52,'Tabou','TAB',1),(837,52,'Tanda','TAN',1),(838,52,'Tiebissou','TIE',1),(839,52,'Tingrela','TIN',1),(840,52,'Tiassale','TIA',1),(841,52,'Touba','TBA',1),(842,52,'Toulepleu','TLP',1),(843,52,'Toumodi','TMD',1),(844,52,'Vavoua','VAV',1),(845,52,'Yamoussoukro','YAM',1),(846,52,'Zuenoula','ZUE',1),(847,53,'Bjelovar-Bilogora','BB',1),(848,53,'City of Zagreb','CZ',1),(849,53,'Dubrovnik-Neretva','DN',1),(850,53,'Istra','IS',1),(851,53,'Karlovac','KA',1),(852,53,'Koprivnica-Krizevci','KK',1),(853,53,'Krapina-Zagorje','KZ',1),(854,53,'Lika-Senj','LS',1),(855,53,'Medimurje','ME',1),(856,53,'Osijek-Baranja','OB',1),(857,53,'Pozega-Slavonia','PS',1),(858,53,'Primorje-Gorski Kotar','PG',1),(859,53,'Sibenik','SI',1),(860,53,'Sisak-Moslavina','SM',1),(861,53,'Slavonski Brod-Posavina','SB',1),(862,53,'Split-Dalmatia','SD',1),(863,53,'Varazdin','VA',1),(864,53,'Virovitica-Podravina','VP',1),(865,53,'Vukovar-Srijem','VS',1),(866,53,'Zadar-Knin','ZK',1),(867,53,'Zagreb','ZA',1),(868,54,'Camaguey','CA',1),(869,54,'Ciego de Avila','CD',1),(870,54,'Cienfuegos','CI',1),(871,54,'Ciudad de La Habana','CH',1),(872,54,'Granma','GR',1),(873,54,'Guantanamo','GU',1),(874,54,'Holguin','HO',1),(875,54,'Isla de la Juventud','IJ',1),(876,54,'La Habana','LH',1),(877,54,'Las Tunas','LT',1),(878,54,'Matanzas','MA',1),(879,54,'Pinar del Rio','PR',1),(880,54,'Sancti Spiritus','SS',1),(881,54,'Santiago de Cuba','SC',1),(882,54,'Villa Clara','VC',1),(883,55,'Famagusta','F',1),(884,55,'Kyrenia','K',1),(885,55,'Larnaca','A',1),(886,55,'Limassol','I',1),(887,55,'Nicosia','N',1),(888,55,'Paphos','P',1),(889,56,'Ústecký','U',1),(890,56,'Jihočeský','C',1),(891,56,'Jihomoravský','B',1),(892,56,'Karlovarský','K',1),(893,56,'Královehradecký','H',1),(894,56,'Liberecký','L',1),(895,56,'Moravskoslezský','T',1),(896,56,'Olomoucký','M',1),(897,56,'Pardubický','E',1),(898,56,'Plzeňský','P',1),(899,56,'Praha','A',1),(900,56,'Středočeský','S',1),(901,56,'Vysočina','J',1),(902,56,'Zlínský','Z',1),(903,57,'Arhus','AR',1),(904,57,'Bornholm','BH',1),(905,57,'Copenhagen','CO',1),(906,57,'Faroe Islands','FO',1),(907,57,'Frederiksborg','FR',1),(908,57,'Fyn','FY',1),(909,57,'Kobenhavn','KO',1),(910,57,'Nordjylland','NO',1),(911,57,'Ribe','RI',1),(912,57,'Ringkobing','RK',1),(913,57,'Roskilde','RO',1),(914,57,'Sonderjylland','SO',1),(915,57,'Storstrom','ST',1),(916,57,'Vejle','VK',1),(917,57,'Vestj&aelig;lland','VJ',1),(918,57,'Viborg','VB',1),(919,58,'\'Ali Sabih','S',1),(920,58,'Dikhil','K',1),(921,58,'Djibouti','J',1),(922,58,'Obock','O',1),(923,58,'Tadjoura','T',1),(924,59,'Saint Andrew Parish','AND',1),(925,59,'Saint David Parish','DAV',1),(926,59,'Saint George Parish','GEO',1),(927,59,'Saint John Parish','JOH',1),(928,59,'Saint Joseph Parish','JOS',1),(929,59,'Saint Luke Parish','LUK',1),(930,59,'Saint Mark Parish','MAR',1),(931,59,'Saint Patrick Parish','PAT',1),(932,59,'Saint Paul Parish','PAU',1),(933,59,'Saint Peter Parish','PET',1),(934,60,'Distrito Nacional','DN',1),(935,60,'Azua','AZ',1),(936,60,'Baoruco','BC',1),(937,60,'Barahona','BH',1),(938,60,'Dajabon','DJ',1),(939,60,'Duarte','DU',1),(940,60,'Elias Pina','EL',1),(941,60,'El Seybo','SY',1),(942,60,'Espaillat','ET',1),(943,60,'Hato Mayor','HM',1),(944,60,'Independencia','IN',1),(945,60,'La Altagracia','AL',1),(946,60,'La Romana','RO',1),(947,60,'La Vega','VE',1),(948,60,'Maria Trinidad Sanchez','MT',1),(949,60,'Monsenor Nouel','MN',1),(950,60,'Monte Cristi','MC',1),(951,60,'Monte Plata','MP',1),(952,60,'Pedernales','PD',1),(953,60,'Peravia (Bani)','PR',1),(954,60,'Puerto Plata','PP',1),(955,60,'Salcedo','SL',1),(956,60,'Samana','SM',1),(957,60,'Sanchez Ramirez','SH',1),(958,60,'San Cristobal','SC',1),(959,60,'San Jose de Ocoa','JO',1),(960,60,'San Juan','SJ',1),(961,60,'San Pedro de Macoris','PM',1),(962,60,'Santiago','SA',1),(963,60,'Santiago Rodriguez','ST',1),(964,60,'Santo Domingo','SD',1),(965,60,'Valverde','VA',1),(966,61,'Aileu','AL',1),(967,61,'Ainaro','AN',1),(968,61,'Baucau','BA',1),(969,61,'Bobonaro','BO',1),(970,61,'Cova Lima','CO',1),(971,61,'Dili','DI',1),(972,61,'Ermera','ER',1),(973,61,'Lautem','LA',1),(974,61,'Liquica','LI',1),(975,61,'Manatuto','MT',1),(976,61,'Manufahi','MF',1),(977,61,'Oecussi','OE',1),(978,61,'Viqueque','VI',1),(979,62,'Azuay','AZU',1),(980,62,'Bolivar','BOL',1),(981,62,'Ca&ntilde;ar','CAN',1),(982,62,'Carchi','CAR',1),(983,62,'Chimborazo','CHI',1),(984,62,'Cotopaxi','COT',1),(985,62,'El Oro','EOR',1),(986,62,'Esmeraldas','ESM',1),(987,62,'Gal&aacute;pagos','GPS',1),(988,62,'Guayas','GUA',1),(989,62,'Imbabura','IMB',1),(990,62,'Loja','LOJ',1),(991,62,'Los Rios','LRO',1),(992,62,'Manab&iacute;','MAN',1),(993,62,'Morona Santiago','MSA',1),(994,62,'Napo','NAP',1),(995,62,'Orellana','ORE',1),(996,62,'Pastaza','PAS',1),(997,62,'Pichincha','PIC',1),(998,62,'Sucumb&iacute;os','SUC',1),(999,62,'Tungurahua','TUN',1),(1000,62,'Zamora Chinchipe','ZCH',1),(1001,63,'Ad Daqahliyah','DHY',1),(1002,63,'Al Bahr al Ahmar','BAM',1),(1003,63,'Al Buhayrah','BHY',1),(1004,63,'Al Fayyum','FYM',1),(1005,63,'Al Gharbiyah','GBY',1),(1006,63,'Al Iskandariyah','IDR',1),(1007,63,'Al Isma\'iliyah','IML',1),(1008,63,'Al Jizah','JZH',1),(1009,63,'Al Minufiyah','MFY',1),(1010,63,'Al Minya','MNY',1),(1011,63,'Al Qahirah','QHR',1),(1012,63,'Al Qalyubiyah','QLY',1),(1013,63,'Al Wadi al Jadid','WJD',1),(1014,63,'Ash Sharqiyah','SHQ',1),(1015,63,'As Suways','SWY',1),(1016,63,'Aswan','ASW',1),(1017,63,'Asyut','ASY',1),(1018,63,'Bani Suwayf','BSW',1),(1019,63,'Bur Sa\'id','BSD',1),(1020,63,'Dumyat','DMY',1),(1021,63,'Janub Sina\'','JNS',1),(1022,63,'Kafr ash Shaykh','KSH',1),(1023,63,'Matruh','MAT',1),(1024,63,'Qina','QIN',1),(1025,63,'Shamal Sina\'','SHS',1),(1026,63,'Suhaj','SUH',1),(1027,64,'Ahuachapan','AH',1),(1028,64,'Cabanas','CA',1),(1029,64,'Chalatenango','CH',1),(1030,64,'Cuscatlan','CU',1),(1031,64,'La Libertad','LB',1),(1032,64,'La Paz','PZ',1),(1033,64,'La Union','UN',1),(1034,64,'Morazan','MO',1),(1035,64,'San Miguel','SM',1),(1036,64,'San Salvador','SS',1),(1037,64,'San Vicente','SV',1),(1038,64,'Santa Ana','SA',1),(1039,64,'Sonsonate','SO',1),(1040,64,'Usulutan','US',1),(1041,65,'Provincia Annobon','AN',1),(1042,65,'Provincia Bioko Norte','BN',1),(1043,65,'Provincia Bioko Sur','BS',1),(1044,65,'Provincia Centro Sur','CS',1),(1045,65,'Provincia Kie-Ntem','KN',1),(1046,65,'Provincia Litoral','LI',1),(1047,65,'Provincia Wele-Nzas','WN',1),(1048,66,'Central (Maekel)','MA',1),(1049,66,'Anseba (Keren)','KE',1),(1050,66,'Southern Red Sea (Debub-Keih-Bahri)','DK',1),(1051,66,'Northern Red Sea (Semien-Keih-Bahri)','SK',1),(1052,66,'Southern (Debub)','DE',1),(1053,66,'Gash-Barka (Barentu)','BR',1),(1054,67,'Harjumaa (Tallinn)','HA',1),(1055,67,'Hiiumaa (Kardla)','HI',1),(1056,67,'Ida-Virumaa (Johvi)','IV',1),(1057,67,'Jarvamaa (Paide)','JA',1),(1058,67,'Jogevamaa (Jogeva)','JO',1),(1059,67,'Laane-Virumaa (Rakvere)','LV',1),(1060,67,'Laanemaa (Haapsalu)','LA',1),(1061,67,'Parnumaa (Parnu)','PA',1),(1062,67,'Polvamaa (Polva)','PO',1),(1063,67,'Raplamaa (Rapla)','RA',1),(1064,67,'Saaremaa (Kuessaare)','SA',1),(1065,67,'Tartumaa (Tartu)','TA',1),(1066,67,'Valgamaa (Valga)','VA',1),(1067,67,'Viljandimaa (Viljandi)','VI',1),(1068,67,'Vorumaa (Voru)','VO',1),(1069,68,'Afar','AF',1),(1070,68,'Amhara','AH',1),(1071,68,'Benishangul-Gumaz','BG',1),(1072,68,'Gambela','GB',1),(1073,68,'Hariai','HR',1),(1074,68,'Oromia','OR',1),(1075,68,'Somali','SM',1),(1076,68,'Southern Nations - Nationalities and Peoples Region','SN',1),(1077,68,'Tigray','TG',1),(1078,68,'Addis Ababa','AA',1),(1079,68,'Dire Dawa','DD',1),(1080,71,'Central Division','C',1),(1081,71,'Northern Division','N',1),(1082,71,'Eastern Division','E',1),(1083,71,'Western Division','W',1),(1084,71,'Rotuma','R',1),(1085,72,'Ahvenanmaan Laani','AL',1),(1086,72,'Etela-Suomen Laani','ES',1),(1087,72,'Ita-Suomen Laani','IS',1),(1088,72,'Lansi-Suomen Laani','LS',1),(1089,72,'Lapin Lanani','LA',1),(1090,72,'Oulun Laani','OU',1),(1091,73,'Alsace','AL',1),(1092,73,'Aquitaine','AQ',1),(1093,73,'Auvergne','AU',1),(1094,73,'Brittany','BR',1),(1095,73,'Burgundy','BU',1),(1096,73,'Center Loire Valley','CE',1),(1097,73,'Champagne','CH',1),(1098,73,'Corse','CO',1),(1099,73,'France Comte','FR',1),(1100,73,'Languedoc Roussillon','LA',1),(1101,73,'Limousin','LI',1),(1102,73,'Lorraine','LO',1),(1103,73,'Midi Pyrenees','MI',1),(1104,73,'Nord Pas de Calais','NO',1),(1105,73,'Normandy','NR',1),(1106,73,'Paris / Ill de France','PA',1),(1107,73,'Picardie','PI',1),(1108,73,'Poitou Charente','PO',1),(1109,73,'Provence','PR',1),(1110,73,'Rhone Alps','RH',1),(1111,73,'Riviera','RI',1),(1112,73,'Western Loire Valley','WE',1),(1113,74,'Etranger','Et',1),(1114,74,'Ain','01',1),(1115,74,'Aisne','02',1),(1116,74,'Allier','03',1),(1117,74,'Alpes de Haute Provence','04',1),(1118,74,'Hautes-Alpes','05',1),(1119,74,'Alpes Maritimes','06',1),(1120,74,'Ard&egrave;che','07',1),(1121,74,'Ardennes','08',1),(1122,74,'Ari&egrave;ge','09',1),(1123,74,'Aube','10',1),(1124,74,'Aude','11',1),(1125,74,'Aveyron','12',1),(1126,74,'Bouches du Rh&ocirc;ne','13',1),(1127,74,'Calvados','14',1),(1128,74,'Cantal','15',1),(1129,74,'Charente','16',1),(1130,74,'Charente Maritime','17',1),(1131,74,'Cher','18',1),(1132,74,'Corr&egrave;ze','19',1),(1133,74,'Corse du Sud','2A',1),(1134,74,'Haute Corse','2B',1),(1135,74,'C&ocirc;te d&#039;or','21',1),(1136,74,'C&ocirc;tes d&#039;Armor','22',1),(1137,74,'Creuse','23',1),(1138,74,'Dordogne','24',1),(1139,74,'Doubs','25',1),(1140,74,'Dr&ocirc;me','26',1),(1141,74,'Eure','27',1),(1142,74,'Eure et Loir','28',1),(1143,74,'Finist&egrave;re','29',1),(1144,74,'Gard','30',1),(1145,74,'Haute Garonne','31',1),(1146,74,'Gers','32',1),(1147,74,'Gironde','33',1),(1148,74,'H&eacute;rault','34',1),(1149,74,'Ille et Vilaine','35',1),(1150,74,'Indre','36',1),(1151,74,'Indre et Loire','37',1),(1152,74,'Is&eacute;re','38',1),(1153,74,'Jura','39',1),(1154,74,'Landes','40',1),(1155,74,'Loir et Cher','41',1),(1156,74,'Loire','42',1),(1157,74,'Haute Loire','43',1),(1158,74,'Loire Atlantique','44',1),(1159,74,'Loiret','45',1),(1160,74,'Lot','46',1),(1161,74,'Lot et Garonne','47',1),(1162,74,'Loz&egrave;re','48',1),(1163,74,'Maine et Loire','49',1),(1164,74,'Manche','50',1),(1165,74,'Marne','51',1),(1166,74,'Haute Marne','52',1),(1167,74,'Mayenne','53',1),(1168,74,'Meurthe et Moselle','54',1),(1169,74,'Meuse','55',1),(1170,74,'Morbihan','56',1),(1171,74,'Moselle','57',1),(1172,74,'Ni&egrave;vre','58',1),(1173,74,'Nord','59',1),(1174,74,'Oise','60',1),(1175,74,'Orne','61',1),(1176,74,'Pas de Calais','62',1),(1177,74,'Puy de D&ocirc;me','63',1),(1178,74,'Pyr&eacute;n&eacute;es Atlantiques','64',1),(1179,74,'Hautes Pyr&eacute;n&eacute;es','65',1),(1180,74,'Pyr&eacute;n&eacute;es Orientales','66',1),(1181,74,'Bas Rhin','67',1),(1182,74,'Haut Rhin','68',1),(1183,74,'Rh&ocirc;ne','69',1),(1184,74,'Haute Sa&ocirc;ne','70',1),(1185,74,'Sa&ocirc;ne et Loire','71',1),(1186,74,'Sarthe','72',1),(1187,74,'Savoie','73',1),(1188,74,'Haute Savoie','74',1),(1189,74,'Paris','75',1),(1190,74,'Seine Maritime','76',1),(1191,74,'Seine et Marne','77',1),(1192,74,'Yvelines','78',1),(1193,74,'Deux S&egrave;vres','79',1),(1194,74,'Somme','80',1),(1195,74,'Tarn','81',1),(1196,74,'Tarn et Garonne','82',1),(1197,74,'Var','83',1),(1198,74,'Vaucluse','84',1),(1199,74,'Vend&eacute;e','85',1),(1200,74,'Vienne','86',1),(1201,74,'Haute Vienne','87',1),(1202,74,'Vosges','88',1),(1203,74,'Yonne','89',1),(1204,74,'Territoire de Belfort','90',1),(1205,74,'Essonne','91',1),(1206,74,'Hauts de Seine','92',1),(1207,74,'Seine St-Denis','93',1),(1208,74,'Val de Marne','94',1),(1209,74,'Val d\'Oise','95',1),(1210,76,'Archipel des Marquises','M',1),(1211,76,'Archipel des Tuamotu','T',1),(1212,76,'Archipel des Tubuai','I',1),(1213,76,'Iles du Vent','V',1),(1214,76,'Iles Sous-le-Vent','S',1),(1215,77,'Iles Crozet','C',1),(1216,77,'Iles Kerguelen','K',1),(1217,77,'Ile Amsterdam','A',1),(1218,77,'Ile Saint-Paul','P',1),(1219,77,'Adelie Land','D',1),(1220,78,'Estuaire','ES',1),(1221,78,'Haut-Ogooue','HO',1),(1222,78,'Moyen-Ogooue','MO',1),(1223,78,'Ngounie','NG',1),(1224,78,'Nyanga','NY',1),(1225,78,'Ogooue-Ivindo','OI',1),(1226,78,'Ogooue-Lolo','OL',1),(1227,78,'Ogooue-Maritime','OM',1),(1228,78,'Woleu-Ntem','WN',1),(1229,79,'Banjul','BJ',1),(1230,79,'Basse','BS',1),(1231,79,'Brikama','BR',1),(1232,79,'Janjangbure','JA',1),(1233,79,'Kanifeng','KA',1),(1234,79,'Kerewan','KE',1),(1235,79,'Kuntaur','KU',1),(1236,79,'Mansakonko','MA',1),(1237,79,'Lower River','LR',1),(1238,79,'Central River','CR',1),(1239,79,'North Bank','NB',1),(1240,79,'Upper River','UR',1),(1241,79,'Western','WE',1),(1242,80,'Abkhazia','AB',1),(1243,80,'Ajaria','AJ',1),(1244,80,'Tbilisi','TB',1),(1245,80,'Guria','GU',1),(1246,80,'Imereti','IM',1),(1247,80,'Kakheti','KA',1),(1248,80,'Kvemo Kartli','KK',1),(1249,80,'Mtskheta-Mtianeti','MM',1),(1250,80,'Racha Lechkhumi and Kvemo Svanet','RL',1),(1251,80,'Samegrelo-Zemo Svaneti','SZ',1),(1252,80,'Samtskhe-Javakheti','SJ',1),(1253,80,'Shida Kartli','SK',1),(1254,81,'Baden-W&uuml;rttemberg','BAW',1),(1255,81,'Bayern','BAY',1),(1256,81,'Berlin','BER',1),(1257,81,'Brandenburg','BRG',1),(1258,81,'Bremen','BRE',1),(1259,81,'Hamburg','HAM',1),(1260,81,'Hessen','HES',1),(1261,81,'Mecklenburg-Vorpommern','MEC',1),(1262,81,'Niedersachsen','NDS',1),(1263,81,'Nordrhein-Westfalen','NRW',1),(1264,81,'Rheinland-Pfalz','RHE',1),(1265,81,'Saarland','SAR',1),(1266,81,'Sachsen','SAS',1),(1267,81,'Sachsen-Anhalt','SAC',1),(1268,81,'Schleswig-Holstein','SCN',1),(1269,81,'Th&uuml;ringen','THE',1),(1270,82,'Ashanti Region','AS',1),(1271,82,'Brong-Ahafo Region','BA',1),(1272,82,'Central Region','CE',1),(1273,82,'Eastern Region','EA',1),(1274,82,'Greater Accra Region','GA',1),(1275,82,'Northern Region','NO',1),(1276,82,'Upper East Region','UE',1),(1277,82,'Upper West Region','UW',1),(1278,82,'Volta Region','VO',1),(1279,82,'Western Region','WE',1),(1280,84,'Attica','AT',1),(1281,84,'Central Greece','CN',1),(1282,84,'Central Macedonia','CM',1),(1283,84,'Crete','CR',1),(1284,84,'East Macedonia and Thrace','EM',1),(1285,84,'Epirus','EP',1),(1286,84,'Ionian Islands','II',1),(1287,84,'North Aegean','NA',1),(1288,84,'Peloponnesos','PP',1),(1289,84,'South Aegean','SA',1),(1290,84,'Thessaly','TH',1),(1291,84,'West Greece','WG',1),(1292,84,'West Macedonia','WM',1),(1293,85,'Avannaa','A',1),(1294,85,'Tunu','T',1),(1295,85,'Kitaa','K',1),(1296,86,'Saint Andrew','A',1),(1297,86,'Saint David','D',1),(1298,86,'Saint George','G',1),(1299,86,'Saint John','J',1),(1300,86,'Saint Mark','M',1),(1301,86,'Saint Patrick','P',1),(1302,86,'Carriacou','C',1),(1303,86,'Petit Martinique','Q',1),(1304,89,'Alta Verapaz','AV',1),(1305,89,'Baja Verapaz','BV',1),(1306,89,'Chimaltenango','CM',1),(1307,89,'Chiquimula','CQ',1),(1308,89,'El Peten','PE',1),(1309,89,'El Progreso','PR',1),(1310,89,'El Quiche','QC',1),(1311,89,'Escuintla','ES',1),(1312,89,'Guatemala','GU',1),(1313,89,'Huehuetenango','HU',1),(1314,89,'Izabal','IZ',1),(1315,89,'Jalapa','JA',1),(1316,89,'Jutiapa','JU',1),(1317,89,'Quetzaltenango','QZ',1),(1318,89,'Retalhuleu','RE',1),(1319,89,'Sacatepequez','ST',1),(1320,89,'San Marcos','SM',1),(1321,89,'Santa Rosa','SR',1),(1322,89,'Solola','SO',1),(1323,89,'Suchitepequez','SU',1),(1324,89,'Totonicapan','TO',1),(1325,89,'Zacapa','ZA',1),(1326,90,'Conakry','CNK',1),(1327,90,'Beyla','BYL',1),(1328,90,'Boffa','BFA',1),(1329,90,'Boke','BOK',1),(1330,90,'Coyah','COY',1),(1331,90,'Dabola','DBL',1),(1332,90,'Dalaba','DLB',1),(1333,90,'Dinguiraye','DGR',1),(1334,90,'Dubreka','DBR',1),(1335,90,'Faranah','FRN',1),(1336,90,'Forecariah','FRC',1),(1337,90,'Fria','FRI',1),(1338,90,'Gaoual','GAO',1),(1339,90,'Gueckedou','GCD',1),(1340,90,'Kankan','KNK',1),(1341,90,'Kerouane','KRN',1),(1342,90,'Kindia','KND',1),(1343,90,'Kissidougou','KSD',1),(1344,90,'Koubia','KBA',1),(1345,90,'Koundara','KDA',1),(1346,90,'Kouroussa','KRA',1),(1347,90,'Labe','LAB',1),(1348,90,'Lelouma','LLM',1),(1349,90,'Lola','LOL',1),(1350,90,'Macenta','MCT',1),(1351,90,'Mali','MAL',1),(1352,90,'Mamou','MAM',1),(1353,90,'Mandiana','MAN',1),(1354,90,'Nzerekore','NZR',1),(1355,90,'Pita','PIT',1),(1356,90,'Siguiri','SIG',1),(1357,90,'Telimele','TLM',1),(1358,90,'Tougue','TOG',1),(1359,90,'Yomou','YOM',1),(1360,91,'Bafata Region','BF',1),(1361,91,'Biombo Region','BB',1),(1362,91,'Bissau Region','BS',1),(1363,91,'Bolama Region','BL',1),(1364,91,'Cacheu Region','CA',1),(1365,91,'Gabu Region','GA',1),(1366,91,'Oio Region','OI',1),(1367,91,'Quinara Region','QU',1),(1368,91,'Tombali Region','TO',1),(1369,92,'Barima-Waini','BW',1),(1370,92,'Cuyuni-Mazaruni','CM',1),(1371,92,'Demerara-Mahaica','DM',1),(1372,92,'East Berbice-Corentyne','EC',1),(1373,92,'Essequibo Islands-West Demerara','EW',1),(1374,92,'Mahaica-Berbice','MB',1),(1375,92,'Pomeroon-Supenaam','PM',1),(1376,92,'Potaro-Siparuni','PI',1),(1377,92,'Upper Demerara-Berbice','UD',1),(1378,92,'Upper Takutu-Upper Essequibo','UT',1),(1379,93,'Artibonite','AR',1),(1380,93,'Centre','CE',1),(1381,93,'Grand\'Anse','GA',1),(1382,93,'Nord','ND',1),(1383,93,'Nord-Est','NE',1),(1384,93,'Nord-Ouest','NO',1),(1385,93,'Ouest','OU',1),(1386,93,'Sud','SD',1),(1387,93,'Sud-Est','SE',1),(1388,94,'Flat Island','F',1),(1389,94,'McDonald Island','M',1),(1390,94,'Shag Island','S',1),(1391,94,'Heard Island','H',1),(1392,95,'Atlantida','AT',1),(1393,95,'Choluteca','CH',1),(1394,95,'Colon','CL',1),(1395,95,'Comayagua','CM',1),(1396,95,'Copan','CP',1),(1397,95,'Cortes','CR',1),(1398,95,'El Paraiso','PA',1),(1399,95,'Francisco Morazan','FM',1),(1400,95,'Gracias a Dios','GD',1),(1401,95,'Intibuca','IN',1),(1402,95,'Islas de la Bahia (Bay Islands)','IB',1),(1403,95,'La Paz','PZ',1),(1404,95,'Lempira','LE',1),(1405,95,'Ocotepeque','OC',1),(1406,95,'Olancho','OL',1),(1407,95,'Santa Barbara','SB',1),(1408,95,'Valle','VA',1),(1409,95,'Yoro','YO',1),(1410,96,'Central and Western Hong Kong Island','HCW',1),(1411,96,'Eastern Hong Kong Island','HEA',1),(1412,96,'Southern Hong Kong Island','HSO',1),(1413,96,'Wan Chai Hong Kong Island','HWC',1),(1414,96,'Kowloon City Kowloon','KKC',1),(1415,96,'Kwun Tong Kowloon','KKT',1),(1416,96,'Sham Shui Po Kowloon','KSS',1),(1417,96,'Wong Tai Sin Kowloon','KWT',1),(1418,96,'Yau Tsim Mong Kowloon','KYT',1),(1419,96,'Islands New Territories','NIS',1),(1420,96,'Kwai Tsing New Territories','NKT',1),(1421,96,'North New Territories','NNO',1),(1422,96,'Sai Kung New Territories','NSK',1),(1423,96,'Sha Tin New Territories','NST',1),(1424,96,'Tai Po New Territories','NTP',1),(1425,96,'Tsuen Wan New Territories','NTW',1),(1426,96,'Tuen Mun New Territories','NTM',1),(1427,96,'Yuen Long New Territories','NYL',1),(1428,97,'Bacs-Kiskun','BK',1),(1429,97,'Baranya','BA',1),(1430,97,'Bekes','BE',1),(1431,97,'Bekescsaba','BS',1),(1432,97,'Borsod-Abauj-Zemplen','BZ',1),(1433,97,'Budapest','BU',1),(1434,97,'Csongrad','CS',1),(1435,97,'Debrecen','DE',1),(1436,97,'Dunaujvaros','DU',1),(1437,97,'Eger','EG',1),(1438,97,'Fejer','FE',1),(1439,97,'Gyor','GY',1),(1440,97,'Gyor-Moson-Sopron','GM',1),(1441,97,'Hajdu-Bihar','HB',1),(1442,97,'Heves','HE',1),(1443,97,'Hodmezovasarhely','HO',1),(1444,97,'Jasz-Nagykun-Szolnok','JN',1),(1445,97,'Kaposvar','KA',1),(1446,97,'Kecskemet','KE',1),(1447,97,'Komarom-Esztergom','KO',1),(1448,97,'Miskolc','MI',1),(1449,97,'Nagykanizsa','NA',1),(1450,97,'Nograd','NO',1),(1451,97,'Nyiregyhaza','NY',1),(1452,97,'Pecs','PE',1),(1453,97,'Pest','PS',1),(1454,97,'Somogy','SO',1),(1455,97,'Sopron','SP',1),(1456,97,'Szabolcs-Szatmar-Bereg','SS',1),(1457,97,'Szeged','SZ',1),(1458,97,'Szekesfehervar','SE',1),(1459,97,'Szolnok','SL',1),(1460,97,'Szombathely','SM',1),(1461,97,'Tatabanya','TA',1),(1462,97,'Tolna','TO',1),(1463,97,'Vas','VA',1),(1464,97,'Veszprem','VE',1),(1465,97,'Zala','ZA',1),(1466,97,'Zalaegerszeg','ZZ',1),(1467,98,'Austurland','AL',1),(1468,98,'Hofuoborgarsvaeoi','HF',1),(1469,98,'Norourland eystra','NE',1),(1470,98,'Norourland vestra','NV',1),(1471,98,'Suourland','SL',1),(1472,98,'Suournes','SN',1),(1473,98,'Vestfiroir','VF',1),(1474,98,'Vesturland','VL',1),(1475,99,'Andaman and Nicobar Islands','AN',1),(1476,99,'Andhra Pradesh','AP',1),(1477,99,'Arunachal Pradesh','AR',1),(1478,99,'Assam','AS',1),(1479,99,'Bihar','BI',1),(1480,99,'Chandigarh','CH',1),(1481,99,'Dadra and Nagar Haveli','DA',1),(1482,99,'Daman and Diu','DM',1),(1483,99,'Delhi','DE',1),(1484,99,'Goa','GO',1),(1485,99,'Gujarat','GU',1),(1486,99,'Haryana','HA',1),(1487,99,'Himachal Pradesh','HP',1),(1488,99,'Jammu and Kashmir','JA',1),(1489,99,'Karnataka','KA',1),(1490,99,'Kerala','KE',1),(1491,99,'Lakshadweep Islands','LI',1),(1492,99,'Madhya Pradesh','MP',1),(1493,99,'Maharashtra','MA',1),(1494,99,'Manipur','MN',1),(1495,99,'Meghalaya','ME',1),(1496,99,'Mizoram','MI',1),(1497,99,'Nagaland','NA',1),(1498,99,'Orissa','OR',1),(1499,99,'Pondicherry','PO',1),(1500,99,'Punjab','PU',1),(1501,99,'Rajasthan','RA',1),(1502,99,'Sikkim','SI',1),(1503,99,'Tamil Nadu','TN',1),(1504,99,'Tripura','TR',1),(1505,99,'Uttar Pradesh','UP',1),(1506,99,'West Bengal','WB',1),(1507,100,'Aceh','AC',1),(1508,100,'Bali','BA',1),(1509,100,'Banten','BT',1),(1510,100,'Bengkulu','BE',1),(1511,100,'BoDeTaBek','BD',1),(1512,100,'Gorontalo','GO',1),(1513,100,'Jakarta Raya','JK',1),(1514,100,'Jambi','JA',1),(1515,100,'Jawa Barat','JB',1),(1516,100,'Jawa Tengah','JT',1),(1517,100,'Jawa Timur','JI',1),(1518,100,'Kalimantan Barat','KB',1),(1519,100,'Kalimantan Selatan','KS',1),(1520,100,'Kalimantan Tengah','KT',1),(1521,100,'Kalimantan Timur','KI',1),(1522,100,'Kepulauan Bangka Belitung','BB',1),(1523,100,'Lampung','LA',1),(1524,100,'Maluku','MA',1),(1525,100,'Maluku Utara','MU',1),(1526,100,'Nusa Tenggara Barat','NB',1),(1527,100,'Nusa Tenggara Timur','NT',1),(1528,100,'Papua','PA',1),(1529,100,'Riau','RI',1),(1530,100,'Sulawesi Selatan','SN',1),(1531,100,'Sulawesi Tengah','ST',1),(1532,100,'Sulawesi Tenggara','SG',1),(1533,100,'Sulawesi Utara','SA',1),(1534,100,'Sumatera Barat','SB',1),(1535,100,'Sumatera Selatan','SS',1),(1536,100,'Sumatera Utara','SU',1),(1537,100,'Yogyakarta','YO',1),(1538,101,'Tehran','TEH',1),(1539,101,'Qom','QOM',1),(1540,101,'Markazi','MKZ',1),(1541,101,'Qazvin','QAZ',1),(1542,101,'Gilan','GIL',1),(1543,101,'Ardabil','ARD',1),(1544,101,'Zanjan','ZAN',1),(1545,101,'East Azarbaijan','EAZ',1),(1546,101,'West Azarbaijan','WEZ',1),(1547,101,'Kurdistan','KRD',1),(1548,101,'Hamadan','HMD',1),(1549,101,'Kermanshah','KRM',1),(1550,101,'Ilam','ILM',1),(1551,101,'Lorestan','LRS',1),(1552,101,'Khuzestan','KZT',1),(1553,101,'Chahar Mahaal and Bakhtiari','CMB',1),(1554,101,'Kohkiluyeh and Buyer Ahmad','KBA',1),(1555,101,'Bushehr','BSH',1),(1556,101,'Fars','FAR',1),(1557,101,'Hormozgan','HRM',1),(1558,101,'Sistan and Baluchistan','SBL',1),(1559,101,'Kerman','KRB',1),(1560,101,'Yazd','YZD',1),(1561,101,'Esfahan','EFH',1),(1562,101,'Semnan','SMN',1),(1563,101,'Mazandaran','MZD',1),(1564,101,'Golestan','GLS',1),(1565,101,'North Khorasan','NKH',1),(1566,101,'Razavi Khorasan','RKH',1),(1567,101,'South Khorasan','SKH',1),(1568,102,'Baghdad','BD',1),(1569,102,'Salah ad Din','SD',1),(1570,102,'Diyala','DY',1),(1571,102,'Wasit','WS',1),(1572,102,'Maysan','MY',1),(1573,102,'Al Basrah','BA',1),(1574,102,'Dhi Qar','DQ',1),(1575,102,'Al Muthanna','MU',1),(1576,102,'Al Qadisyah','QA',1),(1577,102,'Babil','BB',1),(1578,102,'Al Karbala','KB',1),(1579,102,'An Najaf','NJ',1),(1580,102,'Al Anbar','AB',1),(1581,102,'Ninawa','NN',1),(1582,102,'Dahuk','DH',1),(1583,102,'Arbil','AL',1),(1584,102,'At Ta\'mim','TM',1),(1585,102,'As Sulaymaniyah','SL',1),(1586,103,'Carlow','CA',1),(1587,103,'Cavan','CV',1),(1588,103,'Clare','CL',1),(1589,103,'Cork','CO',1),(1590,103,'Donegal','DO',1),(1591,103,'Dublin','DU',1),(1592,103,'Galway','GA',1),(1593,103,'Kerry','KE',1),(1594,103,'Kildare','KI',1),(1595,103,'Kilkenny','KL',1),(1596,103,'Laois','LA',1),(1597,103,'Leitrim','LE',1),(1598,103,'Limerick','LI',1),(1599,103,'Longford','LO',1),(1600,103,'Louth','LU',1),(1601,103,'Mayo','MA',1),(1602,103,'Meath','ME',1),(1603,103,'Monaghan','MO',1),(1604,103,'Offaly','OF',1),(1605,103,'Roscommon','RO',1),(1606,103,'Sligo','SL',1),(1607,103,'Tipperary','TI',1),(1608,103,'Waterford','WA',1),(1609,103,'Westmeath','WE',1),(1610,103,'Wexford','WX',1),(1611,103,'Wicklow','WI',1),(1612,104,'Be\'er Sheva','BS',1),(1613,104,'Bika\'at Hayarden','BH',1),(1614,104,'Eilat and Arava','EA',1),(1615,104,'Galil','GA',1),(1616,104,'Haifa','HA',1),(1617,104,'Jehuda Mountains','JM',1),(1618,104,'Jerusalem','JE',1),(1619,104,'Negev','NE',1),(1620,104,'Semaria','SE',1),(1621,104,'Sharon','SH',1),(1622,104,'Tel Aviv (Gosh Dan)','TA',1),(3860,105,'Caltanissetta','CL',1),(3842,105,'Agrigento','AG',1),(3843,105,'Alessandria','AL',1),(3844,105,'Ancona','AN',1),(3845,105,'Aosta','AO',1),(3846,105,'Arezzo','AR',1),(3847,105,'Ascoli Piceno','AP',1),(3848,105,'Asti','AT',1),(3849,105,'Avellino','AV',1),(3850,105,'Bari','BA',1),(3851,105,'Belluno','BL',1),(3852,105,'Benevento','BN',1),(3853,105,'Bergamo','BG',1),(3854,105,'Biella','BI',1),(3855,105,'Bologna','BO',1),(3856,105,'Bolzano','BZ',1),(3857,105,'Brescia','BS',1),(3858,105,'Brindisi','BR',1),(3859,105,'Cagliari','CA',1),(1643,106,'Clarendon Parish','CLA',1),(1644,106,'Hanover Parish','HAN',1),(1645,106,'Kingston Parish','KIN',1),(1646,106,'Manchester Parish','MAN',1),(1647,106,'Portland Parish','POR',1),(1648,106,'Saint Andrew Parish','AND',1),(1649,106,'Saint Ann Parish','ANN',1),(1650,106,'Saint Catherine Parish','CAT',1),(1651,106,'Saint Elizabeth Parish','ELI',1),(1652,106,'Saint James Parish','JAM',1),(1653,106,'Saint Mary Parish','MAR',1),(1654,106,'Saint Thomas Parish','THO',1),(1655,106,'Trelawny Parish','TRL',1),(1656,106,'Westmoreland Parish','WML',1),(1657,107,'Aichi','AI',1),(1658,107,'Akita','AK',1),(1659,107,'Aomori','AO',1),(1660,107,'Chiba','CH',1),(1661,107,'Ehime','EH',1),(1662,107,'Fukui','FK',1),(1663,107,'Fukuoka','FU',1),(1664,107,'Fukushima','FS',1),(1665,107,'Gifu','GI',1),(1666,107,'Gumma','GU',1),(1667,107,'Hiroshima','HI',1),(1668,107,'Hokkaido','HO',1),(1669,107,'Hyogo','HY',1),(1670,107,'Ibaraki','IB',1),(1671,107,'Ishikawa','IS',1),(1672,107,'Iwate','IW',1),(1673,107,'Kagawa','KA',1),(1674,107,'Kagoshima','KG',1),(1675,107,'Kanagawa','KN',1),(1676,107,'Kochi','KO',1),(1677,107,'Kumamoto','KU',1),(1678,107,'Kyoto','KY',1),(1679,107,'Mie','MI',1),(1680,107,'Miyagi','MY',1),(1681,107,'Miyazaki','MZ',1),(1682,107,'Nagano','NA',1),(1683,107,'Nagasaki','NG',1),(1684,107,'Nara','NR',1),(1685,107,'Niigata','NI',1),(1686,107,'Oita','OI',1),(1687,107,'Okayama','OK',1),(1688,107,'Okinawa','ON',1),(1689,107,'Osaka','OS',1),(1690,107,'Saga','SA',1),(1691,107,'Saitama','SI',1),(1692,107,'Shiga','SH',1),(1693,107,'Shimane','SM',1),(1694,107,'Shizuoka','SZ',1),(1695,107,'Tochigi','TO',1),(1696,107,'Tokushima','TS',1),(1697,107,'Tokyo','TK',1),(1698,107,'Tottori','TT',1),(1699,107,'Toyama','TY',1),(1700,107,'Wakayama','WA',1),(1701,107,'Yamagata','YA',1),(1702,107,'Yamaguchi','YM',1),(1703,107,'Yamanashi','YN',1),(1704,108,'\'Amman','AM',1),(1705,108,'Ajlun','AJ',1),(1706,108,'Al \'Aqabah','AA',1),(1707,108,'Al Balqa\'','AB',1),(1708,108,'Al Karak','AK',1),(1709,108,'Al Mafraq','AL',1),(1710,108,'At Tafilah','AT',1),(1711,108,'Az Zarqa\'','AZ',1),(1712,108,'Irbid','IR',1),(1713,108,'Jarash','JA',1),(1714,108,'Ma\'an','MA',1),(1715,108,'Madaba','MD',1),(1716,109,'Almaty','AL',1),(1717,109,'Almaty City','AC',1),(1718,109,'Aqmola','AM',1),(1719,109,'Aqtobe','AQ',1),(1720,109,'Astana City','AS',1),(1721,109,'Atyrau','AT',1),(1722,109,'Batys Qazaqstan','BA',1),(1723,109,'Bayqongyr City','BY',1),(1724,109,'Mangghystau','MA',1),(1725,109,'Ongtustik Qazaqstan','ON',1),(1726,109,'Pavlodar','PA',1),(1727,109,'Qaraghandy','QA',1),(1728,109,'Qostanay','QO',1),(1729,109,'Qyzylorda','QY',1),(1730,109,'Shyghys Qazaqstan','SH',1),(1731,109,'Soltustik Qazaqstan','SO',1),(1732,109,'Zhambyl','ZH',1),(1733,110,'Central','CE',1),(1734,110,'Coast','CO',1),(1735,110,'Eastern','EA',1),(1736,110,'Nairobi Area','NA',1),(1737,110,'North Eastern','NE',1),(1738,110,'Nyanza','NY',1),(1739,110,'Rift Valley','RV',1),(1740,110,'Western','WE',1),(1741,111,'Abaiang','AG',1),(1742,111,'Abemama','AM',1),(1743,111,'Aranuka','AK',1),(1744,111,'Arorae','AO',1),(1745,111,'Banaba','BA',1),(1746,111,'Beru','BE',1),(1747,111,'Butaritari','bT',1),(1748,111,'Kanton','KA',1),(1749,111,'Kiritimati','KR',1),(1750,111,'Kuria','KU',1),(1751,111,'Maiana','MI',1),(1752,111,'Makin','MN',1),(1753,111,'Marakei','ME',1),(1754,111,'Nikunau','NI',1),(1755,111,'Nonouti','NO',1),(1756,111,'Onotoa','ON',1),(1757,111,'Tabiteuea','TT',1),(1758,111,'Tabuaeran','TR',1),(1759,111,'Tamana','TM',1),(1760,111,'Tarawa','TW',1),(1761,111,'Teraina','TE',1),(1762,112,'Chagang-do','CHA',1),(1763,112,'Hamgyong-bukto','HAB',1),(1764,112,'Hamgyong-namdo','HAN',1),(1765,112,'Hwanghae-bukto','HWB',1),(1766,112,'Hwanghae-namdo','HWN',1),(1767,112,'Kangwon-do','KAN',1),(1768,112,'P\'yongan-bukto','PYB',1),(1769,112,'P\'yongan-namdo','PYN',1),(1770,112,'Ryanggang-do (Yanggang-do)','YAN',1),(1771,112,'Rason Directly Governed City','NAJ',1),(1772,112,'P\'yongyang Special City','PYO',1),(1773,113,'Ch\'ungch\'ong-bukto','CO',1),(1774,113,'Ch\'ungch\'ong-namdo','CH',1),(1775,113,'Cheju-do','CD',1),(1776,113,'Cholla-bukto','CB',1),(1777,113,'Cholla-namdo','CN',1),(1778,113,'Inch\'on-gwangyoksi','IG',1),(1779,113,'Kangwon-do','KA',1),(1780,113,'Kwangju-gwangyoksi','KG',1),(1781,113,'Kyonggi-do','KD',1),(1782,113,'Kyongsang-bukto','KB',1),(1783,113,'Kyongsang-namdo','KN',1),(1784,113,'Pusan-gwangyoksi','PG',1),(1785,113,'Soul-t\'ukpyolsi','SO',1),(1786,113,'Taegu-gwangyoksi','TA',1),(1787,113,'Taejon-gwangyoksi','TG',1),(1788,114,'Al \'Asimah','AL',1),(1789,114,'Al Ahmadi','AA',1),(1790,114,'Al Farwaniyah','AF',1),(1791,114,'Al Jahra\'','AJ',1),(1792,114,'Hawalli','HA',1),(1793,115,'Bishkek','GB',1),(1794,115,'Batken','B',1),(1795,115,'Chu','C',1),(1796,115,'Jalal-Abad','J',1),(1797,115,'Naryn','N',1),(1798,115,'Osh','O',1),(1799,115,'Talas','T',1),(1800,115,'Ysyk-Kol','Y',1),(1801,116,'Vientiane','VT',1),(1802,116,'Attapu','AT',1),(1803,116,'Bokeo','BK',1),(1804,116,'Bolikhamxai','BL',1),(1805,116,'Champasak','CH',1),(1806,116,'Houaphan','HO',1),(1807,116,'Khammouan','KH',1),(1808,116,'Louang Namtha','LM',1),(1809,116,'Louangphabang','LP',1),(1810,116,'Oudomxai','OU',1),(1811,116,'Phongsali','PH',1),(1812,116,'Salavan','SL',1),(1813,116,'Savannakhet','SV',1),(1814,116,'Vientiane','VI',1),(1815,116,'Xaignabouli','XA',1),(1816,116,'Xekong','XE',1),(1817,116,'Xiangkhoang','XI',1),(1818,116,'Xaisomboun','XN',1),(1819,117,'Aizkraukles Rajons','AIZ',1),(1820,117,'Aluksnes Rajons','ALU',1),(1821,117,'Balvu Rajons','BAL',1),(1822,117,'Bauskas Rajons','BAU',1),(1823,117,'Cesu Rajons','CES',1),(1824,117,'Daugavpils Rajons','DGR',1),(1825,117,'Dobeles Rajons','DOB',1),(1826,117,'Gulbenes Rajons','GUL',1),(1827,117,'Jekabpils Rajons','JEK',1),(1828,117,'Jelgavas Rajons','JGR',1),(1829,117,'Kraslavas Rajons','KRA',1),(1830,117,'Kuldigas Rajons','KUL',1),(1831,117,'Liepajas Rajons','LPR',1),(1832,117,'Limbazu Rajons','LIM',1),(1833,117,'Ludzas Rajons','LUD',1),(1834,117,'Madonas Rajons','MAD',1),(1835,117,'Ogres Rajons','OGR',1),(1836,117,'Preilu Rajons','PRE',1),(1837,117,'Rezeknes Rajons','RZR',1),(1838,117,'Rigas Rajons','RGR',1),(1839,117,'Saldus Rajons','SAL',1),(1840,117,'Talsu Rajons','TAL',1),(1841,117,'Tukuma Rajons','TUK',1),(1842,117,'Valkas Rajons','VLK',1),(1843,117,'Valmieras Rajons','VLM',1),(1844,117,'Ventspils Rajons','VSR',1),(1845,117,'Daugavpils','DGV',1),(1846,117,'Jelgava','JGV',1),(1847,117,'Jurmala','JUR',1),(1848,117,'Liepaja','LPK',1),(1849,117,'Rezekne','RZK',1),(1850,117,'Riga','RGA',1),(1851,117,'Ventspils','VSL',1),(1852,119,'Berea','BE',1),(1853,119,'Butha-Buthe','BB',1),(1854,119,'Leribe','LE',1),(1855,119,'Mafeteng','MF',1),(1856,119,'Maseru','MS',1),(1857,119,'Mohale\'s Hoek','MH',1),(1858,119,'Mokhotlong','MK',1),(1859,119,'Qacha\'s Nek','QN',1),(1860,119,'Quthing','QT',1),(1861,119,'Thaba-Tseka','TT',1),(1862,120,'Bomi','BI',1),(1863,120,'Bong','BG',1),(1864,120,'Grand Bassa','GB',1),(1865,120,'Grand Cape Mount','CM',1),(1866,120,'Grand Gedeh','GG',1),(1867,120,'Grand Kru','GK',1),(1868,120,'Lofa','LO',1),(1869,120,'Margibi','MG',1),(1870,120,'Maryland','ML',1),(1871,120,'Montserrado','MS',1),(1872,120,'Nimba','NB',1),(1873,120,'River Cess','RC',1),(1874,120,'Sinoe','SN',1),(1875,121,'Ajdabiya','AJ',1),(1876,121,'Al \'Aziziyah','AZ',1),(1877,121,'Al Fatih','FA',1),(1878,121,'Al Jabal al Akhdar','JA',1),(1879,121,'Al Jufrah','JU',1),(1880,121,'Al Khums','KH',1),(1881,121,'Al Kufrah','KU',1),(1882,121,'An Nuqat al Khams','NK',1),(1883,121,'Ash Shati\'','AS',1),(1884,121,'Awbari','AW',1),(1885,121,'Az Zawiyah','ZA',1),(1886,121,'Banghazi','BA',1),(1887,121,'Darnah','DA',1),(1888,121,'Ghadamis','GD',1),(1889,121,'Gharyan','GY',1),(1890,121,'Misratah','MI',1),(1891,121,'Murzuq','MZ',1),(1892,121,'Sabha','SB',1),(1893,121,'Sawfajjin','SW',1),(1894,121,'Surt','SU',1),(1895,121,'Tarabulus (Tripoli)','TL',1),(1896,121,'Tarhunah','TH',1),(1897,121,'Tubruq','TU',1),(1898,121,'Yafran','YA',1),(1899,121,'Zlitan','ZL',1),(1900,122,'Vaduz','V',1),(1901,122,'Schaan','A',1),(1902,122,'Balzers','B',1),(1903,122,'Triesen','N',1),(1904,122,'Eschen','E',1),(1905,122,'Mauren','M',1),(1906,122,'Triesenberg','T',1),(1907,122,'Ruggell','R',1),(1908,122,'Gamprin','G',1),(1909,122,'Schellenberg','L',1),(1910,122,'Planken','P',1),(1911,123,'Alytus','AL',1),(1912,123,'Kaunas','KA',1),(1913,123,'Klaipeda','KL',1),(1914,123,'Marijampole','MA',1),(1915,123,'Panevezys','PA',1),(1916,123,'Siauliai','SI',1),(1917,123,'Taurage','TA',1),(1918,123,'Telsiai','TE',1),(1919,123,'Utena','UT',1),(1920,123,'Vilnius','VI',1),(1921,124,'Diekirch','DD',1),(1922,124,'Clervaux','DC',1),(1923,124,'Redange','DR',1),(1924,124,'Vianden','DV',1),(1925,124,'Wiltz','DW',1),(1926,124,'Grevenmacher','GG',1),(1927,124,'Echternach','GE',1),(1928,124,'Remich','GR',1),(1929,124,'Luxembourg','LL',1),(1930,124,'Capellen','LC',1),(1931,124,'Esch-sur-Alzette','LE',1),(1932,124,'Mersch','LM',1),(1933,125,'Our Lady Fatima Parish','OLF',1),(1934,125,'St. Anthony Parish','ANT',1),(1935,125,'St. Lazarus Parish','LAZ',1),(1936,125,'Cathedral Parish','CAT',1),(1937,125,'St. Lawrence Parish','LAW',1),(1938,127,'Antananarivo','AN',1),(1939,127,'Antsiranana','AS',1),(1940,127,'Fianarantsoa','FN',1),(1941,127,'Mahajanga','MJ',1),(1942,127,'Toamasina','TM',1),(1943,127,'Toliara','TL',1),(1944,128,'Balaka','BLK',1),(1945,128,'Blantyre','BLT',1),(1946,128,'Chikwawa','CKW',1),(1947,128,'Chiradzulu','CRD',1),(1948,128,'Chitipa','CTP',1),(1949,128,'Dedza','DDZ',1),(1950,128,'Dowa','DWA',1),(1951,128,'Karonga','KRG',1),(1952,128,'Kasungu','KSG',1),(1953,128,'Likoma','LKM',1),(1954,128,'Lilongwe','LLG',1),(1955,128,'Machinga','MCG',1),(1956,128,'Mangochi','MGC',1),(1957,128,'Mchinji','MCH',1),(1958,128,'Mulanje','MLJ',1),(1959,128,'Mwanza','MWZ',1),(1960,128,'Mzimba','MZM',1),(1961,128,'Ntcheu','NTU',1),(1962,128,'Nkhata Bay','NKB',1),(1963,128,'Nkhotakota','NKH',1),(1964,128,'Nsanje','NSJ',1),(1965,128,'Ntchisi','NTI',1),(1966,128,'Phalombe','PHL',1),(1967,128,'Rumphi','RMP',1),(1968,128,'Salima','SLM',1),(1969,128,'Thyolo','THY',1),(1970,128,'Zomba','ZBA',1),(1971,129,'Johor','JO',1),(1972,129,'Kedah','KE',1),(1973,129,'Kelantan','KL',1),(1974,129,'Labuan','LA',1),(1975,129,'Melaka','ME',1),(1976,129,'Negeri Sembilan','NS',1),(1977,129,'Pahang','PA',1),(1978,129,'Perak','PE',1),(1979,129,'Perlis','PR',1),(1980,129,'Pulau Pinang','PP',1),(1981,129,'Sabah','SA',1),(1982,129,'Sarawak','SR',1),(1983,129,'Selangor','SE',1),(1984,129,'Terengganu','TE',1),(1985,129,'Wilayah Persekutuan','WP',1),(1986,130,'Thiladhunmathi Uthuru','THU',1),(1987,130,'Thiladhunmathi Dhekunu','THD',1),(1988,130,'Miladhunmadulu Uthuru','MLU',1),(1989,130,'Miladhunmadulu Dhekunu','MLD',1),(1990,130,'Maalhosmadulu Uthuru','MAU',1),(1991,130,'Maalhosmadulu Dhekunu','MAD',1),(1992,130,'Faadhippolhu','FAA',1),(1993,130,'Male Atoll','MAA',1),(1994,130,'Ari Atoll Uthuru','AAU',1),(1995,130,'Ari Atoll Dheknu','AAD',1),(1996,130,'Felidhe Atoll','FEA',1),(1997,130,'Mulaku Atoll','MUA',1),(1998,130,'Nilandhe Atoll Uthuru','NAU',1),(1999,130,'Nilandhe Atoll Dhekunu','NAD',1),(2000,130,'Kolhumadulu','KLH',1),(2001,130,'Hadhdhunmathi','HDH',1),(2002,130,'Huvadhu Atoll Uthuru','HAU',1),(2003,130,'Huvadhu Atoll Dhekunu','HAD',1),(2004,130,'Fua Mulaku','FMU',1),(2005,130,'Addu','ADD',1),(2006,131,'Gao','GA',1),(2007,131,'Kayes','KY',1),(2008,131,'Kidal','KD',1),(2009,131,'Koulikoro','KL',1),(2010,131,'Mopti','MP',1),(2011,131,'Segou','SG',1),(2012,131,'Sikasso','SK',1),(2013,131,'Tombouctou','TB',1),(2014,131,'Bamako Capital District','CD',1),(2015,132,'Attard','ATT',1),(2016,132,'Balzan','BAL',1),(2017,132,'Birgu','BGU',1),(2018,132,'Birkirkara','BKK',1),(2019,132,'Birzebbuga','BRZ',1),(2020,132,'Bormla','BOR',1),(2021,132,'Dingli','DIN',1),(2022,132,'Fgura','FGU',1),(2023,132,'Floriana','FLO',1),(2024,132,'Gudja','GDJ',1),(2025,132,'Gzira','GZR',1),(2026,132,'Gargur','GRG',1),(2027,132,'Gaxaq','GXQ',1),(2028,132,'Hamrun','HMR',1),(2029,132,'Iklin','IKL',1),(2030,132,'Isla','ISL',1),(2031,132,'Kalkara','KLK',1),(2032,132,'Kirkop','KRK',1),(2033,132,'Lija','LIJ',1),(2034,132,'Luqa','LUQ',1),(2035,132,'Marsa','MRS',1),(2036,132,'Marsaskala','MKL',1),(2037,132,'Marsaxlokk','MXL',1),(2038,132,'Mdina','MDN',1),(2039,132,'Melliea','MEL',1),(2040,132,'Mgarr','MGR',1),(2041,132,'Mosta','MST',1),(2042,132,'Mqabba','MQA',1),(2043,132,'Msida','MSI',1),(2044,132,'Mtarfa','MTF',1),(2045,132,'Naxxar','NAX',1),(2046,132,'Paola','PAO',1),(2047,132,'Pembroke','PEM',1),(2048,132,'Pieta','PIE',1),(2049,132,'Qormi','QOR',1),(2050,132,'Qrendi','QRE',1),(2051,132,'Rabat','RAB',1),(2052,132,'Safi','SAF',1),(2053,132,'San Giljan','SGI',1),(2054,132,'Santa Lucija','SLU',1),(2055,132,'San Pawl il-Bahar','SPB',1),(2056,132,'San Gwann','SGW',1),(2057,132,'Santa Venera','SVE',1),(2058,132,'Siggiewi','SIG',1),(2059,132,'Sliema','SLM',1),(2060,132,'Swieqi','SWQ',1),(2061,132,'Ta Xbiex','TXB',1),(2062,132,'Tarxien','TRX',1),(2063,132,'Valletta','VLT',1),(2064,132,'Xgajra','XGJ',1),(2065,132,'Zabbar','ZBR',1),(2066,132,'Zebbug','ZBG',1),(2067,132,'Zejtun','ZJT',1),(2068,132,'Zurrieq','ZRQ',1),(2069,132,'Fontana','FNT',1),(2070,132,'Ghajnsielem','GHJ',1),(2071,132,'Gharb','GHR',1),(2072,132,'Ghasri','GHS',1),(2073,132,'Kercem','KRC',1),(2074,132,'Munxar','MUN',1),(2075,132,'Nadur','NAD',1),(2076,132,'Qala','QAL',1),(2077,132,'Victoria','VIC',1),(2078,132,'San Lawrenz','SLA',1),(2079,132,'Sannat','SNT',1),(2080,132,'Xagra','ZAG',1),(2081,132,'Xewkija','XEW',1),(2082,132,'Zebbug','ZEB',1),(2083,133,'Ailinginae','ALG',1),(2084,133,'Ailinglaplap','ALL',1),(2085,133,'Ailuk','ALK',1),(2086,133,'Arno','ARN',1),(2087,133,'Aur','AUR',1),(2088,133,'Bikar','BKR',1),(2089,133,'Bikini','BKN',1),(2090,133,'Bokak','BKK',1),(2091,133,'Ebon','EBN',1),(2092,133,'Enewetak','ENT',1),(2093,133,'Erikub','EKB',1),(2094,133,'Jabat','JBT',1),(2095,133,'Jaluit','JLT',1),(2096,133,'Jemo','JEM',1),(2097,133,'Kili','KIL',1),(2098,133,'Kwajalein','KWJ',1),(2099,133,'Lae','LAE',1),(2100,133,'Lib','LIB',1),(2101,133,'Likiep','LKP',1),(2102,133,'Majuro','MJR',1),(2103,133,'Maloelap','MLP',1),(2104,133,'Mejit','MJT',1),(2105,133,'Mili','MIL',1),(2106,133,'Namorik','NMK',1),(2107,133,'Namu','NAM',1),(2108,133,'Rongelap','RGL',1),(2109,133,'Rongrik','RGK',1),(2110,133,'Toke','TOK',1),(2111,133,'Ujae','UJA',1),(2112,133,'Ujelang','UJL',1),(2113,133,'Utirik','UTK',1),(2114,133,'Wotho','WTH',1),(2115,133,'Wotje','WTJ',1),(2116,135,'Adrar','AD',1),(2117,135,'Assaba','AS',1),(2118,135,'Brakna','BR',1),(2119,135,'Dakhlet Nouadhibou','DN',1),(2120,135,'Gorgol','GO',1),(2121,135,'Guidimaka','GM',1),(2122,135,'Hodh Ech Chargui','HC',1),(2123,135,'Hodh El Gharbi','HG',1),(2124,135,'Inchiri','IN',1),(2125,135,'Tagant','TA',1),(2126,135,'Tiris Zemmour','TZ',1),(2127,135,'Trarza','TR',1),(2128,135,'Nouakchott','NO',1),(2129,136,'Beau Bassin-Rose Hill','BR',1),(2130,136,'Curepipe','CU',1),(2131,136,'Port Louis','PU',1),(2132,136,'Quatre Bornes','QB',1),(2133,136,'Vacoas-Phoenix','VP',1),(2134,136,'Agalega Islands','AG',1),(2135,136,'Cargados Carajos Shoals (Saint Brandon Islands)','CC',1),(2136,136,'Rodrigues','RO',1),(2137,136,'Black River','BL',1),(2138,136,'Flacq','FL',1),(2139,136,'Grand Port','GP',1),(2140,136,'Moka','MO',1),(2141,136,'Pamplemousses','PA',1),(2142,136,'Plaines Wilhems','PW',1),(2143,136,'Port Louis','PL',1),(2144,136,'Riviere du Rempart','RR',1),(2145,136,'Savanne','SA',1),(2146,138,'Baja California Norte','BN',1),(2147,138,'Baja California Sur','BS',1),(2148,138,'Campeche','CA',1),(2149,138,'Chiapas','CI',1),(2150,138,'Chihuahua','CH',1),(2151,138,'Coahuila de Zaragoza','CZ',1),(2152,138,'Colima','CL',1),(2153,138,'Distrito Federal','DF',1),(2154,138,'Durango','DU',1),(2155,138,'Guanajuato','GA',1),(2156,138,'Guerrero','GE',1),(2157,138,'Hidalgo','HI',1),(2158,138,'Jalisco','JA',1),(2159,138,'Mexico','ME',1),(2160,138,'Michoacan de Ocampo','MI',1),(2161,138,'Morelos','MO',1),(2162,138,'Nayarit','NA',1),(2163,138,'Nuevo Leon','NL',1),(2164,138,'Oaxaca','OA',1),(2165,138,'Puebla','PU',1),(2166,138,'Queretaro de Arteaga','QA',1),(2167,138,'Quintana Roo','QR',1),(2168,138,'San Luis Potosi','SA',1),(2169,138,'Sinaloa','SI',1),(2170,138,'Sonora','SO',1),(2171,138,'Tabasco','TB',1),(2172,138,'Tamaulipas','TM',1),(2173,138,'Tlaxcala','TL',1),(2174,138,'Veracruz-Llave','VE',1),(2175,138,'Yucatan','YU',1),(2176,138,'Zacatecas','ZA',1),(2177,139,'Chuuk','C',1),(2178,139,'Kosrae','K',1),(2179,139,'Pohnpei','P',1),(2180,139,'Yap','Y',1),(2181,140,'Gagauzia','GA',1),(2182,140,'Chisinau','CU',1),(2183,140,'Balti','BA',1),(2184,140,'Cahul','CA',1),(2185,140,'Edinet','ED',1),(2186,140,'Lapusna','LA',1),(2187,140,'Orhei','OR',1),(2188,140,'Soroca','SO',1),(2189,140,'Tighina','TI',1),(2190,140,'Ungheni','UN',1),(2191,140,'St‚nga Nistrului','SN',1),(2192,141,'Fontvieille','FV',1),(2193,141,'La Condamine','LC',1),(2194,141,'Monaco-Ville','MV',1),(2195,141,'Monte-Carlo','MC',1),(2196,142,'Ulanbaatar','1',1),(2197,142,'Orhon','035',1),(2198,142,'Darhan uul','037',1),(2199,142,'Hentiy','039',1),(2200,142,'Hovsgol','041',1),(2201,142,'Hovd','043',1),(2202,142,'Uvs','046',1),(2203,142,'Tov','047',1),(2204,142,'Selenge','049',1),(2205,142,'Suhbaatar','051',1),(2206,142,'Omnogovi','053',1),(2207,142,'Ovorhangay','055',1),(2208,142,'Dzavhan','057',1),(2209,142,'DundgovL','059',1),(2210,142,'Dornod','061',1),(2211,142,'Dornogov','063',1),(2212,142,'Govi-Sumber','064',1),(2213,142,'Govi-Altay','065',1),(2214,142,'Bulgan','067',1),(2215,142,'Bayanhongor','069',1),(2216,142,'Bayan-Olgiy','071',1),(2217,142,'Arhangay','073',1),(2218,143,'Saint Anthony','A',1),(2219,143,'Saint Georges','G',1),(2220,143,'Saint Peter','P',1),(2221,144,'Agadir','AGD',1),(2222,144,'Al Hoceima','HOC',1),(2223,144,'Azilal','AZI',1),(2224,144,'Beni Mellal','BME',1),(2225,144,'Ben Slimane','BSL',1),(2226,144,'Boulemane','BLM',1),(2227,144,'Casablanca','CBL',1),(2228,144,'Chaouen','CHA',1),(2229,144,'El Jadida','EJA',1),(2230,144,'El Kelaa des Sraghna','EKS',1),(2231,144,'Er Rachidia','ERA',1),(2232,144,'Essaouira','ESS',1),(2233,144,'Fes','FES',1),(2234,144,'Figuig','FIG',1),(2235,144,'Guelmim','GLM',1),(2236,144,'Ifrane','IFR',1),(2237,144,'Kenitra','KEN',1),(2238,144,'Khemisset','KHM',1),(2239,144,'Khenifra','KHN',1),(2240,144,'Khouribga','KHO',1),(2241,144,'Laayoune','LYN',1),(2242,144,'Larache','LAR',1),(2243,144,'Marrakech','MRK',1),(2244,144,'Meknes','MKN',1),(2245,144,'Nador','NAD',1),(2246,144,'Ouarzazate','ORZ',1),(2247,144,'Oujda','OUJ',1),(2248,144,'Rabat-Sale','RSA',1),(2249,144,'Safi','SAF',1),(2250,144,'Settat','SET',1),(2251,144,'Sidi Kacem','SKA',1),(2252,144,'Tangier','TGR',1),(2253,144,'Tan-Tan','TAN',1),(2254,144,'Taounate','TAO',1),(2255,144,'Taroudannt','TRD',1),(2256,144,'Tata','TAT',1),(2257,144,'Taza','TAZ',1),(2258,144,'Tetouan','TET',1),(2259,144,'Tiznit','TIZ',1),(2260,144,'Ad Dakhla','ADK',1),(2261,144,'Boujdour','BJD',1),(2262,144,'Es Smara','ESM',1),(2263,145,'Cabo Delgado','CD',1),(2264,145,'Gaza','GZ',1),(2265,145,'Inhambane','IN',1),(2266,145,'Manica','MN',1),(2267,145,'Maputo (city)','MC',1),(2268,145,'Maputo','MP',1),(2269,145,'Nampula','NA',1),(2270,145,'Niassa','NI',1),(2271,145,'Sofala','SO',1),(2272,145,'Tete','TE',1),(2273,145,'Zambezia','ZA',1),(2274,146,'Ayeyarwady','AY',1),(2275,146,'Bago','BG',1),(2276,146,'Magway','MG',1),(2277,146,'Mandalay','MD',1),(2278,146,'Sagaing','SG',1),(2279,146,'Tanintharyi','TN',1),(2280,146,'Yangon','YG',1),(2281,146,'Chin State','CH',1),(2282,146,'Kachin State','KC',1),(2283,146,'Kayah State','KH',1),(2284,146,'Kayin State','KN',1),(2285,146,'Mon State','MN',1),(2286,146,'Rakhine State','RK',1),(2287,146,'Shan State','SH',1),(2288,147,'Caprivi','CA',1),(2289,147,'Erongo','ER',1),(2290,147,'Hardap','HA',1),(2291,147,'Karas','KR',1),(2292,147,'Kavango','KV',1),(2293,147,'Khomas','KH',1),(2294,147,'Kunene','KU',1),(2295,147,'Ohangwena','OW',1),(2296,147,'Omaheke','OK',1),(2297,147,'Omusati','OT',1),(2298,147,'Oshana','ON',1),(2299,147,'Oshikoto','OO',1),(2300,147,'Otjozondjupa','OJ',1),(2301,148,'Aiwo','AO',1),(2302,148,'Anabar','AA',1),(2303,148,'Anetan','AT',1),(2304,148,'Anibare','AI',1),(2305,148,'Baiti','BA',1),(2306,148,'Boe','BO',1),(2307,148,'Buada','BU',1),(2308,148,'Denigomodu','DE',1),(2309,148,'Ewa','EW',1),(2310,148,'Ijuw','IJ',1),(2311,148,'Meneng','ME',1),(2312,148,'Nibok','NI',1),(2313,148,'Uaboe','UA',1),(2314,148,'Yaren','YA',1),(2315,149,'Bagmati','BA',1),(2316,149,'Bheri','BH',1),(2317,149,'Dhawalagiri','DH',1),(2318,149,'Gandaki','GA',1),(2319,149,'Janakpur','JA',1),(2320,149,'Karnali','KA',1),(2321,149,'Kosi','KO',1),(2322,149,'Lumbini','LU',1),(2323,149,'Mahakali','MA',1),(2324,149,'Mechi','ME',1),(2325,149,'Narayani','NA',1),(2326,149,'Rapti','RA',1),(2327,149,'Sagarmatha','SA',1),(2328,149,'Seti','SE',1),(2329,150,'Drenthe','DR',1),(2330,150,'Flevoland','FL',1),(2331,150,'Friesland','FR',1),(2332,150,'Gelderland','GE',1),(2333,150,'Groningen','GR',1),(2334,150,'Limburg','LI',1),(2335,150,'Noord Brabant','NB',1),(2336,150,'Noord Holland','NH',1),(2337,150,'Overijssel','OV',1),(2338,150,'Utrecht','UT',1),(2339,150,'Zeeland','ZE',1),(2340,150,'Zuid Holland','ZH',1),(2341,152,'Iles Loyaute','L',1),(2342,152,'Nord','N',1),(2343,152,'Sud','S',1),(2344,153,'Auckland','AUK',1),(2345,153,'Bay of Plenty','BOP',1),(2346,153,'Canterbury','CAN',1),(2347,153,'Coromandel','COR',1),(2348,153,'Gisborne','GIS',1),(2349,153,'Fiordland','FIO',1),(2350,153,'Hawke\'s Bay','HKB',1),(2351,153,'Marlborough','MBH',1),(2352,153,'Manawatu-Wanganui','MWT',1),(2353,153,'Mt Cook-Mackenzie','MCM',1),(2354,153,'Nelson','NSN',1),(2355,153,'Northland','NTL',1),(2356,153,'Otago','OTA',1),(2357,153,'Southland','STL',1),(2358,153,'Taranaki','TKI',1),(2359,153,'Wellington','WGN',1),(2360,153,'Waikato','WKO',1),(2361,153,'Wairprarapa','WAI',1),(2362,153,'West Coast','WTC',1),(2363,154,'Atlantico Norte','AN',1),(2364,154,'Atlantico Sur','AS',1),(2365,154,'Boaco','BO',1),(2366,154,'Carazo','CA',1),(2367,154,'Chinandega','CI',1),(2368,154,'Chontales','CO',1),(2369,154,'Esteli','ES',1),(2370,154,'Granada','GR',1),(2371,154,'Jinotega','JI',1),(2372,154,'Leon','LE',1),(2373,154,'Madriz','MD',1),(2374,154,'Managua','MN',1),(2375,154,'Masaya','MS',1),(2376,154,'Matagalpa','MT',1),(2377,154,'Nuevo Segovia','NS',1),(2378,154,'Rio San Juan','RS',1),(2379,154,'Rivas','RI',1),(2380,155,'Agadez','AG',1),(2381,155,'Diffa','DF',1),(2382,155,'Dosso','DS',1),(2383,155,'Maradi','MA',1),(2384,155,'Niamey','NM',1),(2385,155,'Tahoua','TH',1),(2386,155,'Tillaberi','TL',1),(2387,155,'Zinder','ZD',1),(2388,156,'Abia','AB',1),(2389,156,'Abuja Federal Capital Territory','CT',1),(2390,156,'Adamawa','AD',1),(2391,156,'Akwa Ibom','AK',1),(2392,156,'Anambra','AN',1),(2393,156,'Bauchi','BC',1),(2394,156,'Bayelsa','BY',1),(2395,156,'Benue','BN',1),(2396,156,'Borno','BO',1),(2397,156,'Cross River','CR',1),(2398,156,'Delta','DE',1),(2399,156,'Ebonyi','EB',1),(2400,156,'Edo','ED',1),(2401,156,'Ekiti','EK',1),(2402,156,'Enugu','EN',1),(2403,156,'Gombe','GO',1),(2404,156,'Imo','IM',1),(2405,156,'Jigawa','JI',1),(2406,156,'Kaduna','KD',1),(2407,156,'Kano','KN',1),(2408,156,'Katsina','KT',1),(2409,156,'Kebbi','KE',1),(2410,156,'Kogi','KO',1),(2411,156,'Kwara','KW',1),(2412,156,'Lagos','LA',1),(2413,156,'Nassarawa','NA',1),(2414,156,'Niger','NI',1),(2415,156,'Ogun','OG',1),(2416,156,'Ondo','ONG',1),(2417,156,'Osun','OS',1),(2418,156,'Oyo','OY',1),(2419,156,'Plateau','PL',1),(2420,156,'Rivers','RI',1),(2421,156,'Sokoto','SO',1),(2422,156,'Taraba','TA',1),(2423,156,'Yobe','YO',1),(2424,156,'Zamfara','ZA',1),(2425,159,'Northern Islands','N',1),(2426,159,'Rota','R',1),(2427,159,'Saipan','S',1),(2428,159,'Tinian','T',1),(2429,160,'Akershus','AK',1),(2430,160,'Aust-Agder','AA',1),(2431,160,'Buskerud','BU',1),(2432,160,'Finnmark','FM',1),(2433,160,'Hedmark','HM',1),(2434,160,'Hordaland','HL',1),(2435,160,'More og Romdal','MR',1),(2436,160,'Nord-Trondelag','NT',1),(2437,160,'Nordland','NL',1),(2438,160,'Ostfold','OF',1),(2439,160,'Oppland','OP',1),(2440,160,'Oslo','OL',1),(2441,160,'Rogaland','RL',1),(2442,160,'Sor-Trondelag','ST',1),(2443,160,'Sogn og Fjordane','SJ',1),(2444,160,'Svalbard','SV',1),(2445,160,'Telemark','TM',1),(2446,160,'Troms','TR',1),(2447,160,'Vest-Agder','VA',1),(2448,160,'Vestfold','VF',1),(2449,161,'Ad Dakhiliyah','DA',1),(2450,161,'Al Batinah','BA',1),(2451,161,'Al Wusta','WU',1),(2452,161,'Ash Sharqiyah','SH',1),(2453,161,'Az Zahirah','ZA',1),(2454,161,'Masqat','MA',1),(2455,161,'Musandam','MU',1),(2456,161,'Zufar','ZU',1),(2457,162,'Balochistan','B',1),(2458,162,'Federally Administered Tribal Areas','T',1),(2459,162,'Islamabad Capital Territory','I',1),(2460,162,'North-West Frontier','N',1),(2461,162,'Punjab','P',1),(2462,162,'Sindh','S',1),(2463,163,'Aimeliik','AM',1),(2464,163,'Airai','AR',1),(2465,163,'Angaur','AN',1),(2466,163,'Hatohobei','HA',1),(2467,163,'Kayangel','KA',1),(2468,163,'Koror','KO',1),(2469,163,'Melekeok','ME',1),(2470,163,'Ngaraard','NA',1),(2471,163,'Ngarchelong','NG',1),(2472,163,'Ngardmau','ND',1),(2473,163,'Ngatpang','NT',1),(2474,163,'Ngchesar','NC',1),(2475,163,'Ngeremlengui','NR',1),(2476,163,'Ngiwal','NW',1),(2477,163,'Peleliu','PE',1),(2478,163,'Sonsorol','SO',1),(2479,164,'Bocas del Toro','BT',1),(2480,164,'Chiriqui','CH',1),(2481,164,'Cocle','CC',1),(2482,164,'Colon','CL',1),(2483,164,'Darien','DA',1),(2484,164,'Herrera','HE',1),(2485,164,'Los Santos','LS',1),(2486,164,'Panama','PA',1),(2487,164,'San Blas','SB',1),(2488,164,'Veraguas','VG',1),(2489,165,'Bougainville','BV',1),(2490,165,'Central','CE',1),(2491,165,'Chimbu','CH',1),(2492,165,'Eastern Highlands','EH',1),(2493,165,'East New Britain','EB',1),(2494,165,'East Sepik','ES',1),(2495,165,'Enga','EN',1),(2496,165,'Gulf','GU',1),(2497,165,'Madang','MD',1),(2498,165,'Manus','MN',1),(2499,165,'Milne Bay','MB',1),(2500,165,'Morobe','MR',1),(2501,165,'National Capital','NC',1),(2502,165,'New Ireland','NI',1),(2503,165,'Northern','NO',1),(2504,165,'Sandaun','SA',1),(2505,165,'Southern Highlands','SH',1),(2506,165,'Western','WE',1),(2507,165,'Western Highlands','WH',1),(2508,165,'West New Britain','WB',1),(2509,166,'Alto Paraguay','AG',1),(2510,166,'Alto Parana','AN',1),(2511,166,'Amambay','AM',1),(2512,166,'Asuncion','AS',1),(2513,166,'Boqueron','BO',1),(2514,166,'Caaguazu','CG',1),(2515,166,'Caazapa','CZ',1),(2516,166,'Canindeyu','CN',1),(2517,166,'Central','CE',1),(2518,166,'Concepcion','CC',1),(2519,166,'Cordillera','CD',1),(2520,166,'Guaira','GU',1),(2521,166,'Itapua','IT',1),(2522,166,'Misiones','MI',1),(2523,166,'Neembucu','NE',1),(2524,166,'Paraguari','PA',1),(2525,166,'Presidente Hayes','PH',1),(2526,166,'San Pedro','SP',1),(2527,167,'Amazonas','AM',1),(2528,167,'Ancash','AN',1),(2529,167,'Apurimac','AP',1),(2530,167,'Arequipa','AR',1),(2531,167,'Ayacucho','AY',1),(2532,167,'Cajamarca','CJ',1),(2533,167,'Callao','CL',1),(2534,167,'Cusco','CU',1),(2535,167,'Huancavelica','HV',1),(2536,167,'Huanuco','HO',1),(2537,167,'Ica','IC',1),(2538,167,'Junin','JU',1),(2539,167,'La Libertad','LD',1),(2540,167,'Lambayeque','LY',1),(2541,167,'Lima','LI',1),(2542,167,'Loreto','LO',1),(2543,167,'Madre de Dios','MD',1),(2544,167,'Moquegua','MO',1),(2545,167,'Pasco','PA',1),(2546,167,'Piura','PI',1),(2547,167,'Puno','PU',1),(2548,167,'San Martin','SM',1),(2549,167,'Tacna','TA',1),(2550,167,'Tumbes','TU',1),(2551,167,'Ucayali','UC',1),(2552,168,'Abra','ABR',1),(2553,168,'Agusan del Norte','ANO',1),(2554,168,'Agusan del Sur','ASU',1),(2555,168,'Aklan','AKL',1),(2556,168,'Albay','ALB',1),(2557,168,'Antique','ANT',1),(2558,168,'Apayao','APY',1),(2559,168,'Aurora','AUR',1),(2560,168,'Basilan','BAS',1),(2561,168,'Bataan','BTA',1),(2562,168,'Batanes','BTE',1),(2563,168,'Batangas','BTG',1),(2564,168,'Biliran','BLR',1),(2565,168,'Benguet','BEN',1),(2566,168,'Bohol','BOL',1),(2567,168,'Bukidnon','BUK',1),(2568,168,'Bulacan','BUL',1),(2569,168,'Cagayan','CAG',1),(2570,168,'Camarines Norte','CNO',1),(2571,168,'Camarines Sur','CSU',1),(2572,168,'Camiguin','CAM',1),(2573,168,'Capiz','CAP',1),(2574,168,'Catanduanes','CAT',1),(2575,168,'Cavite','CAV',1),(2576,168,'Cebu','CEB',1),(2577,168,'Compostela','CMP',1),(2578,168,'Davao del Norte','DNO',1),(2579,168,'Davao del Sur','DSU',1),(2580,168,'Davao Oriental','DOR',1),(2581,168,'Eastern Samar','ESA',1),(2582,168,'Guimaras','GUI',1),(2583,168,'Ifugao','IFU',1),(2584,168,'Ilocos Norte','INO',1),(2585,168,'Ilocos Sur','ISU',1),(2586,168,'Iloilo','ILO',1),(2587,168,'Isabela','ISA',1),(2588,168,'Kalinga','KAL',1),(2589,168,'Laguna','LAG',1),(2590,168,'Lanao del Norte','LNO',1),(2591,168,'Lanao del Sur','LSU',1),(2592,168,'La Union','UNI',1),(2593,168,'Leyte','LEY',1),(2594,168,'Maguindanao','MAG',1),(2595,168,'Marinduque','MRN',1),(2596,168,'Masbate','MSB',1),(2597,168,'Mindoro Occidental','MIC',1),(2598,168,'Mindoro Oriental','MIR',1),(2599,168,'Misamis Occidental','MSC',1),(2600,168,'Misamis Oriental','MOR',1),(2601,168,'Mountain','MOP',1),(2602,168,'Negros Occidental','NOC',1),(2603,168,'Negros Oriental','NOR',1),(2604,168,'North Cotabato','NCT',1),(2605,168,'Northern Samar','NSM',1),(2606,168,'Nueva Ecija','NEC',1),(2607,168,'Nueva Vizcaya','NVZ',1),(2608,168,'Palawan','PLW',1),(2609,168,'Pampanga','PMP',1),(2610,168,'Pangasinan','PNG',1),(2611,168,'Quezon','QZN',1),(2612,168,'Quirino','QRN',1),(2613,168,'Rizal','RIZ',1),(2614,168,'Romblon','ROM',1),(2615,168,'Samar','SMR',1),(2616,168,'Sarangani','SRG',1),(2617,168,'Siquijor','SQJ',1),(2618,168,'Sorsogon','SRS',1),(2619,168,'South Cotabato','SCO',1),(2620,168,'Southern Leyte','SLE',1),(2621,168,'Sultan Kudarat','SKU',1),(2622,168,'Sulu','SLU',1),(2623,168,'Surigao del Norte','SNO',1),(2624,168,'Surigao del Sur','SSU',1),(2625,168,'Tarlac','TAR',1),(2626,168,'Tawi-Tawi','TAW',1),(2627,168,'Zambales','ZBL',1),(2628,168,'Zamboanga del Norte','ZNO',1),(2629,168,'Zamboanga del Sur','ZSU',1),(2630,168,'Zamboanga Sibugay','ZSI',1),(2631,170,'Dolnoslaskie','DO',1),(2632,170,'Kujawsko-Pomorskie','KP',1),(2633,170,'Lodzkie','LO',1),(2634,170,'Lubelskie','LL',1),(2635,170,'Lubuskie','LU',1),(2636,170,'Malopolskie','ML',1),(2637,170,'Mazowieckie','MZ',1),(2638,170,'Opolskie','OP',1),(2639,170,'Podkarpackie','PP',1),(2640,170,'Podlaskie','PL',1),(2641,170,'Pomorskie','PM',1),(2642,170,'Slaskie','SL',1),(2643,170,'Swietokrzyskie','SW',1),(2644,170,'Warminsko-Mazurskie','WM',1),(2645,170,'Wielkopolskie','WP',1),(2646,170,'Zachodniopomorskie','ZA',1),(2647,198,'Saint Pierre','P',1),(2648,198,'Miquelon','M',1),(2649,171,'A&ccedil;ores','AC',1),(2650,171,'Aveiro','AV',1),(2651,171,'Beja','BE',1),(2652,171,'Braga','BR',1),(2653,171,'Bragan&ccedil;a','BA',1),(2654,171,'Castelo Branco','CB',1),(2655,171,'Coimbra','CO',1),(2656,171,'&Eacute;vora','EV',1),(2657,171,'Faro','FA',1),(2658,171,'Guarda','GU',1),(2659,171,'Leiria','LE',1),(2660,171,'Lisboa','LI',1),(2661,171,'Madeira','ME',1),(2662,171,'Portalegre','PO',1),(2663,171,'Porto','PR',1),(2664,171,'Santar&eacute;m','SA',1),(2665,171,'Set&uacute;bal','SE',1),(2666,171,'Viana do Castelo','VC',1),(2667,171,'Vila Real','VR',1),(2668,171,'Viseu','VI',1),(2669,173,'Ad Dawhah','DW',1),(2670,173,'Al Ghuwayriyah','GW',1),(2671,173,'Al Jumayliyah','JM',1),(2672,173,'Al Khawr','KR',1),(2673,173,'Al Wakrah','WK',1),(2674,173,'Ar Rayyan','RN',1),(2675,173,'Jarayan al Batinah','JB',1),(2676,173,'Madinat ash Shamal','MS',1),(2677,173,'Umm Sa\'id','UD',1),(2678,173,'Umm Salal','UL',1),(2679,175,'Alba','AB',1),(2680,175,'Arad','AR',1),(2681,175,'Arges','AG',1),(2682,175,'Bacau','BC',1),(2683,175,'Bihor','BH',1),(2684,175,'Bistrita-Nasaud','BN',1),(2685,175,'Botosani','BT',1),(2686,175,'Brasov','BV',1),(2687,175,'Braila','BR',1),(2688,175,'Bucuresti','B',1),(2689,175,'Buzau','BZ',1),(2690,175,'Caras-Severin','CS',1),(2691,175,'Calarasi','CL',1),(2692,175,'Cluj','CJ',1),(2693,175,'Constanta','CT',1),(2694,175,'Covasna','CV',1),(2695,175,'Dimbovita','DB',1),(2696,175,'Dolj','DJ',1),(2697,175,'Galati','GL',1),(2698,175,'Giurgiu','GR',1),(2699,175,'Gorj','GJ',1),(2700,175,'Harghita','HR',1),(2701,175,'Hunedoara','HD',1),(2702,175,'Ialomita','IL',1),(2703,175,'Iasi','IS',1),(2704,175,'Ilfov','IF',1),(2705,175,'Maramures','MM',1),(2706,175,'Mehedinti','MH',1),(2707,175,'Mures','MS',1),(2708,175,'Neamt','NT',1),(2709,175,'Olt','OT',1),(2710,175,'Prahova','PH',1),(2711,175,'Satu-Mare','SM',1),(2712,175,'Salaj','SJ',1),(2713,175,'Sibiu','SB',1),(2714,175,'Suceava','SV',1),(2715,175,'Teleorman','TR',1),(2716,175,'Timis','TM',1),(2717,175,'Tulcea','TL',1),(2718,175,'Vaslui','VS',1),(2719,175,'Valcea','VL',1),(2720,175,'Vrancea','VN',1),(2721,176,'Abakan','AB',1),(2722,176,'Aginskoye','AG',1),(2723,176,'Anadyr','AN',1),(2724,176,'Arkahangelsk','AR',1),(2725,176,'Astrakhan','AS',1),(2726,176,'Barnaul','BA',1),(2727,176,'Belgorod','BE',1),(2728,176,'Birobidzhan','BI',1),(2729,176,'Blagoveshchensk','BL',1),(2730,176,'Bryansk','BR',1),(2731,176,'Cheboksary','CH',1),(2732,176,'Chelyabinsk','CL',1),(2733,176,'Cherkessk','CR',1),(2734,176,'Chita','CI',1),(2735,176,'Dudinka','DU',1),(2736,176,'Elista','EL',1),(2737,176,'Gomo-Altaysk','GO',1),(2738,176,'Gorno-Altaysk','GA',1),(2739,176,'Groznyy','GR',1),(2740,176,'Irkutsk','IR',1),(2741,176,'Ivanovo','IV',1),(2742,176,'Izhevsk','IZ',1),(2743,176,'Kalinigrad','KA',1),(2744,176,'Kaluga','KL',1),(2745,176,'Kasnodar','KS',1),(2746,176,'Kazan','KZ',1),(2747,176,'Kemerovo','KE',1),(2748,176,'Khabarovsk','KH',1),(2749,176,'Khanty-Mansiysk','KM',1),(2750,176,'Kostroma','KO',1),(2751,176,'Krasnodar','KR',1),(2752,176,'Krasnoyarsk','KN',1),(2753,176,'Kudymkar','KU',1),(2754,176,'Kurgan','KG',1),(2755,176,'Kursk','KK',1),(2756,176,'Kyzyl','KY',1),(2757,176,'Lipetsk','LI',1),(2758,176,'Magadan','MA',1),(2759,176,'Makhachkala','MK',1),(2760,176,'Maykop','MY',1),(2761,176,'Moscow','MO',1),(2762,176,'Murmansk','MU',1),(2763,176,'Nalchik','NA',1),(2764,176,'Naryan Mar','NR',1),(2765,176,'Nazran','NZ',1),(2766,176,'Nizhniy Novgorod','NI',1),(2767,176,'Novgorod','NO',1),(2768,176,'Novosibirsk','NV',1),(2769,176,'Omsk','OM',1),(2770,176,'Orel','OR',1),(2771,176,'Orenburg','OE',1),(2772,176,'Palana','PA',1),(2773,176,'Penza','PE',1),(2774,176,'Perm','PR',1),(2775,176,'Petropavlovsk-Kamchatskiy','PK',1),(2776,176,'Petrozavodsk','PT',1),(2777,176,'Pskov','PS',1),(2778,176,'Rostov-na-Donu','RO',1),(2779,176,'Ryazan','RY',1),(2780,176,'Salekhard','SL',1),(2781,176,'Samara','SA',1),(2782,176,'Saransk','SR',1),(2783,176,'Saratov','SV',1),(2784,176,'Smolensk','SM',1),(2785,176,'St. Petersburg','SP',1),(2786,176,'Stavropol','ST',1),(2787,176,'Syktyvkar','SY',1),(2788,176,'Tambov','TA',1),(2789,176,'Tomsk','TO',1),(2790,176,'Tula','TU',1),(2791,176,'Tura','TR',1),(2792,176,'Tver','TV',1),(2793,176,'Tyumen','TY',1),(2794,176,'Ufa','UF',1),(2795,176,'Ul\'yanovsk','UL',1),(2796,176,'Ulan-Ude','UU',1),(2797,176,'Ust\'-Ordynskiy','US',1),(2798,176,'Vladikavkaz','VL',1),(2799,176,'Vladimir','VA',1),(2800,176,'Vladivostok','VV',1),(2801,176,'Volgograd','VG',1),(2802,176,'Vologda','VD',1),(2803,176,'Voronezh','VO',1),(2804,176,'Vyatka','VY',1),(2805,176,'Yakutsk','YA',1),(2806,176,'Yaroslavl','YR',1),(2807,176,'Yekaterinburg','YE',1),(2808,176,'Yoshkar-Ola','YO',1),(2809,177,'Butare','BU',1),(2810,177,'Byumba','BY',1),(2811,177,'Cyangugu','CY',1),(2812,177,'Gikongoro','GK',1),(2813,177,'Gisenyi','GS',1),(2814,177,'Gitarama','GT',1),(2815,177,'Kibungo','KG',1),(2816,177,'Kibuye','KY',1),(2817,177,'Kigali Rurale','KR',1),(2818,177,'Kigali-ville','KV',1),(2819,177,'Ruhengeri','RU',1),(2820,177,'Umutara','UM',1),(2821,178,'Christ Church Nichola Town','CCN',1),(2822,178,'Saint Anne Sandy Point','SAS',1),(2823,178,'Saint George Basseterre','SGB',1),(2824,178,'Saint George Gingerland','SGG',1),(2825,178,'Saint James Windward','SJW',1),(2826,178,'Saint John Capesterre','SJC',1),(2827,178,'Saint John Figtree','SJF',1),(2828,178,'Saint Mary Cayon','SMC',1),(2829,178,'Saint Paul Capesterre','CAP',1),(2830,178,'Saint Paul Charlestown','CHA',1),(2831,178,'Saint Peter Basseterre','SPB',1),(2832,178,'Saint Thomas Lowland','STL',1),(2833,178,'Saint Thomas Middle Island','STM',1),(2834,178,'Trinity Palmetto Point','TPP',1),(2835,179,'Anse-la-Raye','AR',1),(2836,179,'Castries','CA',1),(2837,179,'Choiseul','CH',1),(2838,179,'Dauphin','DA',1),(2839,179,'Dennery','DE',1),(2840,179,'Gros-Islet','GI',1),(2841,179,'Laborie','LA',1),(2842,179,'Micoud','MI',1),(2843,179,'Praslin','PR',1),(2844,179,'Soufriere','SO',1),(2845,179,'Vieux-Fort','VF',1),(2846,180,'Charlotte','C',1),(2847,180,'Grenadines','R',1),(2848,180,'Saint Andrew','A',1),(2849,180,'Saint David','D',1),(2850,180,'Saint George','G',1),(2851,180,'Saint Patrick','P',1),(2852,181,'A\'ana','AN',1),(2853,181,'Aiga-i-le-Tai','AI',1),(2854,181,'Atua','AT',1),(2855,181,'Fa\'asaleleaga','FA',1),(2856,181,'Gaga\'emauga','GE',1),(2857,181,'Gagaifomauga','GF',1),(2858,181,'Palauli','PA',1),(2859,181,'Satupa\'itea','SA',1),(2860,181,'Tuamasaga','TU',1),(2861,181,'Va\'a-o-Fonoti','VF',1),(2862,181,'Vaisigano','VS',1),(2863,182,'Acquaviva','AC',1),(2864,182,'Borgo Maggiore','BM',1),(2865,182,'Chiesanuova','CH',1),(2866,182,'Domagnano','DO',1),(2867,182,'Faetano','FA',1),(2868,182,'Fiorentino','FI',1),(2869,182,'Montegiardino','MO',1),(2870,182,'Citta di San Marino','SM',1),(2871,182,'Serravalle','SE',1),(2872,183,'Sao Tome','S',1),(2873,183,'Principe','P',1),(2874,184,'Al Bahah','BH',1),(2875,184,'Al Hudud ash Shamaliyah','HS',1),(2876,184,'Al Jawf','JF',1),(2877,184,'Al Madinah','MD',1),(2878,184,'Al Qasim','QS',1),(2879,184,'Ar Riyad','RD',1),(2880,184,'Ash Sharqiyah (Eastern)','AQ',1),(2881,184,'\'Asir','AS',1),(2882,184,'Ha\'il','HL',1),(2883,184,'Jizan','JZ',1),(2884,184,'Makkah','ML',1),(2885,184,'Najran','NR',1),(2886,184,'Tabuk','TB',1),(2887,185,'Dakar','DA',1),(2888,185,'Diourbel','DI',1),(2889,185,'Fatick','FA',1),(2890,185,'Kaolack','KA',1),(2891,185,'Kolda','KO',1),(2892,185,'Louga','LO',1),(2893,185,'Matam','MA',1),(2894,185,'Saint-Louis','SL',1),(2895,185,'Tambacounda','TA',1),(2896,185,'Thies','TH',1),(2897,185,'Ziguinchor','ZI',1),(2898,186,'Anse aux Pins','AP',1),(2899,186,'Anse Boileau','AB',1),(2900,186,'Anse Etoile','AE',1),(2901,186,'Anse Louis','AL',1),(2902,186,'Anse Royale','AR',1),(2903,186,'Baie Lazare','BL',1),(2904,186,'Baie Sainte Anne','BS',1),(2905,186,'Beau Vallon','BV',1),(2906,186,'Bel Air','BA',1),(2907,186,'Bel Ombre','BO',1),(2908,186,'Cascade','CA',1),(2909,186,'Glacis','GL',1),(2910,186,'Grand\' Anse (on Mahe)','GM',1),(2911,186,'Grand\' Anse (on Praslin)','GP',1),(2912,186,'La Digue','DG',1),(2913,186,'La Riviere Anglaise','RA',1),(2914,186,'Mont Buxton','MB',1),(2915,186,'Mont Fleuri','MF',1),(2916,186,'Plaisance','PL',1),(2917,186,'Pointe La Rue','PR',1),(2918,186,'Port Glaud','PG',1),(2919,186,'Saint Louis','SL',1),(2920,186,'Takamaka','TA',1),(2921,187,'Eastern','E',1),(2922,187,'Northern','N',1),(2923,187,'Southern','S',1),(2924,187,'Western','W',1),(2925,189,'Banskobystrický','BA',1),(2926,189,'Bratislavský','BR',1),(2927,189,'Košický','KO',1),(2928,189,'Nitriansky','NI',1),(2929,189,'Prešovský','PR',1),(2930,189,'Trenčiansky','TC',1),(2931,189,'Trnavský','TV',1),(2932,189,'Žilinský','ZI',1),(2933,191,'Central','CE',1),(2934,191,'Choiseul','CH',1),(2935,191,'Guadalcanal','GC',1),(2936,191,'Honiara','HO',1),(2937,191,'Isabel','IS',1),(2938,191,'Makira','MK',1),(2939,191,'Malaita','ML',1),(2940,191,'Rennell and Bellona','RB',1),(2941,191,'Temotu','TM',1),(2942,191,'Western','WE',1),(2943,192,'Awdal','AW',1),(2944,192,'Bakool','BK',1),(2945,192,'Banaadir','BN',1),(2946,192,'Bari','BR',1),(2947,192,'Bay','BY',1),(2948,192,'Galguduud','GA',1),(2949,192,'Gedo','GE',1),(2950,192,'Hiiraan','HI',1),(2951,192,'Jubbada Dhexe','JD',1),(2952,192,'Jubbada Hoose','JH',1),(2953,192,'Mudug','MU',1),(2954,192,'Nugaal','NU',1),(2955,192,'Sanaag','SA',1),(2956,192,'Shabeellaha Dhexe','SD',1),(2957,192,'Shabeellaha Hoose','SH',1),(2958,192,'Sool','SL',1),(2959,192,'Togdheer','TO',1),(2960,192,'Woqooyi Galbeed','WG',1),(2961,193,'Eastern Cape','EC',1),(2962,193,'Free State','FS',1),(2963,193,'Gauteng','GT',1),(2964,193,'KwaZulu-Natal','KN',1),(2965,193,'Limpopo','LP',1),(2966,193,'Mpumalanga','MP',1),(2967,193,'North West','NW',1),(2968,193,'Northern Cape','NC',1),(2969,193,'Western Cape','WC',1),(2970,195,'La Coru&ntilde;a','CA',1),(2971,195,'&Aacute;lava','AL',1),(2972,195,'Albacete','AB',1),(2973,195,'Alicante','AC',1),(2974,195,'Almeria','AM',1),(2975,195,'Asturias','AS',1),(2976,195,'&Aacute;vila','AV',1),(2977,195,'Badajoz','BJ',1),(2978,195,'Baleares','IB',1),(2979,195,'Barcelona','BA',1),(2980,195,'Burgos','BU',1),(2981,195,'C&aacute;ceres','CC',1),(2982,195,'C&aacute;diz','CZ',1),(2983,195,'Cantabria','CT',1),(2984,195,'Castell&oacute;n','CL',1),(2985,195,'Ceuta','CE',1),(2986,195,'Ciudad Real','CR',1),(2987,195,'C&oacute;rdoba','CD',1),(2988,195,'Cuenca','CU',1),(2989,195,'Girona','GI',1),(2990,195,'Granada','GD',1),(2991,195,'Guadalajara','GJ',1),(2992,195,'Guip&uacute;zcoa','GP',1),(2993,195,'Huelva','HL',1),(2994,195,'Huesca','HS',1),(2995,195,'Ja&eacute;n','JN',1),(2996,195,'La Rioja','RJ',1),(2997,195,'Las Palmas','PM',1),(2998,195,'Leon','LE',1),(2999,195,'Lleida','LL',1),(3000,195,'Lugo','LG',1),(3001,195,'Madrid','MD',1),(3002,195,'Malaga','MA',1),(3003,195,'Melilla','ML',1),(3004,195,'Murcia','MU',1),(3005,195,'Navarra','NV',1),(3006,195,'Ourense','OU',1),(3007,195,'Palencia','PL',1),(3008,195,'Pontevedra','PO',1),(3009,195,'Salamanca','SL',1),(3010,195,'Santa Cruz de Tenerife','SC',1),(3011,195,'Segovia','SG',1),(3012,195,'Sevilla','SV',1),(3013,195,'Soria','SO',1),(3014,195,'Tarragona','TA',1),(3015,195,'Teruel','TE',1),(3016,195,'Toledo','TO',1),(3017,195,'Valencia','VC',1),(3018,195,'Valladolid','VD',1),(3019,195,'Vizcaya','VZ',1),(3020,195,'Zamora','ZM',1),(3021,195,'Zaragoza','ZR',1),(3022,196,'Central','CE',1),(3023,196,'Eastern','EA',1),(3024,196,'North Central','NC',1),(3025,196,'Northern','NO',1),(3026,196,'North Western','NW',1),(3027,196,'Sabaragamuwa','SA',1),(3028,196,'Southern','SO',1),(3029,196,'Uva','UV',1),(3030,196,'Western','WE',1),(3031,197,'Ascension','A',1),(3032,197,'Saint Helena','S',1),(3033,197,'Tristan da Cunha','T',1),(3034,199,'A\'ali an Nil','ANL',1),(3035,199,'Al Bahr al Ahmar','BAM',1),(3036,199,'Al Buhayrat','BRT',1),(3037,199,'Al Jazirah','JZR',1),(3038,199,'Al Khartum','KRT',1),(3039,199,'Al Qadarif','QDR',1),(3040,199,'Al Wahdah','WDH',1),(3041,199,'An Nil al Abyad','ANB',1),(3042,199,'An Nil al Azraq','ANZ',1),(3043,199,'Ash Shamaliyah','ASH',1),(3044,199,'Bahr al Jabal','BJA',1),(3045,199,'Gharb al Istiwa\'iyah','GIS',1),(3046,199,'Gharb Bahr al Ghazal','GBG',1),(3047,199,'Gharb Darfur','GDA',1),(3048,199,'Gharb Kurdufan','GKU',1),(3049,199,'Janub Darfur','JDA',1),(3050,199,'Janub Kurdufan','JKU',1),(3051,199,'Junqali','JQL',1),(3052,199,'Kassala','KSL',1),(3053,199,'Nahr an Nil','NNL',1),(3054,199,'Shamal Bahr al Ghazal','SBG',1),(3055,199,'Shamal Darfur','SDA',1),(3056,199,'Shamal Kurdufan','SKU',1),(3057,199,'Sharq al Istiwa\'iyah','SIS',1),(3058,199,'Sinnar','SNR',1),(3059,199,'Warab','WRB',1),(3060,200,'Brokopondo','BR',1),(3061,200,'Commewijne','CM',1),(3062,200,'Coronie','CR',1),(3063,200,'Marowijne','MA',1),(3064,200,'Nickerie','NI',1),(3065,200,'Para','PA',1),(3066,200,'Paramaribo','PM',1),(3067,200,'Saramacca','SA',1),(3068,200,'Sipaliwini','SI',1),(3069,200,'Wanica','WA',1),(3070,202,'Hhohho','H',1),(3071,202,'Lubombo','L',1),(3072,202,'Manzini','M',1),(3073,202,'Shishelweni','S',1),(3074,203,'Blekinge','K',1),(3075,203,'Dalarna','W',1),(3076,203,'G&auml;vleborg','X',1),(3077,203,'Gotland','I',1),(3078,203,'Halland','N',1),(3079,203,'J&auml;mtland','Z',1),(3080,203,'J&ouml;nk&ouml;ping','F',1),(3081,203,'Kalmar','H',1),(3082,203,'Kronoberg','G',1),(3083,203,'Norrbotten','BD',1),(3084,203,'&Ouml;rebro','T',1),(3085,203,'&Ouml;sterg&ouml;tland','E',1),(3086,203,'Sk&aring;ne','M',1),(3087,203,'S&ouml;dermanland','D',1),(3088,203,'Stockholm','AB',1),(3089,203,'Uppsala','C',1),(3090,203,'V&auml;rmland','S',1),(3091,203,'V&auml;sterbotten','AC',1),(3092,203,'V&auml;sternorrland','Y',1),(3093,203,'V&auml;stmanland','U',1),(3094,203,'V&auml;stra G&ouml;taland','O',1),(3095,204,'Aargau','AG',1),(3096,204,'Appenzell Ausserrhoden','AR',1),(3097,204,'Appenzell Innerrhoden','AI',1),(3098,204,'Basel-Stadt','BS',1),(3099,204,'Basel-Landschaft','BL',1),(3100,204,'Bern','BE',1),(3101,204,'Fribourg','FR',1),(3102,204,'Gen&egrave;ve','GE',1),(3103,204,'Glarus','GL',1),(3104,204,'Graub&uuml;nden','GR',1),(3105,204,'Jura','JU',1),(3106,204,'Luzern','LU',1),(3107,204,'Neuch&acirc;tel','NE',1),(3108,204,'Nidwald','NW',1),(3109,204,'Obwald','OW',1),(3110,204,'St. Gallen','SG',1),(3111,204,'Schaffhausen','SH',1),(3112,204,'Schwyz','SZ',1),(3113,204,'Solothurn','SO',1),(3114,204,'Thurgau','TG',1),(3115,204,'Ticino','TI',1),(3116,204,'Uri','UR',1),(3117,204,'Valais','VS',1),(3118,204,'Vaud','VD',1),(3119,204,'Zug','ZG',1),(3120,204,'Z&uuml;rich','ZH',1),(3121,205,'Al Hasakah','HA',1),(3122,205,'Al Ladhiqiyah','LA',1),(3123,205,'Al Qunaytirah','QU',1),(3124,205,'Ar Raqqah','RQ',1),(3125,205,'As Suwayda','SU',1),(3126,205,'Dara','DA',1),(3127,205,'Dayr az Zawr','DZ',1),(3128,205,'Dimashq','DI',1),(3129,205,'Halab','HL',1),(3130,205,'Hamah','HM',1),(3131,205,'Hims','HI',1),(3132,205,'Idlib','ID',1),(3133,205,'Rif Dimashq','RD',1),(3134,205,'Tartus','TA',1),(3135,206,'Chang-hua','CH',1),(3136,206,'Chia-i','CI',1),(3137,206,'Hsin-chu','HS',1),(3138,206,'Hua-lien','HL',1),(3139,206,'I-lan','IL',1),(3140,206,'Kao-hsiung county','KH',1),(3141,206,'Kin-men','KM',1),(3142,206,'Lien-chiang','LC',1),(3143,206,'Miao-li','ML',1),(3144,206,'Nan-t\'ou','NT',1),(3145,206,'P\'eng-hu','PH',1),(3146,206,'P\'ing-tung','PT',1),(3147,206,'T\'ai-chung','TG',1),(3148,206,'T\'ai-nan','TA',1),(3149,206,'T\'ai-pei county','TP',1),(3150,206,'T\'ai-tung','TT',1),(3151,206,'T\'ao-yuan','TY',1),(3152,206,'Yun-lin','YL',1),(3153,206,'Chia-i city','CC',1),(3154,206,'Chi-lung','CL',1),(3155,206,'Hsin-chu','HC',1),(3156,206,'T\'ai-chung','TH',1),(3157,206,'T\'ai-nan','TN',1),(3158,206,'Kao-hsiung city','KC',1),(3159,206,'T\'ai-pei city','TC',1),(3160,207,'Gorno-Badakhstan','GB',1),(3161,207,'Khatlon','KT',1),(3162,207,'Sughd','SU',1),(3163,208,'Arusha','AR',1),(3164,208,'Dar es Salaam','DS',1),(3165,208,'Dodoma','DO',1),(3166,208,'Iringa','IR',1),(3167,208,'Kagera','KA',1),(3168,208,'Kigoma','KI',1),(3169,208,'Kilimanjaro','KJ',1),(3170,208,'Lindi','LN',1),(3171,208,'Manyara','MY',1),(3172,208,'Mara','MR',1),(3173,208,'Mbeya','MB',1),(3174,208,'Morogoro','MO',1),(3175,208,'Mtwara','MT',1),(3176,208,'Mwanza','MW',1),(3177,208,'Pemba North','PN',1),(3178,208,'Pemba South','PS',1),(3179,208,'Pwani','PW',1),(3180,208,'Rukwa','RK',1),(3181,208,'Ruvuma','RV',1),(3182,208,'Shinyanga','SH',1),(3183,208,'Singida','SI',1),(3184,208,'Tabora','TB',1),(3185,208,'Tanga','TN',1),(3186,208,'Zanzibar Central/South','ZC',1),(3187,208,'Zanzibar North','ZN',1),(3188,208,'Zanzibar Urban/West','ZU',1),(3189,209,'Amnat Charoen','Amnat Charoen',1),(3190,209,'Ang Thong','Ang Thong',1),(3191,209,'Ayutthaya','Ayutthaya',1),(3192,209,'Bangkok','Bangkok',1),(3193,209,'Buriram','Buriram',1),(3194,209,'Chachoengsao','Chachoengsao',1),(3195,209,'Chai Nat','Chai Nat',1),(3196,209,'Chaiyaphum','Chaiyaphum',1),(3197,209,'Chanthaburi','Chanthaburi',1),(3198,209,'Chiang Mai','Chiang Mai',1),(3199,209,'Chiang Rai','Chiang Rai',1),(3200,209,'Chon Buri','Chon Buri',1),(3201,209,'Chumphon','Chumphon',1),(3202,209,'Kalasin','Kalasin',1),(3203,209,'Kamphaeng Phet','Kamphaeng Phet',1),(3204,209,'Kanchanaburi','Kanchanaburi',1),(3205,209,'Khon Kaen','Khon Kaen',1),(3206,209,'Krabi','Krabi',1),(3207,209,'Lampang','Lampang',1),(3208,209,'Lamphun','Lamphun',1),(3209,209,'Loei','Loei',1),(3210,209,'Lop Buri','Lop Buri',1),(3211,209,'Mae Hong Son','Mae Hong Son',1),(3212,209,'Maha Sarakham','Maha Sarakham',1),(3213,209,'Mukdahan','Mukdahan',1),(3214,209,'Nakhon Nayok','Nakhon Nayok',1),(3215,209,'Nakhon Pathom','Nakhon Pathom',1),(3216,209,'Nakhon Phanom','Nakhon Phanom',1),(3217,209,'Nakhon Ratchasima','Nakhon Ratchasima',1),(3218,209,'Nakhon Sawan','Nakhon Sawan',1),(3219,209,'Nakhon Si Thammarat','Nakhon Si Thammarat',1),(3220,209,'Nan','Nan',1),(3221,209,'Narathiwat','Narathiwat',1),(3222,209,'Nong Bua Lamphu','Nong Bua Lamphu',1),(3223,209,'Nong Khai','Nong Khai',1),(3224,209,'Nonthaburi','Nonthaburi',1),(3225,209,'Pathum Thani','Pathum Thani',1),(3226,209,'Pattani','Pattani',1),(3227,209,'Phangnga','Phangnga',1),(3228,209,'Phatthalung','Phatthalung',1),(3229,209,'Phayao','Phayao',1),(3230,209,'Phetchabun','Phetchabun',1),(3231,209,'Phetchaburi','Phetchaburi',1),(3232,209,'Phichit','Phichit',1),(3233,209,'Phitsanulok','Phitsanulok',1),(3234,209,'Phrae','Phrae',1),(3235,209,'Phuket','Phuket',1),(3236,209,'Prachin Buri','Prachin Buri',1),(3237,209,'Prachuap Khiri Khan','Prachuap Khiri Khan',1),(3238,209,'Ranong','Ranong',1),(3239,209,'Ratchaburi','Ratchaburi',1),(3240,209,'Rayong','Rayong',1),(3241,209,'Roi Et','Roi Et',1),(3242,209,'Sa Kaeo','Sa Kaeo',1),(3243,209,'Sakon Nakhon','Sakon Nakhon',1),(3244,209,'Samut Prakan','Samut Prakan',1),(3245,209,'Samut Sakhon','Samut Sakhon',1),(3246,209,'Samut Songkhram','Samut Songkhram',1),(3247,209,'Sara Buri','Sara Buri',1),(3248,209,'Satun','Satun',1),(3249,209,'Sing Buri','Sing Buri',1),(3250,209,'Sisaket','Sisaket',1),(3251,209,'Songkhla','Songkhla',1),(3252,209,'Sukhothai','Sukhothai',1),(3253,209,'Suphan Buri','Suphan Buri',1),(3254,209,'Surat Thani','Surat Thani',1),(3255,209,'Surin','Surin',1),(3256,209,'Tak','Tak',1),(3257,209,'Trang','Trang',1),(3258,209,'Trat','Trat',1),(3259,209,'Ubon Ratchathani','Ubon Ratchathani',1),(3260,209,'Udon Thani','Udon Thani',1),(3261,209,'Uthai Thani','Uthai Thani',1),(3262,209,'Uttaradit','Uttaradit',1),(3263,209,'Yala','Yala',1),(3264,209,'Yasothon','Yasothon',1),(3265,210,'Kara','K',1),(3266,210,'Plateaux','P',1),(3267,210,'Savanes','S',1),(3268,210,'Centrale','C',1),(3269,210,'Maritime','M',1),(3270,211,'Atafu','A',1),(3271,211,'Fakaofo','F',1),(3272,211,'Nukunonu','N',1),(3273,212,'Ha\'apai','H',1),(3274,212,'Tongatapu','T',1),(3275,212,'Vava\'u','V',1),(3276,213,'Couva/Tabaquite/Talparo','CT',1),(3277,213,'Diego Martin','DM',1),(3278,213,'Mayaro/Rio Claro','MR',1),(3279,213,'Penal/Debe','PD',1),(3280,213,'Princes Town','PT',1),(3281,213,'Sangre Grande','SG',1),(3282,213,'San Juan/Laventille','SL',1),(3283,213,'Siparia','SI',1),(3284,213,'Tunapuna/Piarco','TP',1),(3285,213,'Port of Spain','PS',1),(3286,213,'San Fernando','SF',1),(3287,213,'Arima','AR',1),(3288,213,'Point Fortin','PF',1),(3289,213,'Chaguanas','CH',1),(3290,213,'Tobago','TO',1),(3291,214,'Ariana','AR',1),(3292,214,'Beja','BJ',1),(3293,214,'Ben Arous','BA',1),(3294,214,'Bizerte','BI',1),(3295,214,'Gabes','GB',1),(3296,214,'Gafsa','GF',1),(3297,214,'Jendouba','JE',1),(3298,214,'Kairouan','KR',1),(3299,214,'Kasserine','KS',1),(3300,214,'Kebili','KB',1),(3301,214,'Kef','KF',1),(3302,214,'Mahdia','MH',1),(3303,214,'Manouba','MN',1),(3304,214,'Medenine','ME',1),(3305,214,'Monastir','MO',1),(3306,214,'Nabeul','NA',1),(3307,214,'Sfax','SF',1),(3308,214,'Sidi','SD',1),(3309,214,'Siliana','SL',1),(3310,214,'Sousse','SO',1),(3311,214,'Tataouine','TA',1),(3312,214,'Tozeur','TO',1),(3313,214,'Tunis','TU',1),(3314,214,'Zaghouan','ZA',1),(3315,215,'Adana','ADA',1),(3316,215,'Adıyaman','ADI',1),(3317,215,'Afyonkarahisar','AFY',1),(3318,215,'Ağrı','AGR',1),(3319,215,'Aksaray','AKS',1),(3320,215,'Amasya','AMA',1),(3321,215,'Ankara','ANK',1),(3322,215,'Antalya','ANT',1),(3323,215,'Ardahan','ARD',1),(3324,215,'Artvin','ART',1),(3325,215,'Aydın','AYI',1),(3326,215,'Balıkesir','BAL',1),(3327,215,'Bartın','BAR',1),(3328,215,'Batman','BAT',1),(3329,215,'Bayburt','BAY',1),(3330,215,'Bilecik','BIL',1),(3331,215,'Bingöl','BIN',1),(3332,215,'Bitlis','BIT',1),(3333,215,'Bolu','BOL',1),(3334,215,'Burdur','BRD',1),(3335,215,'Bursa','BRS',1),(3336,215,'Çanakkale','CKL',1),(3337,215,'Çankırı','CKR',1),(3338,215,'Çorum','COR',1),(3339,215,'Denizli','DEN',1),(3340,215,'Diyarbakir','DIY',1),(3341,215,'Düzce','DUZ',1),(3342,215,'Edirne','EDI',1),(3343,215,'Elazig','ELA',1),(3344,215,'Erzincan','EZC',1),(3345,215,'Erzurum','EZR',1),(3346,215,'Eskişehir','ESK',1),(3347,215,'Gaziantep','GAZ',1),(3348,215,'Giresun','GIR',1),(3349,215,'Gümüşhane','GMS',1),(3350,215,'Hakkari','HKR',1),(3351,215,'Hatay','HTY',1),(3352,215,'Iğdır','IGD',1),(3353,215,'Isparta','ISP',1),(3354,215,'İstanbul','IST',1),(3355,215,'İzmir','IZM',1),(3356,215,'Kahramanmaraş','KAH',1),(3357,215,'Karabük','KRB',1),(3358,215,'Karaman','KRM',1),(3359,215,'Kars','KRS',1),(3360,215,'Kastamonu','KAS',1),(3361,215,'Kayseri','KAY',1),(3362,215,'Kilis','KLS',1),(3363,215,'Kirikkale','KRK',1),(3364,215,'Kirklareli','KLR',1),(3365,215,'Kirsehir','KRH',1),(3366,215,'Kocaeli','KOC',1),(3367,215,'Konya','KON',1),(3368,215,'Kütahya','KUT',1),(3369,215,'Malatya','MAL',1),(3370,215,'Manisa','MAN',1),(3371,215,'Mardin','MAR',1),(3372,215,'Mersin','MER',1),(3373,215,'Muğla','MUG',1),(3374,215,'Muş','MUS',1),(3375,215,'Nevşehir','NEV',1),(3376,215,'Niğde','NIG',1),(3377,215,'Ordu','ORD',1),(3378,215,'Osmaniye','OSM',1),(3379,215,'Rize','RIZ',1),(3380,215,'Sakarya','SAK',1),(3381,215,'Samsun','SAM',1),(3382,215,'Şanlıurfa','SAN',1),(3383,215,'Siirt','SII',1),(3384,215,'Sinop','SIN',1),(3385,215,'Şırnak','SIR',1),(3386,215,'Sivas','SIV',1),(3387,215,'Tekirdağ','TEL',1),(3388,215,'Tokat','TOK',1),(3389,215,'Trabzon','TRA',1),(3390,215,'Tunceli','TUN',1),(3391,215,'Uşak','USK',1),(3392,215,'Van','VAN',1),(3393,215,'Yalova','YAL',1),(3394,215,'Yozgat','YOZ',1),(3395,215,'Zonguldak','ZON',1),(3396,216,'Ahal Welayaty','A',1),(3397,216,'Balkan Welayaty','B',1),(3398,216,'Dashhowuz Welayaty','D',1),(3399,216,'Lebap Welayaty','L',1),(3400,216,'Mary Welayaty','M',1),(3401,217,'Ambergris Cays','AC',1),(3402,217,'Dellis Cay','DC',1),(3403,217,'French Cay','FC',1),(3404,217,'Little Water Cay','LW',1),(3405,217,'Parrot Cay','RC',1),(3406,217,'Pine Cay','PN',1),(3407,217,'Salt Cay','SL',1),(3408,217,'Grand Turk','GT',1),(3409,217,'South Caicos','SC',1),(3410,217,'East Caicos','EC',1),(3411,217,'Middle Caicos','MC',1),(3412,217,'North Caicos','NC',1),(3413,217,'Providenciales','PR',1),(3414,217,'West Caicos','WC',1),(3415,218,'Nanumanga','NMG',1),(3416,218,'Niulakita','NLK',1),(3417,218,'Niutao','NTO',1),(3418,218,'Funafuti','FUN',1),(3419,218,'Nanumea','NME',1),(3420,218,'Nui','NUI',1),(3421,218,'Nukufetau','NFT',1),(3422,218,'Nukulaelae','NLL',1),(3423,218,'Vaitupu','VAI',1),(3424,219,'Kalangala','KAL',1),(3425,219,'Kampala','KMP',1),(3426,219,'Kayunga','KAY',1),(3427,219,'Kiboga','KIB',1),(3428,219,'Luwero','LUW',1),(3429,219,'Masaka','MAS',1),(3430,219,'Mpigi','MPI',1),(3431,219,'Mubende','MUB',1),(3432,219,'Mukono','MUK',1),(3433,219,'Nakasongola','NKS',1),(3434,219,'Rakai','RAK',1),(3435,219,'Sembabule','SEM',1),(3436,219,'Wakiso','WAK',1),(3437,219,'Bugiri','BUG',1),(3438,219,'Busia','BUS',1),(3439,219,'Iganga','IGA',1),(3440,219,'Jinja','JIN',1),(3441,219,'Kaberamaido','KAB',1),(3442,219,'Kamuli','KML',1),(3443,219,'Kapchorwa','KPC',1),(3444,219,'Katakwi','KTK',1),(3445,219,'Kumi','KUM',1),(3446,219,'Mayuge','MAY',1),(3447,219,'Mbale','MBA',1),(3448,219,'Pallisa','PAL',1),(3449,219,'Sironko','SIR',1),(3450,219,'Soroti','SOR',1),(3451,219,'Tororo','TOR',1),(3452,219,'Adjumani','ADJ',1),(3453,219,'Apac','APC',1),(3454,219,'Arua','ARU',1),(3455,219,'Gulu','GUL',1),(3456,219,'Kitgum','KIT',1),(3457,219,'Kotido','KOT',1),(3458,219,'Lira','LIR',1),(3459,219,'Moroto','MRT',1),(3460,219,'Moyo','MOY',1),(3461,219,'Nakapiripirit','NAK',1),(3462,219,'Nebbi','NEB',1),(3463,219,'Pader','PAD',1),(3464,219,'Yumbe','YUM',1),(3465,219,'Bundibugyo','BUN',1),(3466,219,'Bushenyi','BSH',1),(3467,219,'Hoima','HOI',1),(3468,219,'Kabale','KBL',1),(3469,219,'Kabarole','KAR',1),(3470,219,'Kamwenge','KAM',1),(3471,219,'Kanungu','KAN',1),(3472,219,'Kasese','KAS',1),(3473,219,'Kibaale','KBA',1),(3474,219,'Kisoro','KIS',1),(3475,219,'Kyenjojo','KYE',1),(3476,219,'Masindi','MSN',1),(3477,219,'Mbarara','MBR',1),(3478,219,'Ntungamo','NTU',1),(3479,219,'Rukungiri','RUK',1),(3480,220,'Cherkasy','CK',1),(3481,220,'Chernihiv','CH',1),(3482,220,'Chernivtsi','CV',1),(3483,220,'Crimea','CR',1),(3484,220,'Dnipropetrovs\'k','DN',1),(3485,220,'Donets\'k','DO',1),(3486,220,'Ivano-Frankivs\'k','IV',1),(3487,220,'Kharkiv Kherson','KL',1),(3488,220,'Khmel\'nyts\'kyy','KM',1),(3489,220,'Kirovohrad','KR',1),(3490,220,'Kiev','KV',1),(3491,220,'Kyyiv','KY',1),(3492,220,'Luhans\'k','LU',1),(3493,220,'L\'viv','LV',1),(3494,220,'Mykolayiv','MY',1),(3495,220,'Odesa','OD',1),(3496,220,'Poltava','PO',1),(3497,220,'Rivne','RI',1),(3498,220,'Sevastopol','SE',1),(3499,220,'Sumy','SU',1),(3500,220,'Ternopil\'','TE',1),(3501,220,'Vinnytsya','VI',1),(3502,220,'Volyn\'','VO',1),(3503,220,'Zakarpattya','ZK',1),(3504,220,'Zaporizhzhya','ZA',1),(3505,220,'Zhytomyr','ZH',1),(3506,221,'Abu Zaby','AZ',1),(3507,221,'\'Ajman','AJ',1),(3508,221,'Al Fujayrah','FU',1),(3509,221,'Ash Shariqah','SH',1),(3510,221,'Dubayy','DU',1),(3511,221,'R\'as al Khaymah','RK',1),(3512,221,'Umm al Qaywayn','UQ',1),(3513,222,'Aberdeen','ABN',1),(3514,222,'Aberdeenshire','ABNS',1),(3515,222,'Anglesey','ANG',1),(3516,222,'Angus','AGS',1),(3517,222,'Argyll and Bute','ARY',1),(3518,222,'Bedfordshire','BEDS',1),(3519,222,'Berkshire','BERKS',1),(3520,222,'Blaenau Gwent','BLA',1),(3521,222,'Bridgend','BRI',1),(3522,222,'Bristol','BSTL',1),(3523,222,'Buckinghamshire','BUCKS',1),(3524,222,'Caerphilly','CAE',1),(3525,222,'Cambridgeshire','CAMBS',1),(3526,222,'Cardiff','CDF',1),(3527,222,'Carmarthenshire','CARM',1),(3528,222,'Ceredigion','CDGN',1),(3529,222,'Cheshire','CHES',1),(3530,222,'Clackmannanshire','CLACK',1),(3531,222,'Conwy','CON',1),(3532,222,'Cornwall','CORN',1),(3533,222,'Denbighshire','DNBG',1),(3534,222,'Derbyshire','DERBY',1),(3535,222,'Devon','DVN',1),(3536,222,'Dorset','DOR',1),(3537,222,'Dumfries and Galloway','DGL',1),(3538,222,'Dundee','DUND',1),(3539,222,'Durham','DHM',1),(3540,222,'East Ayrshire','ARYE',1),(3541,222,'East Dunbartonshire','DUNBE',1),(3542,222,'East Lothian','LOTE',1),(3543,222,'East Renfrewshire','RENE',1),(3544,222,'East Riding of Yorkshire','ERYS',1),(3545,222,'East Sussex','SXE',1),(3546,222,'Edinburgh','EDIN',1),(3547,222,'Essex','ESX',1),(3548,222,'Falkirk','FALK',1),(3549,222,'Fife','FFE',1),(3550,222,'Flintshire','FLINT',1),(3551,222,'Glasgow','GLAS',1),(3552,222,'Gloucestershire','GLOS',1),(3553,222,'Greater London','LDN',1),(3554,222,'Greater Manchester','MCH',1),(3555,222,'Gwynedd','GDD',1),(3556,222,'Hampshire','HANTS',1),(3557,222,'Herefordshire','HWR',1),(3558,222,'Hertfordshire','HERTS',1),(3559,222,'Highlands','HLD',1),(3560,222,'Inverclyde','IVER',1),(3561,222,'Isle of Wight','IOW',1),(3562,222,'Kent','KNT',1),(3563,222,'Lancashire','LANCS',1),(3564,222,'Leicestershire','LEICS',1),(3565,222,'Lincolnshire','LINCS',1),(3566,222,'Merseyside','MSY',1),(3567,222,'Merthyr Tydfil','MERT',1),(3568,222,'Midlothian','MLOT',1),(3569,222,'Monmouthshire','MMOUTH',1),(3570,222,'Moray','MORAY',1),(3571,222,'Neath Port Talbot','NPRTAL',1),(3572,222,'Newport','NEWPT',1),(3573,222,'Norfolk','NOR',1),(3574,222,'North Ayrshire','ARYN',1),(3575,222,'North Lanarkshire','LANN',1),(3576,222,'North Yorkshire','YSN',1),(3577,222,'Northamptonshire','NHM',1),(3578,222,'Northumberland','NLD',1),(3579,222,'Nottinghamshire','NOT',1),(3580,222,'Orkney Islands','ORK',1),(3581,222,'Oxfordshire','OFE',1),(3582,222,'Pembrokeshire','PEM',1),(3583,222,'Perth and Kinross','PERTH',1),(3584,222,'Powys','PWS',1),(3585,222,'Renfrewshire','REN',1),(3586,222,'Rhondda Cynon Taff','RHON',1),(3587,222,'Rutland','RUT',1),(3588,222,'Scottish Borders','BOR',1),(3589,222,'Shetland Islands','SHET',1),(3590,222,'Shropshire','SPE',1),(3591,222,'Somerset','SOM',1),(3592,222,'South Ayrshire','ARYS',1),(3593,222,'South Lanarkshire','LANS',1),(3594,222,'South Yorkshire','YSS',1),(3595,222,'Staffordshire','SFD',1),(3596,222,'Stirling','STIR',1),(3597,222,'Suffolk','SFK',1),(3598,222,'Surrey','SRY',1),(3599,222,'Swansea','SWAN',1),(3600,222,'Torfaen','TORF',1),(3601,222,'Tyne and Wear','TWR',1),(3602,222,'Vale of Glamorgan','VGLAM',1),(3603,222,'Warwickshire','WARKS',1),(3604,222,'West Dunbartonshire','WDUN',1),(3605,222,'West Lothian','WLOT',1),(3606,222,'West Midlands','WMD',1),(3607,222,'West Sussex','SXW',1),(3608,222,'West Yorkshire','YSW',1),(3609,222,'Western Isles','WIL',1),(3610,222,'Wiltshire','WLT',1),(3611,222,'Worcestershire','WORCS',1),(3612,222,'Wrexham','WRX',1),(3613,223,'Alabama','AL',1),(3614,223,'Alaska','AK',1),(3615,223,'American Samoa','AS',1),(3616,223,'Arizona','AZ',1),(3617,223,'Arkansas','AR',1),(3618,223,'Armed Forces Africa','AF',1),(3619,223,'Armed Forces Americas','AA',1),(3620,223,'Armed Forces Canada','AC',1),(3621,223,'Armed Forces Europe','AE',1),(3622,223,'Armed Forces Middle East','AM',1),(3623,223,'Armed Forces Pacific','AP',1),(3624,223,'California','CA',1),(3625,223,'Colorado','CO',1),(3626,223,'Connecticut','CT',1),(3627,223,'Delaware','DE',1),(3628,223,'District of Columbia','DC',1),(3629,223,'Federated States Of Micronesia','FM',1),(3630,223,'Florida','FL',1),(3631,223,'Georgia','GA',1),(3632,223,'Guam','GU',1),(3633,223,'Hawaii','HI',1),(3634,223,'Idaho','ID',1),(3635,223,'Illinois','IL',1),(3636,223,'Indiana','IN',1),(3637,223,'Iowa','IA',1),(3638,223,'Kansas','KS',1),(3639,223,'Kentucky','KY',1),(3640,223,'Louisiana','LA',1),(3641,223,'Maine','ME',1),(3642,223,'Marshall Islands','MH',1),(3643,223,'Maryland','MD',1),(3644,223,'Massachusetts','MA',1),(3645,223,'Michigan','MI',1),(3646,223,'Minnesota','MN',1),(3647,223,'Mississippi','MS',1),(3648,223,'Missouri','MO',1),(3649,223,'Montana','MT',1),(3650,223,'Nebraska','NE',1),(3651,223,'Nevada','NV',1),(3652,223,'New Hampshire','NH',1),(3653,223,'New Jersey','NJ',1),(3654,223,'New Mexico','NM',1),(3655,223,'New York','NY',1),(3656,223,'North Carolina','NC',1),(3657,223,'North Dakota','ND',1),(3658,223,'Northern Mariana Islands','MP',1),(3659,223,'Ohio','OH',1),(3660,223,'Oklahoma','OK',1),(3661,223,'Oregon','OR',1),(3662,223,'Palau','PW',1),(3663,223,'Pennsylvania','PA',1),(3664,223,'Puerto Rico','PR',1),(3665,223,'Rhode Island','RI',1),(3666,223,'South Carolina','SC',1),(3667,223,'South Dakota','SD',1),(3668,223,'Tennessee','TN',1),(3669,223,'Texas','TX',1),(3670,223,'Utah','UT',1),(3671,223,'Vermont','VT',1),(3672,223,'Virgin Islands','VI',1),(3673,223,'Virginia','VA',1),(3674,223,'Washington','WA',1),(3675,223,'West Virginia','WV',1),(3676,223,'Wisconsin','WI',1),(3677,223,'Wyoming','WY',1),(3678,224,'Baker Island','BI',1),(3679,224,'Howland Island','HI',1),(3680,224,'Jarvis Island','JI',1),(3681,224,'Johnston Atoll','JA',1),(3682,224,'Kingman Reef','KR',1),(3683,224,'Midway Atoll','MA',1),(3684,224,'Navassa Island','NI',1),(3685,224,'Palmyra Atoll','PA',1),(3686,224,'Wake Island','WI',1),(3687,225,'Artigas','AR',1),(3688,225,'Canelones','CA',1),(3689,225,'Cerro Largo','CL',1),(3690,225,'Colonia','CO',1),(3691,225,'Durazno','DU',1),(3692,225,'Flores','FS',1),(3693,225,'Florida','FA',1),(3694,225,'Lavalleja','LA',1),(3695,225,'Maldonado','MA',1),(3696,225,'Montevideo','MO',1),(3697,225,'Paysandu','PA',1),(3698,225,'Rio Negro','RN',1),(3699,225,'Rivera','RV',1),(3700,225,'Rocha','RO',1),(3701,225,'Salto','SL',1),(3702,225,'San Jose','SJ',1),(3703,225,'Soriano','SO',1),(3704,225,'Tacuarembo','TA',1),(3705,225,'Treinta y Tres','TT',1),(3706,226,'Andijon','AN',1),(3707,226,'Buxoro','BU',1),(3708,226,'Farg\'ona','FA',1),(3709,226,'Jizzax','JI',1),(3710,226,'Namangan','NG',1),(3711,226,'Navoiy','NW',1),(3712,226,'Qashqadaryo','QA',1),(3713,226,'Qoraqalpog\'iston Republikasi','QR',1),(3714,226,'Samarqand','SA',1),(3715,226,'Sirdaryo','SI',1),(3716,226,'Surxondaryo','SU',1),(3717,226,'Toshkent City','TK',1),(3718,226,'Toshkent Region','TO',1),(3719,226,'Xorazm','XO',1),(3720,227,'Malampa','MA',1),(3721,227,'Penama','PE',1),(3722,227,'Sanma','SA',1),(3723,227,'Shefa','SH',1),(3724,227,'Tafea','TA',1),(3725,227,'Torba','TO',1),(3726,229,'Amazonas','AM',1),(3727,229,'Anzoategui','AN',1),(3728,229,'Apure','AP',1),(3729,229,'Aragua','AR',1),(3730,229,'Barinas','BA',1),(3731,229,'Bolivar','BO',1),(3732,229,'Carabobo','CA',1),(3733,229,'Cojedes','CO',1),(3734,229,'Delta Amacuro','DA',1),(3735,229,'Dependencias Federales','DF',1),(3736,229,'Distrito Federal','DI',1),(3737,229,'Falcon','FA',1),(3738,229,'Guarico','GU',1),(3739,229,'Lara','LA',1),(3740,229,'Merida','ME',1),(3741,229,'Miranda','MI',1),(3742,229,'Monagas','MO',1),(3743,229,'Nueva Esparta','NE',1),(3744,229,'Portuguesa','PO',1),(3745,229,'Sucre','SU',1),(3746,229,'Tachira','TA',1),(3747,229,'Trujillo','TR',1),(3748,229,'Vargas','VA',1),(3749,229,'Yaracuy','YA',1),(3750,229,'Zulia','ZU',1),(3751,230,'An Giang','AG',1),(3752,230,'Bac Giang','BG',1),(3753,230,'Bac Kan','BK',1),(3754,230,'Bac Lieu','BL',1),(3755,230,'Bac Ninh','BC',1),(3756,230,'Ba Ria-Vung Tau','BR',1),(3757,230,'Ben Tre','BN',1),(3758,230,'Binh Dinh','BH',1),(3759,230,'Binh Duong','BU',1),(3760,230,'Binh Phuoc','BP',1),(3761,230,'Binh Thuan','BT',1),(3762,230,'Ca Mau','CM',1),(3763,230,'Can Tho','CT',1),(3764,230,'Cao Bang','CB',1),(3765,230,'Dak Lak','DL',1),(3766,230,'Dak Nong','DG',1),(3767,230,'Da Nang','DN',1),(3768,230,'Dien Bien','DB',1),(3769,230,'Dong Nai','DI',1),(3770,230,'Dong Thap','DT',1),(3771,230,'Gia Lai','GL',1),(3772,230,'Ha Giang','HG',1),(3773,230,'Hai Duong','HD',1),(3774,230,'Hai Phong','HP',1),(3775,230,'Ha Nam','HM',1),(3776,230,'Ha Noi','HI',1),(3777,230,'Ha Tay','HT',1),(3778,230,'Ha Tinh','HH',1),(3779,230,'Hoa Binh','HB',1),(3780,230,'Ho Chi Minh City','HC',1),(3781,230,'Hau Giang','HU',1),(3782,230,'Hung Yen','HY',1),(3783,232,'Saint Croix','C',1),(3784,232,'Saint John','J',1),(3785,232,'Saint Thomas','T',1),(3786,233,'Alo','A',1),(3787,233,'Sigave','S',1),(3788,233,'Wallis','W',1),(3789,235,'Abyan','AB',1),(3790,235,'Adan','AD',1),(3791,235,'Amran','AM',1),(3792,235,'Al Bayda','BA',1),(3793,235,'Ad Dali','DA',1),(3794,235,'Dhamar','DH',1),(3795,235,'Hadramawt','HD',1),(3796,235,'Hajjah','HJ',1),(3797,235,'Al Hudaydah','HU',1),(3798,235,'Ibb','IB',1),(3799,235,'Al Jawf','JA',1),(3800,235,'Lahij','LA',1),(3801,235,'Ma\'rib','MA',1),(3802,235,'Al Mahrah','MR',1),(3803,235,'Al Mahwit','MW',1),(3804,235,'Sa\'dah','SD',1),(3805,235,'San\'a','SN',1),(3806,235,'Shabwah','SH',1),(3807,235,'Ta\'izz','TA',1),(3808,236,'Kosovo','KOS',1),(3809,236,'Montenegro','MON',1),(3810,236,'Serbia','SER',1),(3811,236,'Vojvodina','VOJ',1),(3812,237,'Bas-Congo','BC',1),(3813,237,'Bandundu','BN',1),(3814,237,'Equateur','EQ',1),(3815,237,'Katanga','KA',1),(3816,237,'Kasai-Oriental','KE',1),(3817,237,'Kinshasa','KN',1),(3818,237,'Kasai-Occidental','KW',1),(3819,237,'Maniema','MA',1),(3820,237,'Nord-Kivu','NK',1),(3821,237,'Orientale','OR',1),(3822,237,'Sud-Kivu','SK',1),(3823,238,'Central','CE',1),(3824,238,'Copperbelt','CB',1),(3825,238,'Eastern','EA',1),(3826,238,'Luapula','LP',1),(3827,238,'Lusaka','LK',1),(3828,238,'Northern','NO',1),(3829,238,'North-Western','NW',1),(3830,238,'Southern','SO',1),(3831,238,'Western','WE',1),(3832,239,'Bulawayo','BU',1),(3833,239,'Harare','HA',1),(3834,239,'Manicaland','ML',1),(3835,239,'Mashonaland Central','MC',1),(3836,239,'Mashonaland East','ME',1),(3837,239,'Mashonaland West','MW',1),(3838,239,'Masvingo','MV',1),(3839,239,'Matabeleland North','MN',1),(3840,239,'Matabeleland South','MS',1),(3841,239,'Midlands','MD',1),(3861,105,'Campobasso','CB',1),(3862,105,'Carbonia-Iglesias','CI',1),(3863,105,'Caserta','CE',1),(3864,105,'Catania','CT',1),(3865,105,'Catanzaro','CZ',1),(3866,105,'Chieti','CH',1),(3867,105,'Como','CO',1),(3868,105,'Cosenza','CS',1),(3869,105,'Cremona','CR',1),(3870,105,'Crotone','KR',1),(3871,105,'Cuneo','CN',1),(3872,105,'Enna','EN',1),(3873,105,'Ferrara','FE',1),(3874,105,'Firenze','FI',1),(3875,105,'Foggia','FG',1),(3876,105,'Forli-Cesena','FC',1),(3877,105,'Frosinone','FR',1),(3878,105,'Genova','GE',1),(3879,105,'Gorizia','GO',1),(3880,105,'Grosseto','GR',1),(3881,105,'Imperia','IM',1),(3882,105,'Isernia','IS',1),(3883,105,'L&#39;Aquila','AQ',1),(3884,105,'La Spezia','SP',1),(3885,105,'Latina','LT',1),(3886,105,'Lecce','LE',1),(3887,105,'Lecco','LC',1),(3888,105,'Livorno','LI',1),(3889,105,'Lodi','LO',1),(3890,105,'Lucca','LU',1),(3891,105,'Macerata','MC',1),(3892,105,'Mantova','MN',1),(3893,105,'Massa-Carrara','MS',1),(3894,105,'Matera','MT',1),(3895,105,'Medio Campidano','VS',1),(3896,105,'Messina','ME',1),(3897,105,'Milano','MI',1),(3898,105,'Modena','MO',1),(3899,105,'Napoli','NA',1),(3900,105,'Novara','NO',1),(3901,105,'Nuoro','NU',1),(3902,105,'Ogliastra','OG',1),(3903,105,'Olbia-Tempio','OT',1),(3904,105,'Oristano','OR',1),(3905,105,'Padova','PD',1),(3906,105,'Palermo','PA',1),(3907,105,'Parma','PR',1),(3908,105,'Pavia','PV',1),(3909,105,'Perugia','PG',1),(3910,105,'Pesaro e Urbino','PU',1),(3911,105,'Pescara','PE',1),(3912,105,'Piacenza','PC',1),(3913,105,'Pisa','PI',1),(3914,105,'Pistoia','PT',1),(3915,105,'Pordenone','PN',1),(3916,105,'Potenza','PZ',1),(3917,105,'Prato','PO',1),(3918,105,'Ragusa','RG',1),(3919,105,'Ravenna','RA',1),(3920,105,'Reggio Calabria','RC',1),(3921,105,'Reggio Emilia','RE',1),(3922,105,'Rieti','RI',1),(3923,105,'Rimini','RN',1),(3924,105,'Roma','RM',1),(3925,105,'Rovigo','RO',1),(3926,105,'Salerno','SA',1),(3927,105,'Sassari','SS',1),(3928,105,'Savona','SV',1),(3929,105,'Siena','SI',1),(3930,105,'Siracusa','SR',1),(3931,105,'Sondrio','SO',1),(3932,105,'Taranto','TA',1),(3933,105,'Teramo','TE',1),(3934,105,'Terni','TR',1),(3935,105,'Torino','TO',1),(3936,105,'Trapani','TP',1),(3937,105,'Trento','TN',1),(3938,105,'Treviso','TV',1),(3939,105,'Trieste','TS',1),(3940,105,'Udine','UD',1),(3941,105,'Varese','VA',1),(3942,105,'Venezia','VE',1),(3943,105,'Verbano-Cusio-Ossola','VB',1),(3944,105,'Vercelli','VC',1),(3945,105,'Verona','VR',1),(3946,105,'Vibo Valentia','VV',1),(3947,105,'Vicenza','VI',1),(3948,105,'Viterbo','VT',1),(3949,222,'County Antrim','ANT',1),(3950,222,'County Armagh','ARM',1),(3951,222,'County Down','DOW',1),(3952,222,'County Fermanagh','FER',1),(3953,222,'County Londonderry','LDY',1),(3954,222,'County Tyrone','TYR',1),(3955,222,'Cumbria','CMA',1),(3956,190,'Pomurska','1',1),(3957,190,'Podravska','2',1),(3958,190,'Koroška','3',1),(3959,190,'Savinjska','4',1),(3960,190,'Zasavska','5',1),(3961,190,'Spodnjeposavska','6',1),(3962,190,'Jugovzhodna Slovenija','7',1),(3963,190,'Osrednjeslovenska','8',1),(3964,190,'Gorenjska','9',1),(3965,190,'Notranjsko-kraška','10',1),(3966,190,'Goriška','11',1),(3967,190,'Obalno-kraška','12',1),(3968,33,'Ruse','',1),(3969,101,'Alborz','ALB',1);
/*!40000 ALTER TABLE `zone` ENABLE KEYS */;
UNLOCK TABLES;

--
-- Table structure for table `zone_to_geo_zone`
--

DROP TABLE IF EXISTS `zone_to_geo_zone`;
/*!40101 SET @saved_cs_client     = @@character_set_client */;
/*!40101 SET character_set_client = utf8 */;
CREATE TABLE `zone_to_geo_zone` (
  `zone_to_geo_zone_id` int(11) NOT NULL AUTO_INCREMENT,
  `country_id` int(11) NOT NULL,
  `zone_id` int(11) NOT NULL DEFAULT '0',
  `geo_zone_id` int(11) NOT NULL,
  `date_added` datetime NOT NULL DEFAULT '0000-00-00 00:00:00',
  `date_modified` datetime NOT NULL DEFAULT '0000-00-00 00:00:00',
  PRIMARY KEY (`zone_to_geo_zone_id`)
) ENGINE=MyISAM AUTO_INCREMENT=66 DEFAULT CHARSET=utf8 COLLATE=utf8_bin;
/*!40101 SET character_set_client = @saved_cs_client */;

--
-- Dumping data for table `zone_to_geo_zone`
--

LOCK TABLES `zone_to_geo_zone` WRITE;
/*!40000 ALTER TABLE `zone_to_geo_zone` DISABLE KEYS */;
INSERT INTO `zone_to_geo_zone` VALUES (57,222,0,3,'2010-02-26 22:33:24','0000-00-00 00:00:00'),(65,222,0,4,'2010-12-15 15:18:13','0000-00-00 00:00:00');
/*!40000 ALTER TABLE `zone_to_geo_zone` ENABLE KEYS */;
UNLOCK TABLES;

--
-- Dumping routines for database 'boundless-cart'
--
/*!40103 SET TIME_ZONE=@OLD_TIME_ZONE */;

/*!40101 SET SQL_MODE=@OLD_SQL_MODE */;
/*!40014 SET FOREIGN_KEY_CHECKS=@OLD_FOREIGN_KEY_CHECKS */;
/*!40014 SET UNIQUE_CHECKS=@OLD_UNIQUE_CHECKS */;
/*!40101 SET CHARACTER_SET_CLIENT=@OLD_CHARACTER_SET_CLIENT */;
/*!40101 SET CHARACTER_SET_RESULTS=@OLD_CHARACTER_SET_RESULTS */;
/*!40101 SET COLLATION_CONNECTION=@OLD_COLLATION_CONNECTION */;
/*!40111 SET SQL_NOTES=@OLD_SQL_NOTES */;

-- Dump completed on 2013-03-11  9:31:00
